<?xml version="1.0" encoding="UTF-8"?> 
<?xml-model href="http://www.stoa.org/epidoc/schema/latest/tei-epidoc.rng" schematypens="http://relaxng.org/ns/structure/1.0"?>
<TEI xmlns="http://www.tei-c.org/ns/1.0">
	<teiHeader>
		<fileDesc>
			<titleStmt>
				<title>2Anfobo</title>
				<author>Demosthenes</author>
				<editor>W. Rennie</editor>
				<sponsor>Perseus Project, Tufts University</sponsor>
				<principal>Gregory Crane</principal>
				<respStmt>
					<resp>Prepared under the supervision of</resp>
					<name>Lisa Cerrato</name>
					<name>William Merrill</name>
					<name>Elli Mylonas</name>
					<name>David Smith</name>
				</respStmt>
				<funder n="org:AnnCPB">The Annenberg CPB/Project</funder>
			</titleStmt>
			<publicationStmt>
				<publisher>Trustees of Tufts University</publisher>
				<pubPlace>Medford, MA</pubPlace>
				<authority>Perseus Project</authority>
				<date type="release">1996</date>
			</publicationStmt>
			<notesStmt>
				<note>Perseus 2.0</note>
			</notesStmt>
			<sourceDesc>
				<biblStruct>
					<monogr>
						<author>Demosthenes</author>
						<title>Demosthenis. Orationes. Vol. II, Part 2. ed W. Rennie</title>
						<imprint>
							<publisher>Clarendon Press, Oxford</publisher>
							<date>1921</date>
						</imprint>
					</monogr>
					<ref target="https://archive.org/details/p2orationesrecog02demouoft">Internet
						Archive</ref>
				</biblStruct>
			</sourceDesc>
		</fileDesc>
		<encodingDesc>
			<refsDecl n="CTS">
				<cRefPattern n="section"
					matchPattern="(\w+)"
					replacementPattern="#xpath(/tei:TEI/tei:text/tei:body/tei:div/tei:div[@n='$1'])">
					<p>This pointer pattern extracts section</p>
				</cRefPattern>
			</refsDecl>
			<refsDecl>
				<refState unit="section" />
			</refsDecl>
			<editorialDecl>
				<quotation marks="none" />
			</editorialDecl>
		</encodingDesc>
		<profileDesc>
			<langUsage>
				<language ident="grc">Greek</language>
				<language ident="eng">English</language>
			</langUsage>
		</profileDesc>
		<revisionDesc>
			<change when="2018-10-22" who="Lisa Cerrato">CTS and EpiDoc conversion</change>
			<change when="2014-08-01" who="Stella Dee">edited markup</change>
			<change when="2014-07-01" who="Stella Dee">split composite text and converted to unicode</change>
			<change when="1992-06-02" who="David Smith">fixed typos, esp. in 27.61 e)poih/san to
				e)poi/hsan</change>
		</revisionDesc>
	</teiHeader>

	<text xml:lang="grc">
		<body>
			<div type="edition" n="urn:cts:greekLit:tlg0014.tlg028.perseus-grc2" xml:lang="grc">

				<div type="textpart" subtype="section" n="1">
					<p rend="indent">πολλὰ καὶ μεγάλʼ ἐψευσμένου πρὸς ὑμᾶς Ἀφόβου, τοῦτʼ αὐτὸν
						ἐλέγξαι πειράσομαι πρῶτον, ἐφʼ ᾧ μάλιστʼ ἠγανάκτησα τῶν ῥηθέντων. εἶπεν γὰρ
						ὡς ὁ πάππος ὤφειλε τῷ δημοσίῳ, καὶ διὰ ταῦθʼ ὁ πατὴρ οὐκ ἐβούλετο μισθωθῆναι
						τὸν οἶκον, ἵνα μὴ κινδυνεύσῃ. καὶ τὴν μὲν πρόφασιν ποιεῖται ταύτην, ὡς δʼ
						ὀφείλων ἐτελεύτησεν ἐκεῖνος, οὐδεμίαν παρέσχετο μαρτυρίαν· ἀλλʼ ὡς μὲν
						ὦφλεν, ἐνεβάλετο τηρήσας τὴν τελευταίαν ἡμέραν, ταύτην δʼ εἰς τὸν ὕστερον
						λόγον ὑπελίπετο, ὡς διαβαλεῖν τὸ πρᾶγμʼ ἐξ αὐτῆς δυνησόμενος. </p>
				</div>
				<div type="textpart" subtype="section" n="2">
					<p>ἐὰν οὖν ἀναγνῷ, προσέχετʼ αὐτῇ τὸν νοῦν· εὑρήσετε γὰρ οὐχ ὡς ὀφείλει
						μεμαρτυρημένην, ἀλλʼ ὡς ὦφλεν. τοῦτʼ οὖν ἐλέγξαι πειράσομαι πρῶτον, ἐφʼ ᾧ
						φρονεῖ μάλιστα· ὃ καὶ ἡμεῖς ἀμφισβητοῦμεν. εἰ μὲν οὖν τότʼ ἐξεγένετο καὶ μὴ
						τῷ χρόνῳ τοῦτʼ ἐνηδρεύθημεν, παρεσχόμεθʼ ἂν μάρτυρας ὡς ἐξετείσθη τὰ χρήματα
						καὶ πάντʼ αὐτῷ διελέλυτο τὰ πρὸς τὴν πόλιν· νῦν δὲ τεκμηρίοις μεγάλοις
						ἐπιδείξομεν ὡς οὔτʼ ὤφειλεν οὔτʼ ἦν κίνδυνος οὐδεὶς ἡμῖν φανερὰ κεκτημένοις
						τὰ ὄντα. </p>
				</div>
				<div type="textpart" subtype="section" n="3">
					<p>πρῶτον μὲν γὰρ Δημοχάρης, ἔχων ἀδελφὴν τῆς ἐμῆς μητρός, θυγατέρα δὲ Γύλωνος,
						οὐκ ἀποκέκρυπται τὴν οὐσίαν, ἀλλὰ χορηγεῖ καὶ τριηραρχεῖ καὶ τὰς ἄλλας
						λῃτουργίας λῃτουργεῖ καὶ οὐδὲν τῶν τοιούτων δέδοικεν. ἔπειτʼ αὐτὸς ὁ πατὴρ
						τήν τʼ ἄλλην οὐσίαν καὶ τέτταρα τάλαντα καὶ τρισχιλίας φανερὰς ἐποίησεν, ἃς
						οὗτοι γραφῆναί τʼ ἐν ταῖς διαθήκαις καὶ λαβεῖν σφᾶς αὐτοὺς κατʼ ἀλλήλων
						καταμαρτυροῦσιν. </p>
				</div>
				<div type="textpart" subtype="section" n="4">
					<p>ἔτι δὲ καὶ αὐτὸς Ἄφοβος μετὰ τῶν συνεπιτρόπων τῇ πόλει τὸ πλῆθος τῶν
						καταλειφθέντων χρημάτων ἐμφανὲς ἐποίησεν, ἡγεμόνα με τῆς συμμορίας
						καταστήσας οὐκ ἐπὶ μικροῖς τιμήμασιν, ἀλλʼ ἐπὶ τηλικούτοις ὥστε κατὰ τὰς
						πέντε καὶ εἴκοσι μνᾶς πεντακοσίας εἰσφέρειν. καίτοι εἴ τι τούτων ἦν ἀληθές,
						οὐδὲν ἂν αὐτῶν ἐποίησεν, ἀλλὰ πάντʼ ἂν ηὐλαβήθη. νῦν δὲ καὶ Δημοχάρης καὶ ὁ
						πατὴρ καὶ αὐτοὶ οὗτοι φαίνονται φανερὰ ποιοῦντες, καὶ οὐδένα τοιοῦτον
						κίνδυνον δεδιότες. </p>
				</div>
				<div type="textpart" subtype="section" n="5">
					<p rend="indent">πάντων δʼ ἀτοπώτατόν ἐστιν, λέγοντας ὡς ὁ πατὴρ οὐκ εἴα μισθοῦν
						τὸν οἶκον, τὴν μὲν διαθήκην μηδαμοῦ ταύτην ἀποφαίνειν, ἐξ ἧς ἦν εἰδέναι
						τἀκριβές, τηλικαύτην δʼ ἀνελόντας μαρτυρίαν οὕτως οἴεσθαι δεῖν εἰκῇ
						πιστεύεσθαι παρʼ ὑμῖν. ἀλλʼ ἐχρῆν, ἐπειδὴ τάχιστʼ ἐτελεύτησεν ὁ πατήρ,
						εἰσκαλέσαντας μάρτυρας πολλοὺς παρασημήνασθαι κελεῦσαι τὰς διαθήκας, ἵνʼ εἴ
						τι ἐγίγνετʼ ἀμφισβητήσιμον, ἦν εἰς τὰ γράμματα ταῦτʼ ἐπανελθεῖν καὶ τὴν
						ἀλήθειαν πάντων εὑρεῖν. </p>
				</div>
				<div type="textpart" subtype="section" n="6">
					<p>νῦν δʼ ἕτερα μὲν παρασημήνασθαι ἠξίωσαν, ἐν οἷς πολλὰ τῶν καταλειπομένων οὐκ
						ἐγέγραπτο, ὑπομνήματα δʼ ἦν· αὐτὴν δὲ τὴν διαθήκην, διʼ ἧς τούτων ὧν
						ἐσημήναντο γραμμάτων καὶ τῶν ἄλλων ἁπάντων χρημάτων ἐγίγνοντο κύριοι, καὶ
						τοῦ μὴ μισθοῦν τὸν οἶκον τῆς αἰτίας ἀπελέλυντο, ταύτην δʼ οὐκ ἐσημήναντο,
						οὐδʼ αὐτὴν ἀπέδοσαν. ἄξιόν γε πιστεύειν αὐτοῖς ὅ τι ἂν περὶ τούτων λέγωσιν. </p>
				</div>
				<div type="textpart" subtype="section" n="7">
					<p rend="indent">ἀλλʼ ἐγὼ οὐκ οἶδʼ ὅ τι τοῦτʼ ἔστιν. οὐκ εἴα μισθοῦν τὸν οἶκον
						οὐδʼ ἐμφανῆ τὰ χρήματα ποιεῖν ὁ πατήρ. πότερον ἐμοί; ἢ τῇ πόλει; φαίνεσθε
						γὰρ τοὐναντίον ἐκείνῃ μὲν φανερὰ ποιήσαντες, ἐμοὶ δὲ παντάπασιν ἀφανῆ
						πεποιηκότες, καὶ οὐδὲ ταῦτʼ ἀποφαίνοντες ἐξ ὧν τιμησάμενοι τὰς εἰσφορὰς
						εἰσεφέρετε. δείξατε γὰρ ταύτην τὴν οὐσίαν, τίς ἦν καὶ ποῦ παρέδοτέ μοι καὶ
						τίνος ἐναντίον. </p>
				</div>
				<div type="textpart" subtype="section" n="8">
					<p>τὰ μὲν γὰρ δύο τάλαντα καὶ τὰς ὀγδοήκοντα μνᾶς ἀπὸ τῶν τεττάρων ταλάντων καὶ
						τρισχιλίων ἐλάβετε, ὥστʼ οὐδὲ ταύτας ὑπὲρ ἐμοῦ εἰς τὸ δημόσιον ἐτιμήσασθε·
						ὑμέτεραι γὰρ ἦσαν ἐν ἐκείνοις τοῖς χρόνοις. ἀλλὰ μὴν ἔκ γε τῆς οἰκίας καὶ
						τῶν τεττάρων καὶ δέκʼ ἀνδραπόδων καὶ τῶν τριάκοντα μνῶν, ἅ μοι παρεδώκατε,
						τὴν εἰσφορὰν οὐχ οἷόν τε γενέσθαι τοσαύτην ὅσην ὑμεῖς συνετάξασθε πρὸς τὴν
						συμμορίαν. </p>
				</div>
				<div type="textpart" subtype="section" n="9">
					<p>ἀλλʼ ἀνάγκη μεγάλη τὰ καταλειφθέντα, πολλῷ πλείονʼ ὄντα τούτων, πάνθʼ ὑμᾶς
						ἔχειν ἐστίν, ἃ φανερῶς ὅτι διηρπάκατʼ ἐξελεγχόμενοι τοιαῦτα πλάττεσθαι
						τολμᾶτε. καὶ τοτὲ μὲν εἰς ἀλλήλους ἀναφέρετε, πάλιν δʼ εἰληφέναι κατʼ
						ἀλλήλων μαρτυρεῖτε. φάσκοντες δʼ οὐ πολλὰ λαβεῖν μεγάλων ἀναλωμάτων λόγους
						ἀπενηνόχατε. </p>
				</div>
				<div type="textpart" subtype="section" n="10">
					<p>πάντες δὲ κοινῇ μʼ ἐπιτροπεύσαντες ἰδίᾳ μετὰ ταῦθʼ ἕκαστος μηχανᾶσθε. καὶ τὴν
						μὲν διαθήκην ἠφανίκατε, ἐξ ἧς ἦν εἰδέναι περὶ πάντων τὴν ἀλήθειαν, φαίνεσθε
						δʼ οὐδέποτε ταὐτὰ περὶ ἀλλήλων λέγοντες.</p>
					<p rend="indent">λαβὲ δὴ τὰς μαρτυρίας καὶ ἀνάγνωθʼ αὐτοῖς πάσας ἐφεξῆς, ἵνα
						μνησθέντες καὶ τῶν μεμαρτυρημένων καὶ τῶν εἰρημένων ἀκριβέστερον
						διαγιγνώσκωσι περὶ αὐτῶν.</p>
					<p rend="center">
						<label>ΜΑΡΤΥΡIΑΙ.</label>
					</p>
				</div>
				<div type="textpart" subtype="section" n="11">
					<p rend="indent">ταῦθʼ οὗτοι πρὸς πεντεκαιδεκαταλάντους οἴκους συνετιμήσανθʼ
						ὑπὲρ ἐμοῦ· μνῶν δʼ οὐδʼ ἑβδομήκοντʼ ἀξίαν μοι παραδεδώκασι τὴν οὐσίαν τρεῖς
						ὄντες. λέγε τὰς ἐφεξῆς.</p>
					<p rend="center">
						<label>ΜΑΡΤΥΡΙΑΙ.</label>
					</p>
					<p rend="indent">ταύτην τὴν προῖκα οἵ τʼ ἐπίτροποι καταμαρτυροῦσιν αὐτὸν λαβεῖν,
						ἄλλοι τε πρὸς οὓς ἔχειν ὡμολόγησεν. ταύτην οὔτʼ αὐτὴν οὔτε τὸν σῖτον
						ἀποδέδωκεν. λαβὲ τὰς ἄλλας καὶ ἀναγίγνωσκε.</p>
					<p rend="center">
						<label>ΜΑΡΤΥΡΙΑΙ.</label>
					</p>
				</div>
				<div type="textpart" subtype="section" n="12">
					<p rend="indent">δύʼ ἔτη τὸ ἐργαστήριον διοικήσας Θηριππίδῃ μὲν ἀποδέδωκε τὴν
						μίσθωσιν· ἐμοὶ δέ, δυοῖν ἐτοῖν λαβὼν τὴν πρόσοδον, τριάκοντα μνᾶς, οὔτʼ
						αὐτὰς οὔτε τὸ ἔργον ἀποδέδωκεν. λάβʼ ἑτέραν καὶ ἀνάγνωθι.</p>
					<p rend="center">
						<label>ΜΑΡΤΥΡΙΑ.</label>
					</p>
					<p rend="indent">ταῦτα τἀνδράποδʼ ὡς αὑτὸν λαβὼν οὗτος, καὶ τἄλλα τὰ μετὰ τούτων
						ὑποτεθένθʼ ἡμῖν, ἀνάλωμα μὲν εἰς αὐτὰ τοσοῦτο λελόγισται, λῆμμα δʼ ἀπʼ αὐτῶν
						οὐδʼ ὁτιοῦν, καὶ αὐτοὺς δὲ τοὺς ἀνθρώπους ἠφάνικεν, οἳ δώδεκα μνᾶς ἀτελεῖς
						ἑκάστου τοῦ ἐνιαυτοῦ προσέφερον. λέγʼ ἑτέραν.</p>
					<p rend="center">
						<label>ΜΑΡΤΥΡΙΑ</label>
					</p>
				</div>
				<div type="textpart" subtype="section" n="13">
					<p rend="indent">τοῦτον τὸν ἐλέφαντα καὶ τὸν σίδηρον πεπρακὼς οὐδὲ καταλειφθῆναί
						φησιν, ἀλλὰ καὶ τούτων τὴν τιμὴν ἀποστερεῖ με, μάλιστα τάλαντον. λέγε
						ταυτασί.</p>
					<p rend="center">
						<label>ΜΑΡΤΥΡΙΑΙ.</label>
					</p>
					<p rend="indent">ταῦθʼ οὗτος τρία τάλαντα καὶ χιλίας ἔχει χωρὶς τῶν ἄλλων. τοῦ
						μὲν οὖν ἀρχαίου πέντε τάλανθʼ ἃ εἴληφεν· σὺν δὲ τοῖς ἔργοις, ἂν ἐπὶ δραχμῇ
						τις τιθῇ μόνον, πλέον ἢ δέκα τάλαντʼ ἔχει. λέγε τὰς ἐφεξῆς.</p>
					<p rend="center">
						<label>ΜΑΡΤΥΡΙΑΙ.</label>
					</p>
				</div>
				<div type="textpart" subtype="section" n="14">
					<p rend="indent">ταῦθʼ οὗτοι γραφῆναι μὲν ἐν ταῖς διαθήκαις καὶ λαβεῖν σφᾶς
						αὐτοὺς κατʼ ἀλλήλων μαρτυροῦσιν. οὗτος δὲ καὶ μεταπεμφθῆναι φάσκων ὑπὸ τοῦ
						πατρός, καὶ ἐλθὼν εἰς τὴν οἰκίαν, εἰσελθεῖν μὲν οὔ φησιν ὡς τὸν
						μεταπεμψάμενον, οὐδʼ ὁμολογῆσαι περὶ τούτων οὐδέν, Δημοφῶντος δʼ ἀκοῦσαι
						γραμματεῖον ἀναγιγνώσκοντος καὶ Θηριππίδου λέγοντος ὡς ἐκεῖνος ταῦτα
						διέθετο, καὶ προεισεληλυθὼς καὶ ἅπαντα διωμολογημένος πρὸς τὸν πατέρα,
						ὅσαπερ ἐκεῖνος γράψας κατέλιπεν. </p>
				</div>
				<div type="textpart" subtype="section" n="15">
					<p>ὁ γὰρ πατήρ, ὦ ἄνδρες δικασταί, ὡς ᾔσθετο τὴν νόσον οὐκ ἀποφευξόμενος,
						συγκαλέσας τούτους τρεῖς ὄντας, καὶ συμπαρακαθισάμενος Δήμωνα τὸν ἀδελφόν,
						τὰ σώμαθʼ ἡμῶν εἰς τὰς χεῖρας ἐνέθηκεν παρακαταθήκην ἐπονομάζων, τὴν μὲν
						ἀδελφὴν Δημοφῶντι καὶ δύο τάλαντα προῖκα διδοὺς εὐθύς, καὶ γυναῖκʼ αὐτῷ
						ταύτην ἐγγυῶν, ἐμὲ δὲ πᾶσιν κοινῇ μετὰ τῶν χρημάτων παρακατατιθέμενος, καὶ
						ἐπισκήπτων μισθῶσαί τε τὸν οἶκον καὶ συνδιασῷσαί μοι τὴν οὐσίαν, </p>
				</div>
				<div type="textpart" subtype="section" n="16">
					<p>διδοὺς ἅμα τε Θηριππίδῃ τὰς ἑβδομήκοντα μνᾶς, καὶ τούτῳ τήν τʼ ἐμὴν μητέρʼ
						ἐγγυῶν ἐπὶ ταῖς ὀγδοήκοντα μναῖς, κἄμʼ εἰς τὰ τούτου γόνατα τιθείς· ὧν οὗτος
						ὁ πάντων ἀνθρώπων ἀνοσιώτατος οὐδένα λόγον ἐποιήσατο, κύριος τῶν ἐμῶν
						γενόμενος ἐπὶ τούτοις, ἀλλὰ τὰ χρήματά με πάντʼ ἀπεστερηκὼς μετὰ τῶν
						συνεπιτρόπων, ἐλεεῖσθαι νῦν ὑφʼ ὑμῶν ἀξιώσει, μνῶν οὐδʼ ἑβδομήκοντʼ ἄξια
						τρίτος αὐτὸς ἀποδεδωκώς, εἶτα καὶ τούτοις αὐτοῖς πάλιν ἐπιβεβουλευκώς. </p>
				</div>
				<div type="textpart" subtype="section" n="17">
					<p>ὡς γὰρ τὰς δίκας ταύτας ἔμελλον εἰσιέναι κατʼ αὐτῶν, ἀντίδοσιν ἐπʼ ἐμὲ
						παρεσκεύασαν, ἵνʼ εἰ μὲν ἀντιδοίην, μὴ ἐξείη μοι πρὸς αὐτοὺς ἀντιδικεῖν, ὡς
						καὶ τῶν δικῶν τούτων τοῦ ἀντιδόντος γιγνομένων, εἰ δὲ μηδὲν τούτων ποιοίην,
						ἵνʼ ἐκ βραχείας οὐσίας λῃτουργῶν παντάπασιν ἀναιρεθείην. καὶ τοῦτʼ αὐτοῖς
						ὑπηρέτησε Θρασύλοχος ὁ Ἀναγυράσιος· ᾧ τούτων οὐδὲν ἐνθυμηθεὶς ἀντέδωκα μέν,
						ἀπέκλεισα δʼ ὡς διαδικασίας τευξόμενος· οὐ τυχὼν δὲ ταύτης, τῶν χρόνων
						ὑπογύων ὄντων, ἵνα μὴ στερηθῶ τῶν δικῶν, ἀπέτεισα τὴν λῃτουργίαν ὑποθεὶς τὴν
						οἰκίαν καὶ τἀμαυτοῦ πάντα, βουλόμενος εἰς ὑμᾶς εἰσελθεῖν τὰς πρὸς τουτουσὶ
						δίκας. </p>
				</div>
				<div type="textpart" subtype="section" n="18">
					<p rend="indent">ἆρʼ οὐ μεγάλα μὲν ἐξ ἀρχῆς ἠδίκημαι, μεγάλα δʼ, ὅτι δίκην ζητῶ
						λαβεῖν, νῦν ὑπʼ αὐτῶν βλάπτομαι; τίς δʼ οὐκ ἂν ὑμῶν τούτῳ μὲν φθονήσειε
						δικαίως, ἡμᾶς δʼ ἐλεήσειεν, ὁρῶν τῷ μὲν πρὸς τῇ οὐσίᾳ τῇ παραδοθείσῃ πλεῖν ἢ
						δέκα ταλάντων τὴν ἐμὴν τοσαύτην οὖσαν προσγεγενημένην, ἡμᾶς δὲ μὴ μόνον τῶν
						πατρῴων διημαρτηκότας, ἀλλὰ καὶ τῶν νῦν παραδοθέντων διὰ τὴν τούτων πονηρίαν
						ἀπεστερημένους; ποῖ δʼ ἂν τραποίμεθα, εἴ τι ἄλλο ψηφίσαισθʼ ὑμεῖς περὶ
						αὐτῶν; εἰς τὰ ὑποκείμενα τοῖς δανείσασιν; ἀλλὰ τῶν ὑποθεμένων ἐστίν. ἀλλʼ
						εἰς τὰ περιόντʼ αὐτῶν; ἀλλὰ τούτου γίγνεται, τὴν ἐπωβελίαν ἐὰν ὄφλωμεν. </p>
				</div>
				<div type="textpart" subtype="section" n="19">
					<p>μηδαμῶς, ὦ ἄνδρες δικασταί, γένησθʼ ἡμῖν τοσούτων αἴτιοι κακῶν· μηδὲ τὴν
						μητέρα κἀμὲ καὶ τὴν ἀδελφὴν ἀνάξια παθόντας περιίδητε, οὓς ὁ πατὴρ οὐκ ἐπὶ
						ταύταις ταῖς ἐλπίσιν κατέλιπεν, ἀλλὰ τὴν μὲν ὡς Δημοφῶντι συνοικήσουσαν ἐπὶ
						δυοῖν ταλάντοιν προικί, τὴν δʼ ἐπʼ ὀγδοήκοντα μναῖς τούτῳ τῷ σχετλιωτάτῳ
						πάντων ἀνθρώπων, ἐμὲ δʼ ὑμῖν διάδοχον ἀνθʼ αὑτοῦ τῶν λῃτουργιῶν ἐσόμενον. </p>
				</div>
				<div type="textpart" subtype="section" n="20">
					<p>βοηθήσατʼ οὖν ἡμῖν, βοηθήσατε, καὶ τοῦ δικαίου καὶ ὑμῶν αὐτῶν ἕνεκα καὶ ἡμῶν
						καὶ τοῦ πατρὸς τοῦ τετελευτηκότος. σῴσατε, ἐλεήσατε, ἐπειδή μʼ οὗτοι
						συγγενεῖς ὄντες οὐκ ἠλέησαν. εἰς ὑμᾶς καταπεφεύγαμεν. ἱκετεύω, ἀντιβολῶ πρὸς
						παίδων, πρὸς γυναικῶν, πρὸς τῶν ὄντων ἀγαθῶν ὑμῖν. οὕτως ὄναισθε τούτων, μὴ
						περιίδητέ με, μηδὲ ποιήσητε τὴν μητέρα καὶ τῶν ἐπιλοίπων ἐλπίδων εἰς τὸν
						βίον στερηθεῖσαν ἀνάξιον αὑτῆς τι παθεῖν· </p>
				</div>
				<div type="textpart" subtype="section" n="21">
					<p>ἣ νῦν μὲν οἴεται τυχόντα με τῶν δικαίων παρʼ ὑμῖν ὑποδέξεσθαι καὶ τὴν ἀδελφὴν
						ἐκδώσειν· εἰ δʼ ὑμεῖς ἄλλο τι γνώσεσθε, ὃ μὴ γένοιτο, τίνʼ οἴεσθʼ αὐτὴν
						ψυχὴν ἕξειν, ὅταν ἐμὲ μὲν ἴδῃ μὴ μόνον τῶν πατρῴων ἀπεστερημένον, ἀλλὰ καὶ
						πρὸς ἠτιμωμένον, περὶ δὲ τῆς ἀδελφῆς μηδʼ ἐλπίδʼ ἔχουσαν ὡς τεύξεταί τινος
						τῶν προσηκόντων διὰ τὴν ἐσομένην ἀπορίαν; </p>
				</div>
				<div type="textpart" subtype="section" n="22">
					<p>οὐκ ἄξιος, ὦ ἄνδρες δικασταί, οὔτʼ ἐγὼ δίκης ἐν ὑμῖν μὴ τυχεῖν, οὔθʼ οὗτος
						τοσαῦτα χρήματʼ ἀδίκως κατασχεῖν. ἐμοῦ μὲν γὰρ εἰ καὶ μήπω πεῖραν εἰλήφατε,
						ποῖός τις ἂν εἰς ὑμᾶς εἴην, ἐλπίζειν προσήκει μὴ χείρω τοῦ πατρὸς ἔσεσθαι.
						τούτου δὲ πεῖραν ἔχετε, καὶ σαφῶς ἴσθʼ ὅτι πολλὴν οὐσίαν παραλαβὼν οὐ μόνον
						οὐδὲν πεφιλοτίμηται πρὸς ὑμᾶς, ἀλλὰ καὶ τἀλλότριʼ ἀποστερῶν ἀποδέδεικται. </p>
				</div>
				<div type="textpart" subtype="section" n="23">
					<p>ταῦτʼ οὖν σκοποῦντες καὶ τἄλλα μνησθέντες, ᾗ δίκαιόν ἐστι, ταύτῃ ψηφίσασθε.
						πίστεις δʼ ἔχεθʼ ἱκανὰς ἐκ μαρτύρων, ἐκ τεκμηρίων, ἐκ τῶν εἰκότων, ἐξ ὧν
						οὗτοι λαβεῖν ὁμολογοῦντες ἁθρόα τἀμά, ταῦτʼ ἀνηλωκέναι φασὶν οὐκ ἀνηλωκότες,
						ἀλλʼ αὐτοὶ πάντʼ ἔχοντες. </p>
				</div>
				<div type="textpart" subtype="section" n="24">
					<p>ὧν ἐνθυμουμένους χρὴ ποιήσασθαί τινʼ ἡμῶν πρόνοιαν, εἰδότας ὅτι ἐγὼ μὲν
						τἀμαυτοῦ διʼ ὑμῶν κομισάμενος εἰκότως λῃτουργεῖν ἐθελήσω, χάριτας ὀφείλων
						ὅτι μοι δικαίως ἀπέδοτε τὴν οὐσίαν, οὗτος δʼ, ἐὰν αὐτὸν ποιήσητε τῶν ἐμῶν
						κύριον, οὐδὲν ποιήσει τοιοῦτον. μὴ γὰρ οἴεσθʼ αὐτόν, ὑπὲρ ὧν ἤρνηται μὴ
						λαβεῖν, ὑπὲρ τούτων ὑμῖν λῃτουργεῖν ἐθελήσειν, ἀλλʼ ἀποκρύψεσθαι μᾶλλον, ἵνα
						δικαίως ἀποπεφευγέναι δοκῇ. </p>
				</div>
			</div>
		</body>
	</text>
</TEI>