<?xml version="1.0" encoding="UTF-8"?>
<?xml-model href="http://www.stoa.org/epidoc/schema/latest/tei-epidoc.rng" type="application/xml" schematypens="http://relaxng.org/ns/structure/1.0"?>
<TEI xmlns="http://www.tei-c.org/ns/1.0">
    <teiHeader xml:lang="eng">
        <fileDesc>
            <titleStmt>
                <title xml:lang="grc">Athenogenous</title>
                <author>Hyperides</author>
                <editor>J. O. Burtt</editor>
                <sponsor>Perseus Project, Tufts University</sponsor>
                <principal>Gregory Crane</principal>
                <respStmt>
                    <resp>Prepared under the supervision of</resp>
                    <name>Lisa Cerrato</name>
                    <name>William Merrill</name>
                    <name>Elli Mylonas</name>
                    <name>David Smith</name>
                </respStmt>
                <funder n="org:AnnCPB">The Annenberg CPB/Project</funder>
            </titleStmt>
            <publicationStmt>
                <publisher>Trustees of Tufts University</publisher>
                <pubPlace>Medford, MA</pubPlace>
                <authority>Perseus Project</authority>
                <date type="release" when="1996">Perseus 2.0</date>
                <idno type="filename">tlg0030.tlg003.perseus-grc2.xml</idno>
                <availability>
                    <licence target="https://creativecommons.org/licenses/by-sa/4.0/">Available
                        under a Creative Commons Attribution-ShareAlike 4.0 International License</licence>
                </availability>
            </publicationStmt>
            <sourceDesc>
                <biblStruct>
                    <monogr>
                        <author>Hyperides</author>
                        <title>Minor Attic Orators</title>
                        <editor>J. O. Burtt</editor>
                        <imprint>
                            <pubPlace>London</pubPlace>
                            <publisher>William Heinemann, Ltd.</publisher>
                            <pubPlace>Cambridge, MA</pubPlace>
                            <publisher>Harvard University Press</publisher>
                            <date>1954</date>
                            <date type="printing">1962</date>
                        </imprint>
                        <biblScope unit="volume">2</biblScope>
                    </monogr>
                    <ref
                        target="https://archive.org/details/minoratticorator02maiduoft/page/430/mode/2up">Internet
                        Archive</ref>
                </biblStruct>
            </sourceDesc>
        </fileDesc>
        <encodingDesc>
            <refsDecl n="CTS">
                <cRefPattern n="section" matchPattern="(\w+)"
                    replacementPattern="#xpath(/tei:TEI/tei:text/tei:body//tei:div/tei:div[@n='$1'])">
                    <p>This pointer pattern extracts section.</p>
                </cRefPattern>
            </refsDecl>
            <refsDecl>
                <refState unit="speech" />
                <refState unit="section" />
                <refState unit="fragment" />
            </refsDecl>

            <refsDecl>
                <refState unit="speech" />
                <refState unit="fragment" />
            </refsDecl>
        </encodingDesc>
        <profileDesc>
            <langUsage>
                <language ident="grc">Greek</language>
                <language ident="eng">English</language>
                <language ident="lat">Latin</language>
            </langUsage>
        </profileDesc>
        <revisionDesc>
            <change when="2023-03-29" who="Lisa Cerrato">EpiDoc and CTS conversion</change>
            <change when="2014-08-01" who="Stella Dee">edited markup</change>
            <change when="2014-07" who="Stella Dee">split composite text and converted to unicode </change>
            <change when="1993-05-03" who="em">when importing, did lots of changes. Restored is now
                square brackets, like Bacchyl. gap is note type="text" and columns is note
                type="papyr". Also fixed SGML errors. and added spaces around notes. fixed some beta
                errors.</change>
            <change when="1992-07" who="das">tagged FRAGWORD's and restored text</change>
            <change when="1992-06" who="W. Merrill">checkmark</change>
            <change when="1992-06" who="W. Merrill">Change markup in accordance with orator dtd</change>
        </revisionDesc>
    </teiHeader>

    <text>
        <body>
            <div type="edition" n="urn:cts:greekLit:tlg0030.tlg003.perseus-grc2" xml:lang="grc">
                <div type="textpart" subtype="section"
                    xml:base="urn:cts:greekLit:tlg0030.tlg003.perseus-grc2" n="1">
                    <p><note anchored="true" resp="perseus" type="Papyr" xml:lang="eng"
                            place="margin">Column 1</note> <gap reason="lost"
                            rend=" . . . . . . . . . . . . . . . " /><add>αὐτ</add>ήν.<note
                            anchored="true" resp="editor" xml:lang="lat">Primae litterae dubiae
                        sunt. <foreign xml:lang="grc">αὐτήν</foreign> Jensen: om. Kenyon.</note>
                        εἰπόντος δέ μου πρὸς αὐτὴν τά τε <add>πραχθέ</add>ντα,<note anchored="true"
                            resp="Loeb">
                            <foreign xml:lang="grc">πραχθέντα</foreign> Revillout: <foreign
                                xml:lang="grc">πεπραγμένα</foreign> Diels.</note> καὶ ὅτι μοι
                        Ἀθηνογένης χαλε<add>πὸς</add> εἴη καὶ οὐδὲν ἐθέλοι τῶν μετρίων <add>συγ</add>χωρεῖν,
                        τοῦτον μὲν ἔφη ἀεὶ τοιοῦτον <add>εἶν</add>αι, ἐμὲ δʼ ἐκέλευε θαρρεῖν· αὐτὴ
                        γάρ μοι <add>πά</add>ντα συναγωνιεῖσθαι. </p>
                </div>
                <div type="textpart" subtype="section"
                    xml:base="urn:cts:greekLit:tlg0030.tlg003.perseus-grc2" n="2">
                    <p>καὶ ταῦτʼ ἔλεγεν <add>σπο</add>υδάζουσά τε τῷ ἤθει ὡς ἔνι μάλιστα <add>καὶ</add>
                        ὀμνύουσα τοὺς μεγίστους ὅρκους, ἦ μὴν <add>με</add>τʼ εὐνοίας τῆς ἐμῆς
                        λέγειν καὶ ἐπὶ <add>πάση</add>ς ἀληθείας· ὥστʼ ἐμέ, ὦ ἄνδρες δικα<add>σταί,
                        ῥηθ</add>ήσεται<note anchored="true" resp="editor" xml:lang="lat"><foreign
                                xml:lang="grc">ῥηθήσεται</foreign> Jensen:<foreign xml:lang="grc">
                        εἰρήσεται</foreign> Kenyon.</note> γὰρ πρὸς ὑμᾶς τἀληθές, ταῦ<add>τα π</add>επεῖσθαι.
                        οὕτως, ὡς ἔοικεν, ἐξίστησιν <add>ἀνθρώπου</add><note anchored="true"
                            resp="Loeb"><foreign xml:lang="grc">ἀνθρώπου</foreign> Blass: <foreign
                                xml:lang="grc">ἡμῶν τὴν</foreign> Diels.</note> φύσιν ἔρως,
                        προσλαβὼν γυναι<add>κὸς συνεργ</add>ίαν.<note anchored="true" resp="editor"
                            xml:lang="lat"><foreign xml:lang="grc">συνεργίαν</foreign> Jensen:<foreign
                                xml:lang="grc">ποικιλίαν</foreign> Kenyon: alii alia.</note> ἐκείνη
                        γοῦν φενακίζουσα <add>ἅπαντ</add>α<note anchored="true" resp="editor"
                            xml:lang="lat"><foreign xml:lang="grc">ἅπαντα</foreign> Diels: <foreign
                                xml:lang="grc">τὰ μάταια</foreign> Kenyon.</note> ταῦτα
                        προσπεριέκοψε<add>ν α</add>ὑτῇ <add>ὡς δὴ</add><note anchored="true"
                            resp="editor" xml:lang="lat">
                            <foreign xml:lang="grc">ὡς δὴ</foreign> Diels: <foreign xml:lang="grc">
                        ἔτι</foreign> Jensen.</note> εἰς παιδίσκην τριακοσίας δραχμὰς <add>εὐν</add>οίας
                        ἕνεκα. </p>
                </div>
                <div type="textpart" subtype="section"
                    xml:base="urn:cts:greekLit:tlg0030.tlg003.perseus-grc2" n="3">
                    <p>ἴσως μὲν οὖν, ὦ ἄνδρες δι<add>κας</add>ταί, οὐδὲν <add>ὑπερ</add>θαύμαστόν<note
                            anchored="true" resp="Loeb"><foreign xml:lang="grc">ὑπερθαύμαστόν</foreign>
                        ci. Kenyon, qui tamen <foreign xml:lang="grc">οὕτω θαυμαστόν</foreign>
                        habet: tantum<foreign xml:lang="grc">θαυμαστόν</foreign> Jensen.</note> με
                        ὑπὸ Ἀν<add>τιγόν</add>ας τὸν τρόπον τουτονὶ παιδαγω<add>γηθῆ</add>ναι,
                        γυναικὸς ἣ δεινοτάτη μὲν <add>τῶν</add> ἑταιρῶν, ὥς φασιν, ἐφʼ ἡλ<add>ικί</add>ας
                        ἐγένε<add>το, διατ</add>ετέλεκε<note anchored="true" resp="editor"
                            xml:lang="lat"><foreign xml:lang="grc">διατετέλεκε</foreign> Weil.</note>
                        δὲ πορνοβοσκοῦσα <gap reason="lost"
                            rend=" . . . . . . . . . . . . . . . . . . . . . . . " /><seg
                            type="noparse">εν</seg><gap reason="lost" rend=" . . . . . . . . . . " />οἶκον
                        τοῦ Χολλίδου οὐ<add>δενὸς ἐλά</add>ττω<note anchored="true" resp="editor"
                            xml:lang="lat"><foreign xml:lang="grc">οὐδενὸς ἐλάττω</foreign> Jensen: <foreign
                                xml:lang="grc">οὐ φαῦλον οὕτω</foreign> Blass.</note> ὄντα ἀνῄρηκεν.
                        καίτοι <add>ὅπου καθʼ<note anchored="true" resp="Loeb"><foreign
                                    xml:lang="grc">ὅπου καθʼ</foreign>in add. Jensen:<foreign
                                    xml:lang="grc">ἥτις καθʼ</foreign>Blass:<foreign xml:lang="grc">εἰ
                        καθʼ</foreign>Weil.</note> ἑ</add>αυτὴν οὖσα τοιαῦτα διεπράτ<add>τετο, τί
                        οἴες</add>θʼ<note anchored="true" resp="editor" xml:lang="lat">
                            <foreign xml:lang="grc">τί οἴεσθʼ</foreign> Kenyon.</note> αὐτὴν νῦν ἐν<add>
                        νο</add>εῖν,<note anchored="true" resp="Loeb"><foreign xml:lang="grc">
                        ἐννοεῖν</foreign> Jensen:<foreign xml:lang="grc">ἐπιτελεῖν</foreign> Weil.</note>
                        προς<add>λαβοῦσαν<note anchored="true" resp="Loeb"><foreign xml:lang="grc">
                        προσλαβοῦσαν</foreign>Kenyon.</note> συ</add>ναγωνιστὴν Ἀθηνογένην, <note
                            anchored="true" resp="perseus" type="Papyr" xml:lang="eng"
                            place="margin">Column 2</note> ἄνθρωπον λογογράφον τε καὶ ἀγοραῖον, τὸ
                        δὲ μέγιστον, Αἰγύπτιον;</p>
                </div>
                <div type="textpart" subtype="section"
                    xml:base="urn:cts:greekLit:tlg0030.tlg003.perseus-grc2" n="4">
                    <p>τέλος δʼ οὖν, ἵνα μὴ μακρολογῶ, μεταπεμψαμένη γάρ<note anchored="true"
                            resp="Loeb"><app>
                                <lem xml:lang="grc">γάρ</lem>
                            </app> del.
                        Kenyon.</note> με πάλιν ὕστερον εἶπεν ὅτι πολλοὺς λόγους ἀναλώσασα πρὸς τὸν
                        Ἀθηνογένην μόλις εἴη συμπεπεικυῖα αὐτὸν ἀπολῦσαί μοι τόν τε Μίδαν κα<add>ὶ τ</add>οὺς
                        υἱεῖς ἀμφοτέρους τετταράκοντα μνῶν, καὶ ἐκέλευέ με τὴν ταχίστην πορίζειν τὸ
                        ἀργύριον, πρὶν μεταδόξαι τι Ἀθηνογένει. </p>
                </div>
                <div type="textpart" subtype="section"
                    xml:base="urn:cts:greekLit:tlg0030.tlg003.perseus-grc2" n="5">
                    <p>συναγαγὼν δʼ ἐγὼ πανταχόθεν καὶ τοὺς φίλους ἐνοχλήσας καὶ θεὶς ἐπὶ τὴν
                        τράπεζαν τὰς τετταράκοντα μνᾶς ἧκον ὡς τὴν <add>Ἀντι</add>γόναν. κἀκε<add>
                        ίνη</add> ς<add>υνήγα</add>γεν<note anchored="true" resp="editor"
                            xml:lang="lat">
                            <foreign xml:lang="grc">συνήγαγεν</foreign> Revillout.</note> ἡμᾶς εἰς
                        τὸ αὐτό, ἐμέ τε καὶ <add>Ἀθηνο</add>γ<add>έ</add>νην, καὶ διή<add>λλ</add>αξε,
                        καὶ παρεκελεύσατ<add>ο τ</add>οῦ λοιποῦ εὖ ποιεῖν ἀλλήλους. καὶ ἔγωγʼ ἔφην
                        ταῦτα ποιήσειν, καὶ Ἀθηνογένης οὑτοσὶ ὑπολαβὼν εἶπε<add>ν ὅ</add>τι τῶν
                        πεπραγμένων δεῖ με χάριν ἔχειν Ἀντιγόνᾳ· καὶ νῦν, ἔφη, ταύτης ἕνεκα ἤδη σοι
                        ἐνδείξομαι ὅσα σε ἀγα<add>θὰ</add> ποιήσω. σὺ μὲ<add>ν γάρ</add>,<note
                            anchored="true" resp="Loeb">
                            <foreign xml:lang="grc">γάρ</foreign> Diels.</note> ἔφη, <add>τὸ</add><note
                            anchored="true" resp="editor" xml:lang="lat"><foreign xml:lang="grc">τὸ</foreign>
                        Diels.</note> ἀργύριον ἐπʼ ἐλευθερίᾳ καταβαλ<add>εῖ</add>ς<note
                            anchored="true" resp="editor" xml:lang="lat">
                            <foreign xml:lang="grc">καταβαλεῖς</foreign> Kenyon.</note> το<add>ῦ<note
                                anchored="true" resp="Loeb"><foreign xml:lang="grc">τοῦ</foreign>
                        Weil:<foreign xml:lang="grc">τῇ</foreign>Diels.</note> Μίδο</add>υ<note
                            anchored="true" resp="editor" xml:lang="lat"><foreign xml:lang="grc">
                        Μίδου</foreign> Revillout.</note> καὶ τῶν παίδων, ἐγὼ δέ σοι ἀποδώσομαι
                        αὐτοὺς ὠνῇ καὶ πράσει, ἵνα πρῶτον μὲν μηδεὶς <add>παρε</add>νοχλῇ<note
                            anchored="true" resp="Loeb"><foreign xml:lang="grc">παρενοχλῇ</foreign>
                        Blass: <foreign xml:lang="grc">σε ἐνοχλῇ</foreign> Revillout.</note> μηδὲ
                        διαφθείρῃ τὸν π<add>α</add>ῖδα, ἔ<add>π</add>ε<add>ι</add>τʼ<note
                            anchored="true" resp="editor" xml:lang="lat">
                            <foreign xml:lang="grc">παῖδα, ἔπειτʼ</foreign> Blass (secundum Jensen': <foreign
                                xml:lang="grc">Μίδαν, εἶτʼ</foreign> Kenyon.</note> αὐτοὶ <add>μὴ</add><note
                            anchored="true" resp="editor" xml:lang="lat"><foreign xml:lang="grc">μὴ</foreign>
                        Blass.</note> ἐγχειρῶσι <add>πο</add>νηρε<add>ύε</add>σθαι<note
                            anchored="true" resp="editor" xml:lang="lat">
                            <foreign xml:lang="grc">πονηρεύεσθαι</foreign> Weil.</note> μηδὲν διὰ
                        τὸν φόβ<add>ον</add>.<note anchored="true" resp="editor" xml:lang="lat"><foreign
                                xml:lang="grc">φόβον</foreign> Kenyon.</note>
                    </p>
                </div>
                <div type="textpart" subtype="section"
                    xml:base="urn:cts:greekLit:tlg0030.tlg003.perseus-grc2" n="6">
                    <p>τὸ δὲ <note anchored="true" resp="perseus" type="Papyr" xml:lang="eng"
                            place="margin">Column 3</note> μέγιστον, νῦν μὲν ἂν δόξειαν διʼ ἐμὲ
                        γεγονέναι ἐλεύθεροι· ἐὰν δὲ πριάμενος σὺ ὠνῇ καὶ πράσει εἶθʼ ὕστερον, ὅτε ἄν
                        σοι δοκῇ, ἀφῇς αὐτοὺς ἐλευθέρους, διπλασίαν ἕξουσίν σοι τὴν χάριν. ὅσον
                        μέντοι ὀφείλουσιν ἀργύριον, μύρου τέ τινος τιμὴν Παγκάλῳ καὶ Προκλεῖ καὶ εἴ
                        τι ἄλλο κατέθετό τις ἐπὶ τὸ μυροπώλιον τῶν προσφοιτώντων, οἷα γίγνεται,
                        ταῦτα, ἔφη, σὺ ἀναδέξῃ· ἔστιν δὲ μικρὰ κομιδῇ καὶ πολλῷ πλείω φορτία ἐστὶν
                        τούτων ἐν τῷ ἐργαστηρίῳ, μύρον καὶ ἀλάβαστροι καὶ σμύρνα, καὶ ἄλλʼ ἄττα
                        ὀνόματα λέγων, ὅθεν πάντα ταῦτα δ<add>ιαλυθ</add>ήσε<add>ται</add><note
                            anchored="true" resp="Loeb">
                            <foreign xml:lang="grc">διαλυθήσεται</foreign> Weil.</note> ῥᾳδίως. </p>
                </div>
                <div type="textpart" subtype="section"
                    xml:base="urn:cts:greekLit:tlg0030.tlg003.perseus-grc2" n="7">
                    <p>ἦν δέ, ὦ ἄνδρες δικασταί, ὡς ἔοικεν, ἐνταῦθα ἡ ἐπιβουλὴ καὶ τὸ πλάσμα τὸ
                        μέγα. εἰ μὲν γὰρ ἐπʼ ἐλευθερίᾳ καταβάλλοιμι αὐτῶν τὸ ἀργύριον, τοῦτο μόνον
                        ἀπώλλυον ὃ δοίην αὐτῷ, <add>ἀλλʼ</add> οὐδὲν δεινὸν ἔπασχον· εἰ δὲ πριαίμην
                        ὠνῇ καὶ πράσει, ὁμολογήσας αὐτῷ τὰ χρέα ἀναδέξεσθαι,<note anchored="true"
                            resp="editor" xml:lang="lat">
                            <foreign xml:lang="grc">ἀναδέξεσθαι</foreign> Blass:<foreign
                                xml:lang="grc">ἀναδέξασθαι</foreign> P, ut vid. (sed littera a
                        dubia), Kenyon, et in add. Jensen.</note> ὡς οὐθενὸς ἄξια ὄντα, δ<add>ιὰ</add>
                        τὸ μὴ π<add>ρο</add>ειδέναι, καὶ τοὺς πληρωτὰς τῶν ἐράνων ἐν ὁμολογίᾳ λαβών·
                        ὅπερ ἐποίησεν. </p>
                </div>
                <div type="textpart" subtype="section"
                    xml:base="urn:cts:greekLit:tlg0030.tlg003.perseus-grc2" n="8">
                    <p>ὡς γὰρ εἰπόντος αὐτοῦ ταῦτα ἐγὼ προσωμολόγησα, εὐθὺς ἐκ τῶν γονάτων λαβὼν <add>
                        τῶ</add>ν αὑτοῦ γραμματεῖόν τ<add>ι τὸ ἐγ</add>γεγραμ<add>μ</add>ένον<note
                            anchored="true" resp="editor" xml:lang="lat">
                            <foreign xml:lang="grc">τι τὸ ἐγγ . . </foreign> Blass: <foreign
                                xml:lang="grc">τὸ ἐγγ</foreign> . . Kenyon: <foreign xml:lang="grc">τι
                        προγ . . </foreign> Colin.</note> ἀνεγίγνωσκ<add>εν</add>. <note
                            anchored="true" resp="perseus" type="Papyr" xml:lang="eng"
                            place="margin">Column 4</note> ἦσαν δὲ αὗται συνθῆκαι πρὸς ἐμέ· ὧν ἐγὼ
                        ἀναγιγνωσκομένων μὲν ἤκουον, ἔσπευδον μέντοι ἐφʼ ὃ ἧκον τοῦτο διοικήσασθαι,
                        καὶ σημαίνεται τὰς συνθήκας εὐθὺς ἐν τῇ αὐτῇ οἰκίᾳ ἵνα μηδεὶς τῶν εὖ
                        φρονούντων ἀκούσαι τὰ ἐγγεγραμμένα, προσεγγράψας μετʼ ἐμοῦ Νίκωνα τὸν
                        Κηφισιέα. </p>
                </div>
                <div type="textpart" subtype="section"
                    xml:base="urn:cts:greekLit:tlg0030.tlg003.perseus-grc2" n="9">
                    <p>ἐλθόντες δʼ ἐπὶ τὸ μυροπώλιον τὸ μὲν γραμματεῖον τιθέμεθα παρὰ Λυσικλεῖ
                        Λευκονοιεῖ,<note anchored="true" resp="editor" xml:lang="lat"><foreign
                                xml:lang="grc">Λευκονοιεῖ</foreign> Kenyon:<foreign xml:lang="grc">
                        Λευκονοεῖ</foreign> P.</note> τὰς δὲ τετταράκοντα μνᾶς ἐγὼ καταβαλὼν τὴν
                        ὠνὴν ἐποιησάμην. τούτου δὲ γενομένου προσῄεσάν μοι οἱ χρῆσται οἷς ὠφείλετο
                        παρὰ τῷ Μίδᾳ καὶ οἱ πληρωταὶ τῶν ἐράνων καὶ διελέγοντό μοι· καὶ ἐν τρισὶν
                        μησὶν ἅπαντα τὰ χρέα φανερὰ ἐγεγόνει, ὥστʼ εἶναί μοι <add>σὺ</add>ν τοῖς
                        ἐράνοις, ὅπερ καὶ ἀρτίως εἶπον, πε<add>ρὶ π</add>έντε τάλαντα. </p>
                </div>
                <div type="textpart" subtype="section"
                    xml:base="urn:cts:greekLit:tlg0030.tlg003.perseus-grc2" n="10">
                    <p>ὡς δʼ ᾐσθόμην οὗ ἦν κακοῦ, τότʼ ἤδη τοὺς φίλους καὶ τοὺς οἰκείους συνήγαγον
                        καὶ τὰ ἀντίγραφα τῶν συνθηκ<add>ῶν</add> ἀνεγιγνώσκομεν· ἐν αἷς ἐγέγραπτο
                        μὲν τὸ τοῦ Παγκάλου καὶ τοῦ Πολυκλέους ὄνομα διαρρήδην, καὶ ὅτι μύρων τιμαὶ
                        ὠφείλοντο, ἃ ἦν βραχέα τε καὶ ἐξῆν αὐτοῖς εἰπεῖν ὅτι τὸ μύρον ἄξιον εἴη τοῦ
                        ἀργυρίου τὸ ἐν τ<add>ῷ ἐ</add>ργαστηρίῳ, τὰ δὲ πολλὰ τῶν χρεῶν καὶ τὰ
                        μέγιστα οὐκ ἐνεγέγραπτο ἐπʼ <note anchored="true" resp="perseus"
                            type="Papyr" xml:lang="eng" place="margin">Column 5</note> ὀνομάτων,
                        ἀλλʼ ἐν προσθήκης μέρει ὡς οὐδὲν ὄντα, <q>καὶ εἴ τῳ ἄλλῳ ὀφείλει τι Μίδας.</q>
                    </p>
                </div>
                <div type="textpart" subtype="section"
                    xml:base="urn:cts:greekLit:tlg0030.tlg003.perseus-grc2" n="11">
                    <p>καὶ τῶν ἐράνων εἷς μὲν οὖν, [Δικαιοκράτης];,<note anchored="true" resp="Loeb">
                            <foreign xml:lang="grc">Δικαιοκράτης</foreign> del. Weil.</note>
                        ἐνεγέγραπτο, οὗ ἦσαν λοιπαὶ τρεῖς φοραί· οὗτος μὲν ἐπὶ τοῦ Δικαιοκράτους
                        ὀνόματος ἦν γεγραμμένος, οἱ δʼ ἄλλοι, ἐφʼ οἷς εἰλήφει<note anchored="true"
                            resp="Loeb"><app>
                                <lem xml:lang="grc">εἰλήφει</lem>
                            </app> <foreign
                                xml:lang="grc">ὤφειλε</foreign> Weil.</note> πάντα ὁ Μίδας,
                        νεοσύλλογοι δʼ ἦσαν, τούτους δʼ οὐκ ἐνέγραψεν ἐν ταῖς συνθήκαις, ἀλλʼ
                        ἀπεκρύψατο. </p>
                </div>
                <div type="textpart" subtype="section"
                    xml:base="urn:cts:greekLit:tlg0030.tlg003.perseus-grc2" n="12">
                    <p>βουλευομένοις δʼ ἡμῖν ἔδοξεν πορεύεσθαι πρὸς τοῦτον καὶ διαλέγεσθαι. καὶ
                        καταλαβόντες αὐτὸν πρὸς τοῖς μυροπωλίοις ἠρωτῶμεν εἰ οὐκ αἰσχύνοιτο
                        ψευδόμενος κα<add>ὶ ἐν</add>εδρεύσας ἡμᾶς ταῖς συνθήκαις, οὐ προειπὼν τὰ
                        χρέα. ὁ δʼ ἀπεκρίνατο ἡμῖν ὡς οὔτε τὰ χρέα γιγνώσκοι ἃ λέγομεν, οὔτε
                        προσέχοι ἡμ<add>ῖν</add> τὸν νοῦν, γραμματεῖόν τʼ εἴη αὐτῷ κείμενον πρὸς ἐμὲ
                        περὶ τούτων. πολλῶν δʼ ἀνθρώπων ς<add>υλλ</add>εγομένων καὶ ἐπακουόντων τοῦ
                        πράγματος, διὰ τὸ ἐν τῇ ἀγορᾷ τοὺς λόγους γίγνεσθαι, καὶ κατατεμνόντων
                        αὐτόν, κελευόντων τε <add>ἀπάγ</add>ειν<note anchored="true" resp="editor"
                            xml:lang="lat">
                            <foreign xml:lang="grc">ἀπάγειν</foreign> et sq. ad col. 6 finem
                        plerumque restituit Blass.</note> ὡς ἀνδραποδιστή<add>ν, τοῦτο μ</add>ὲν οὐκ
                        ᾠόμεθα<note anchored="true" resp="editor" xml:lang="lat"><foreign
                                xml:lang="grc">ᾠόμεθα</foreign> Weil: <foreign xml:lang="grc">
                        οἰόμεθα</foreign> P.</note> δεῖν ποιεῖν, πρ<add>οσεκαλεσά</add>μεθα δὲ αὐτὸν
                        εἰς ὑμᾶς κατὰ <add>τὸν νό</add>μον. πρῶτον μὲν οὖν ὑμῖν τὰς ς<add>υνθή</add>κας
                        ἀναγνώσεται· ἐ<add>ξ αὐτῶ</add>ν<note anchored="true" resp="editor"
                            xml:lang="lat">
                            <foreign xml:lang="grc">ἐξ αὐτῶν</foreign> Revillout.</note> γὰρ τ<add>
                        ῶν</add><note anchored="true" resp="perseus" type="Papyr" xml:lang="eng"
                            place="margin">Column 6</note> γεγρα<add>μμένων</add> μαθήσεσθε τὴν
                        ἐπιβουλὴν αὐτοῦ τούτου. λέγε τὰς συνθήκας.</p>
                </div>
                <div type="textpart" subtype="section"
                    xml:base="urn:cts:greekLit:tlg0030.tlg003.perseus-grc2" n="13">
                    <p rend="align(center)">
                        <label>Συνθήκη</label>
                    </p>
                    <p rend="align(indent)">τὰ μὲν το<add>ίν</add>υν πεπραγμένα, ὦ ἄνδρες δικασταί,
                        καθʼ ἓν ἕκαστον ἀκηκόατε. ἐρεῖ δὲ πρὸς ὑμᾶς αὐτίκα μάλα Ἀθηνογένης ὡς ὁ
                        νόμος λέγει, ὅσα ἂν ἕτερος ἑτέρῳ ὁμολογήσῃ κύρια εἶναι. τά γε δίκαια, ὦ
                        βέλτιστε· τὰ δὲ μὴ τοὐναντίον ἀπαγορεύει μὴ κύρια εἶναι. ἐξ αὐτῶν δέ σοι τῶν
                        νόμων ἐγὼ φανερώτερον ποιήσω. καὶ γὰρ οὕτω με διατέθεικας καὶ περίφοβον
                        πεποίηκας μὴ ἀπόλωμαι ὑπὸ σοῦ καὶ τῆς δεινότητος τῆς σῆς, ὥστε τούς τε
                        νόμους ἐξετάζειν καὶ μελετᾶν νύκτα καὶ ἡμέραν, πάρεργα τἄλ<add>λα π</add>άντα
                        ποιησάμενον. </p>
                </div>
                <div type="textpart" subtype="section"
                    xml:base="urn:cts:greekLit:tlg0030.tlg003.perseus-grc2" n="14">
                    <p>ὁ μὲν τοίνυν εἷς νόμος κελεύ<add>ει</add> ἀψευδεῖν ἐν τῇ ἀ<add>γορᾷ</add>,<note
                            anchored="true" resp="Loeb"><foreign xml:lang="grc">ἀγορᾷ</foreign>
                        Revillout.</note> πάντων, οἶμα<add>ι, π</add>αρά<add>γγελ</add>μα κάλ<add>
                        λιστο</add>ν παραγγέλλων· σὺ <add>δὲ ψε</add>υσάμενο<add>ς ἐν</add> μέσῃ τῇ
                        ἀγορᾷ συν<add>θήκα</add>ς κατʼ ἐμ<add>οῦ ἔθ</add>ου. ἐπεὶ ἐὰν δ<add>είξῃς<note
                                anchored="true" resp="Loeb"><foreign xml:lang="grc">δείξῃς</foreign>
                        Weil.</note> προει</add>πὼν<note anchored="true" resp="editor"
                            xml:lang="lat"><foreign xml:lang="grc">προειπὼν</foreign> Revillout.</note>
                        ἐμ<add>οὶ το</add>ὺς ἐράνους <add>καὶ τὰ χρέα, ἢ γράψας ἐν ταῖς συν</add>θήκαις
                        ὅσους <add>ἐπυθόμην, οὐδὲν<note anchored="true" resp="editor" xml:lang="lat"><foreign
                                    xml:lang="grc">ἐπυθόμην, οὐδὲν</foreign>Fuhr.</note> ἀντιλέ</add>γω
                        σοι ἀλλʼ ὁμολογῶ <add>ὀφείλειν. </add></p>
                </div>
                <div type="textpart" subtype="section"
                    xml:base="urn:cts:greekLit:tlg0030.tlg003.perseus-grc2" n="15">
                    <p><add>μετὰ δὲ</add> ταῦτα ἕ<add>τερο</add>ς νόμος <add>ἐστὶ περὶ ὧν <note
                                anchored="true" resp="P" type="Papyr">Column 7</note> ὁμολογοῦν</add>
                        τες<note anchored="true" resp="editor" xml:lang="lat"><foreign
                                xml:lang="grc">περὶ ὧν</foreign> Weil:<foreign xml:lang="grc">
                        ὁμολογοῦντες</foreign> Revillout: <foreign xml:lang="grc">κεῖται περὶ ὧν οἱ
                        πωλοῦντες</foreign> Volckmar.</note> ἀλλήλοις συμβάλλουσιν, ὅταν τις πωλῇ
                        ἀνδράποδον προλέγειν ἐάν τι ἔχῃ ἀρρώστημα, εἰ δ<add>ὲ μ</add>ή, ἀναγωγὴ
                        τούτου ἐστίν. καίτοι ὅπου τὰ παρὰ τῆς τύχης νοσήματα ἂν μὴ δηλώσῃ τις πωλῶν
                        οἰκέτ<add>ην</add> ἀνάγειν ἔξεστι, πῶς τά γε παρὰ σοῦ ἀδικήματα
                        συσκευασθέντα οὐκ ἀναδεκτέον σοί ἐστιν; ἀλλὰ μὴν τὸ μὲν ἐπίληπτον ἀνδράποδον
                        οὐ προσαπολλύει τοῦ πριαμένου τὴν οὐσίαν, ὁ δὲ Μίδας, ὃν σύ μοι ἀπέδου, καὶ
                        τὴν τῶν φίλων τῶν ἐμῶν ἀπολώλεκε. </p>
                </div>
                <div type="textpart" subtype="section"
                    xml:base="urn:cts:greekLit:tlg0030.tlg003.perseus-grc2" n="16">
                    <p>σκέψαι δέ, ὦ Ἀθηνόγενες, μὴ μόνον περὶ τῶν οἰκετῶν, ἀλλὰ καὶ περὶ τῶν
                        ἐλευθέρων σωμάτων ὃν τρόπον οἱ νόμοι ἔχουσιν. οἶσθα γὰρ δήπου καὶ σὺ καὶ <add>
                        οἱ</add><note anchored="true" resp="editor" xml:lang="lat"><foreign
                                xml:lang="grc">οἱ</foreign> add. Blass.</note> ἄλλοι πάντες ὅτι οἱ
                        ἐκ τῶν ἐγγυητῶν γυναικῶν παῖδες οὗτοι γνήσιοί εἰσιν. ἀλ<add>λὰ</add> μὴ<add>
                        ν<note anchored="true" resp="Loeb"><foreign xml:lang="grc">ἀλλὰ μὴν</foreign>et
                        sq. ad col. 8 finem plerumque restituit Revillout.</note> οὐκ ἀ</add>πέ<add>
                        χρ</add>ησε τῷ νομοθ<add>έτῃ</add> τὸ ἐγγ<add>υηθῆ</add>ναι τὴν γυναῖκα ὑπὸ <add>τοῦ
                        πατ</add>ρὸς <add>ἢ τοῦ ἀδ</add>ελφοῦ, ἀλλʼ ἔγραψε δι<add>αρρή</add>δην ἐν <add>τῷ
                        νόμ</add>ῳ, <add>ἣν</add> ἂν ἐγγυήσῃ τ<add>ις ἐπὶ δικαίοις δάμαρτα</add> ἐκ
                        ταύτης εἶν<add>αι παῖδας γνησίους,<note anchored="true" resp="editor"
                                xml:lang="lat"><foreign xml:lang="grc">εἶναι παῖδας γνησίους</foreign>
                        Weil.</note> καὶ οὐ</add>κ<note anchored="true" resp="Loeb">
                            <foreign xml:lang="grc">καὶ οὐκ</foreign> Blass: <foreign xml:lang="grc">ἀλλʼ
                        οὐκ</foreign> Weil.</note> ἐάν τις ψευς<add>άμενος ὡς θυγατέρα ἐγ</add>γυήσῃ
                        ἄλ<add>λην τινά. ἀλλὰ τὰς μὲν δι</add>καίας<note anchored="true" resp="Loeb">
                            <foreign xml:lang="grc">ὡς θυγατέρα</foreign> usque ad <foreign
                                xml:lang="grc">δικαίας</foreign> Fuhr.</note> ἐγγύας κ<add>υρίας,
                        τὰς δὲ μὴ δικαίας ἀκύρους</add> καθίστη<add>σιν.<note anchored="true"
                                resp="Loeb"><foreign xml:lang="grc">κυρίας</foreign>usque ad<foreign
                                    xml:lang="grc">καθίστησιν</foreign>Blass.</note>
                        </add>
                    </p>
                </div>
                <div type="textpart" subtype="section"
                    xml:base="urn:cts:greekLit:tlg0030.tlg003.perseus-grc2" n="17">
                    <p><add>ἔτι δὲ καὶ ὁ περὶ</add> τῶν <note anchored="true" resp="perseus"
                            type="Papyr" xml:lang="eng" place="margin">Column 8</note> διαθηκῶν ν<add>
                        όμο</add>ς παραπλήσιος τούτοις ἐστίν· κελεύε<add>ι γὰρ ἐξεῖν</add>αι<note
                            anchored="true" resp="editor" xml:lang="lat">
                            <foreign xml:lang="grc">γὰρ ἐξεῖναι</foreign> Blass.</note> τὰ ἑαυτοῦ <add>
                        δια</add>τίθεσθα<add>ι ὅπως ἄν</add><note anchored="true" resp="Loeb">
                            <foreign xml:lang="grc">ὅπως ἄν</foreign> Fuhr.</note> τις βούληται πλὴν <add>ἢ
                        γή</add>ρως ἕνε<add>κεν</add> ἢ νόσου ἢ μανιῶν ἢ γυ<add>ναικὶ</add> πειθόμ<add>
                        ενο</add>ν ἢ <add>ὑπὸ</add> δεσμοῦ ἢ ὑ<add>πὸ ἀνά</add>γκης κ<add>ατ</add>
                        αληφθ<add>έντ</add>α. ὅπου δὲ οὐδὲ <add>περὶ</add> τῶν αὑτοῦ ἰδίων αἱ <add>μὴ
                        δ</add>ίκαιαι<note anchored="true" resp="editor" xml:lang="lat">
                            <foreign xml:lang="grc">μὴ δίκαιαι</foreign> Blass.</note> διαθῆκαι
                        κύριαί εἰσιν, πῶς Ἀθηνογένει γε κα<add>τὰ τῶ</add>ν<note anchored="true"
                            resp="editor" xml:lang="lat">
                            <foreign xml:lang="grc">κατὰ τῶν</foreign> Kenyon.</note> ἐμῶν συνθεμένῳ
                        τοιαῦτα δεῖ <add>κύρι</add>α εἶναι; </p>
                </div>
                <div type="textpart" subtype="section"
                    xml:base="urn:cts:greekLit:tlg0030.tlg003.perseus-grc2" n="18">
                    <p>καὶ ἐὰν μέν τι<add>ς</add> ὡς ἔοικ<add>ε</add>ν τῇ ἑαυτοῦ γυναικὶ πειθόμενος
                        διαθήκας <add>γρά</add>ψῃ<note anchored="true" resp="editor" xml:lang="lat">
                            <foreign xml:lang="grc">γράψῃ</foreign> Diels.</note> ἄκυροι ἔσο<add>ντα</add>ι,
                        εἰ δʼ ἐγὼ τῇ Ἀθηνογ<add>ένο</add>υς ἑταίρᾳ ἐπείσθην, προσαπολωλέναι <add>με</add><note
                            anchored="true" resp="editor" xml:lang="lat"><foreign xml:lang="grc">με</foreign>
                        Weil.</note> δεῖ, ὃς ἔχω μ<add>εγίς</add>την<note anchored="true"
                            resp="Loeb"><foreign xml:lang="grc">μεγίστην</foreign> Weil.</note>
                        βοήθειαν τὴν ἐν τῷ νόμῳ γεγραμμένην, ἀναγκασθεὶς ὑπὸ τούτων ταῦτα συνθέσθαι;
                        εἶτα σὺ ταῖς συνθήκαις ἰς<add>χυρί</add>ζῃ ἃς ἐνεδρεύσαντές με σὺ καὶ ἡ ἑ<add>
                        ταίρα</add> σο<add>υ<note anchored="true" resp="Loeb"><foreign
                                    xml:lang="grc">ἑταίρα σου</foreign>Diels.</note> ἐς</add>ημήνασθε,
                        καὶ ὑ<add>πὲρ ὧν οἱ νόμοι</add> β<add>ου</add>λεύσεως ὑμᾶς κε<add>λεύουσιν
                        αἰτίου</add>ς εἶναι, ἐπὶ τούτοις προς<add>λαμβάνειν τι ἀξιοῦ</add>τε.<note
                            anchored="true" resp="Loeb">
                            <foreign xml:lang="grc">ὑπὲρ ὧν</foreign> usque ad <foreign
                                xml:lang="grc">ἀξιοῦτε</foreign> Jensen in add.: alii alia.</note>
                        καὶ οὐ<add>χ ἱ</add>κανόν σοι <add>ἦν τὰς<note anchored="true" resp="Loeb"><foreign
                                    xml:lang="grc">ἦν τὰς</foreign>Weil.</note> τετταράκοντα</add>
                        μνᾶς εἰληφέναι <add>ὑπὲρ τοῦ μυροπωλίου, ἀ</add>λλὰ καὶ πέντε <add>τάλαντα
                        προσαφείλου<note anchored="true" resp="editor" xml:lang="lat"><foreign
                                    xml:lang="grc">προσαφείλου</foreign>Kenyon:<foreign
                                    xml:lang="grc">ἀπεστερήκατε</foreign>Weil.</note>
                        </add>
                        με ὥσπερ <seg type="noparse"><add>ὑ</add>πο</seg><note anchored="true"
                            resp="Loeb">
                            <foreign xml:lang="grc">ὑποχείριον ἐν ποδοστράβῃ κατειλημμένον</foreign>
                        Revillout, coll. Harpocratione s.v. <foreign xml:lang="grc">ποδοστράβη· ὑπὸ
                        θηρευτοῦ κτλ.</foreign> Richards.</note><gap reason="lost"
                            rend=" . . . . . . . . . . . . . . " /><add>κατ</add>ε<add>ι</add>
                        λημμένον </p>
                </div>
                <div type="textpart" subtype="section"
                    xml:base="urn:cts:greekLit:tlg0030.tlg003.perseus-grc2" n="19">
                    <p><seg type="noparse">ς</seg> οὐκ ᾔδε<add>ι</add><gap reason="lost"
                            rend=" . . . . . . . . . . . . . . . . . . " />Μίδαν <seg type="noparse">
                        αδ</seg><gap reason="lost" rend=" . . . . . . . . . . . . . " /><seg
                            type="noparse">σθέντα</seg> <seg type="noparse">αλ</seg><gap
                            reason="lost" rend=" . .  " /> <note anchored="true" resp="perseus"
                            type="Papyr" xml:lang="eng" place="margin">Column 9</note> <seg
                            type="noparse">ς</seg><gap reason="lost" rend=" . . . . . . . . " />εἰς
                        τὰ ἐν ἀγορᾷ, ἀτρέ<add>μα</add><note anchored="true" resp="Loeb">Coll. 9, 10,
                        11 plerumque restituit Blass. <foreign xml:lang="grc">ἀτρεκὲς δὴ ἐγὼ</foreign>
                        Kenyon.</note> δʼ <add>ἔχων ἐν τρισὶ</add><note anchored="true"
                            resp="editor" xml:lang="lat">
                            <foreign xml:lang="grc">ἐν τρισὶ</foreign> Weil.</note> μησὶν ἅπαντα τὰ
                        χρέα καὶ τ<add>οὺς ἐράν</add>ους ἐπυθόμην, οὗτ<add>ος</add> δέ, ὁ ἐκ
                        τριγονίας <add>ὢν</add> μυροπώλης, καθ<add>ήμε</add>νος δʼ ἐν τῇ ἀγο<add>ρᾷ</add>
                        ὅσαι ἡμέραι, τρία <add>δὲ μυ</add>ροπώλια κεκτη<add>μένος</add>, λόγους δὲ
                        κατὰ μῆνα λαμβάνω<add>ν, οὐκ</add> ᾔδει τὰ χρέα. ἀλλʼ ἐν μὲν τοῖς ἄλλοις οὐκ
                        ἰδιώτης ἐστίν, πρὸς δὲ τὸν οἰκέτην οὕτ<add>ως ε</add>ὐήθης ἐγένετο, καί τινα
                        μὲν τῶν χρ<add>εῶ</add>ν, ὡς ἔοικεν, ᾔδει, τὰ δέ φησιν οὐκ εἰδέναι, ὅσα μὴ
                        βούλεται. </p>
                </div>
                <div type="textpart" subtype="section"
                    xml:base="urn:cts:greekLit:tlg0030.tlg003.perseus-grc2" n="20">
                    <p>ὁ δὲ τοιοῦτο<add>ς αὐτοῦ</add><note anchored="true" resp="editor"
                            xml:lang="lat">
                            <foreign xml:lang="grc">αὐτοῦ</foreign> Revillout:<foreign
                                xml:lang="grc">οἶμαι</foreign> Kenyon.</note> λόγος, ὦ ἄνδρες δ<add>
                        ικας</add>ταί, οὐ<add>κ ἀπολόγημ</add>ά<note anchored="true" resp="editor"
                            xml:lang="lat">
                            <foreign xml:lang="grc">ἀπολόγημά</foreign> Reinach.</note> ἐστιν, ἀλλʼ
                        ὁμολόγημα ὡς οὐ δεῖ <add>με τὰ χρέα διαλ</add>ύειν. ὅταν γὰρ φῇ μὴ εἰδέναι <add>
                        ἅπαντα</add><note anchored="true" resp="editor" xml:lang="lat"><foreign
                                xml:lang="grc">ἅπαντα</foreign> Revillout.</note> τὰ ὀφειλόμενα, οὐκ
                        ἔστιν αὐτῷ δήπου <add>τόδʼ</add><note anchored="true" resp="editor"
                            xml:lang="lat"><foreign xml:lang="grc">τόδʼ</foreign> Kenyon.</note>
                        εἰπεῖν ὡς προεῖπέ μοι περὶ τῶν χρε<add>ῶν· ὅσα δʼ ο</add>ὐκ<note
                            anchored="true" resp="editor" xml:lang="lat"><foreign xml:lang="grc">ὅσα
                        δʼ οὐκ</foreign> Revillout.</note> ἤκουσα παρὰ τοῦ πωλοῦντος <add>ταῦ</add>τ<add>α
                        οὐ δίκαιός</add> εἰμι διαλύειν. ὅτι μὲν οὖν ᾔ<add>δεις, ὦ Ἀθηνό</add>γενες,
                        ὀφείλοντα Μ<add>ίδαν</add> τ<add>ὰ χρήματα ταῦτα</add> οἶμαι πᾶσιν εἶναι δῆλ<add>ον
                        ἐξ ἄλλων τε πολλ</add>ῶν καὶ ἐκ τοῦ αἰτεῖν <add>σε τὸν Νίκωνα ὑπὲρ ἐ</add>μοῦ
                        ἐγγυητ<add>ή</add>ν, εἰ<gap reason="lost" rend=" . . . . . . . . . . . . . " /><add>
                        τ</add>ὰ χρέα ὄντα ἱκανὸ<add>ν</add><gap reason="lost"
                            rend=" . . . . . . . . . . . . . ." /><seg type="noparse">νο</seg>. οὐ
                        μὲν δὴ ἐγὼ<gap reason="lost" rend=" . . . . . . . . . . . . " /><add>τῷ</add>
                        λόγωι σοῦ τούτ<add>ῳ</add>
                    </p>
                </div>
                <div type="textpart" subtype="section"
                    xml:base="urn:cts:greekLit:tlg0030.tlg003.perseus-grc2" n="21">
                    <p><gap reason="lost" rend=" . . . . . . . . . . . . . . . " /><seg
                            type="noparse">ος</seg> καὶ οὐκ <seg type="noparse">εἰλ</seg><gap
                            reason="lost" rend=" . . . " /><seg type="noparse">νος</seg> καὶ <seg
                            type="noparse">τω</seg><gap reason="lost"
                            rend=" . . . . . . . . . . . . " />τουτονὶ τὸν τ<add>ρόπον. <note
                                anchored="true" resp="P" type="Papyr">Column 10</note> ε</add>ἰ σὺ
                        μὲν διὰ τὸ μὴ εἰδέναι μὴ προεῖπάς <add>μοι</add><note anchored="true"
                            resp="editor" xml:lang="lat"><foreign xml:lang="grc">μοι</foreign>
                        Diels.</note> πάντα τὰ χρέα, ἐγὼ δὲ ὅσα σου ἤκουσα ταῦτα μόνον οἰόμενος
                        εἶναι τὰς συνθήκας ἐθέμην, πότερος δίκαιός ἐστιν ἐκτεῖ<add>σα</add>ι, ὁ
                        ὕστερος πριάμενος ἢ <add>ὁ π</add>άλαι κεκτημένος ὅτʼ ἐδανείζετο; ἐγὼ μὲν
                        γὰρ οἴομαι σέ. εἰ δʼ ἄρʼ ἀντιλέγομεν περὶ τούτου, διαιτητὴς ἡμῖν γενέσθω ὁ
                        νόμος, ὃν οὐχ οἱ ἐρῶντε<add>ς ο</add>ὐδʼ οἱ ἐπιβουλεύοντες τοῖς <add>ἀλλ</add>οτρίοις
                        ἔθεσαν, ἀλλʼ ὁ δημοτικώτα<add>τος</add> Σόλων· </p>
                </div>
                <div type="textpart" subtype="section"
                    xml:base="urn:cts:greekLit:tlg0030.tlg003.perseus-grc2" n="22">
                    <p>ὃς εἰδὼς ὅτι πολλαὶ ὠναὶ <add>γίγνον</add>ται ἐν τῇ πόλει ἔθηκε νόμον δίκαι<add>ον,
                        ὡς</add> παρὰ πάντων ὁμολογεῖται, τὰς ζη<add>μίας ἃς ἂν</add> ἐργάσωνται οἱ
                        οἰκέται καὶ τὰ ἀ<add>δικήμ</add>ατα<note anchored="true" resp="Loeb">
                            <foreign xml:lang="grc">ἀδικήματα</foreign> Jensen olim: <foreign
                                xml:lang="grc">ἀναλώματα</foreign> Revillout.</note> διαλύειν τὸν
                        δεσπότην παρʼ ᾧ <add>ἂν ἐργάς</add>ωνται<note anchored="true" resp="Loeb">
                            <foreign xml:lang="grc">ἂν ἐργάσωνται</foreign> Weil.</note> οἱ οἰκέται.
                        εἰκότως· καὶ γὰρ <add>ἐάν τι ἀγ</add>αθὸν<note anchored="true" resp="Loeb">
                            <foreign xml:lang="grc">ἐάν τι ἀγαθὸν</foreign> Weil.</note> πράξῃ ἢ
                        ἐργασίαν εὕρ<add>ῃ</add> ὁ ο<add>ἰκέτης το</add>ῦ κεκτημένου αὐτὸν γ<add>ίγ</add>
                        νετ<add>αι. σὺ δὲ τὸν ν</add>όμον ἀφεὶς περὶ συνθ<add>ηκῶν παραβαιν</add>
                        ομένων<note anchored="true" resp="editor" xml:lang="lat">
                            <foreign xml:lang="grc">παραβαινομένων</foreign> Diels.</note> διαλέγῃ.
                        καὶ ὁ <add>μὲν Σόλων οὐδʼ ὃ</add> δικαίως ἔγραφεν ψήφ<add>ισμά τις τοῦ νόμου</add><note
                            anchored="true" resp="editor" xml:lang="lat">
                            <foreign xml:lang="grc">ψήφισμά τις τοῦ νόμου</foreign> Jensen.</note>
                        οἴεται δεῖν κυριώ<add>τερον εἶναι, σὺ δὲ καὶ<note anchored="true"
                                resp="editor" xml:lang="lat"><foreign xml:lang="grc">σὺ δὲ καὶ</foreign>
                        Jensen:<foreign xml:lang="grc">σὺ δὲ οἴει</foreign> Blass.</note> τ</add>ὰς
                        ἀδίκους συνθ<add>ήκας ἀξιοῖς κρατεῖν<note anchored="true" resp="Loeb"><foreign
                                    xml:lang="grc">ἀξιοῖς κρατεῖν</foreign>Jensen:<foreign
                                    xml:lang="grc">δεῖν κρατεῖν</foreign>Blass.</note> πάντων<note
                                anchored="true" resp="Loeb"><foreign xml:lang="grc">πάντων</foreign>
                        Revillout.</note> τ</add>ῶν νόμων. </p>
                </div>
                <div type="textpart" subtype="section"
                    xml:base="urn:cts:greekLit:tlg0030.tlg003.perseus-grc2" n="23">
                    <p>καὶ π<add>ρὸς τούτοις, ὦ ἄνδρες δικαστ</add>αί, τῷ τε πατ<add>ρὶ τῷ ἐμῷ καὶ
                        τοῖς ἄλλοις ἐπιτ</add>ηδείοις ἔλ<add>εγεν ὡς</add><gap reason="lost"
                            rend=" . . . . . . . . . . . . " /><seg type="noparse">εθελ</seg><gap
                            reason="lost" rend=" . . . . . . . . . . . . ." /><add>δ</add>ωρεὰν <gap
                            reason="lost" rend=" . . . . . . . . . . . . ." /> <note anchored="true"
                            resp="perseus" type="Papyr" xml:lang="eng" place="margin">Column 11</note> <seg
                            type="noparse">κε</seg><gap reason="lost" rend=" . . . . " />τὸν δὲ
                        Μίδαν κελεύς<add>ας</add><note anchored="true" resp="Loeb"><foreign
                                xml:lang="grc">κελεύσας</foreign> Jensen: <foreign xml:lang="grc">κελεύοι
                        με</foreign> Weil.</note> ἐᾶν αὐτῷ καὶ μὴ ὠνεῖσθαι· ἐμὲ δʼ οὐκ ἐθέλειν ἀλλὰ
                        βούλεσθαι πάντας πρίασθαι. καὶ ταῦτα καὶ πρὸς ὑμᾶς αὐτόν, φασίν, μέλλει<add>
                        ν</add> λέγειν, ἵνα δὴ δοκοίη μέτριος εἶναι, ὥς<add>πε</add>ρ πρὸς ἠλιθίους
                        τινὰς διαλεξόμενος καὶ οὐκ αἰσθησομένους τὴν τούτου ἀναίδ<add>εια</add>ν. </p>
                </div>
                <div type="textpart" subtype="section"
                    xml:base="urn:cts:greekLit:tlg0030.tlg003.perseus-grc2" n="24">
                    <p>τὸ δὲ γενόμενον δεῖ ὑμᾶς ἀκοῦσα<add>ι· φαν</add>ήσεται γὰρ ἀκόλουθον ὂν τῇ
                        ἄλλῃ αὐτῶν ἐπιβο<add>υλῇ.</add> τὸν μὲν γὰρ παῖδα, ὅνπ<add>ερ ἀρ</add>τίως
                        εἶπο<add>ν, ἔπε</add>μπέ μοι λέγοντα ὅτι οὐκ <add>ἂν συ</add>νείη μ<add>οι,
                        εἰ μὴ λ</add>ύσομαι<note anchored="true" resp="editor" xml:lang="lat"><foreign
                                xml:lang="grc">εἰ μὴ λύσομαι</foreign> Kenyon: <foreign
                                xml:lang="grc">ἂν μὴ ὠνῶμαι</foreign> Weil.</note> αὐτοῦ τὸν πατ<add>
                        έρ</add>α καὶ τὸν <add>ἀδελφ</add>όν.<note anchored="true" resp="editor"
                            xml:lang="lat"><foreign xml:lang="grc">ἀδελφόν</foreign> Weil.</note>
                        ἤδη δʼ ἐμοῦ ὡμολ<add>ογη</add>κότος <add>αὐτῶν κα</add>ταθήσειν, τριῶν ὄν<add>
                        των</add>, τὸ ἀ<add>ργύριον,<note anchored="true" resp="Loeb"><foreign
                                    xml:lang="grc">ἀργύριον</foreign>Revillout.</note> προς</add>ελθὼν
                        ὁ Ἀθηνογένης πρός <add>τινας<note anchored="true" resp="editor"
                                xml:lang="lat"><foreign xml:lang="grc">τινας</foreign>Diels.</note>
                        τῶν</add> φίλων τῶν ἐμῶν </p>
                </div>
                <div type="textpart" subtype="section"
                    xml:base="urn:cts:greekLit:tlg0030.tlg003.perseus-grc2" n="25">
                    <p>
                        <q><add>τί</add> βού<add>λ</add>ετ<add>αι,</add></q>
                        <add>ἔφη,</add>
                        <q><add>ἐπ</add>ικρατὴς<note anchored="true" resp="editor" xml:lang="lat"><foreign
                                    xml:lang="grc">ἐβούλετο γενόμενος ἐπικρατὴς</foreign>Kenyon.</note>
                            πράγματα ἔχειν <add>ᾧ ἔξεστι λα</add>βόντι τὸν παῖδα <add>χρ</add>ῆσθ<add>
                            αι</add><note anchored="true" resp="Loeb">Post<foreign xml:lang="grc">
                            χρῆσθαι</foreign> add. <foreign xml:lang="grc">ὅ τι ἂν ἐθέλῃ</foreign>
                            Hager.</note><gap reason="lost" rend=" . . . . . . . . . . . " />τὴν μὲν
                            συκοφα<add>ντίαν</add><gap reason="lost"
                                rend=" . . . . . . . . . . . . " /><add>ἐ</add>ποιεῖτο τῷ δὲ <seg
                                type="noparse">λ</seg><gap reason="lost"
                                rend=" . . . . . . . . . . . . . " /><add>ἀ</add>δικημάτων <seg
                                type="noparse">κα</seg><gap reason="lost"
                                rend=" . . . . . . . . . . . " /><add>ἐπ</add>ίστευσα <add>ὡ</add>ς <seg
                                type="noparse">ε</seg><gap reason="lost"
                                rend=" . . . . . . . . . . . " /><add>τὸ</add>ν μὲν παῖδα <seg
                                type="noparse">δι</seg><gap reason="lost"
                                rend="  . . . . . . . . . . . " /><seg type="noparse">ν</seg> οὐκ
                            ἤθελο<add>ν</add><gap reason="lost" rend=" . . . . . . . . . . . " />
                            οὖν τετ<add>ταράκοντα μνᾶς</add><gap reason="lost" rend=" . . . . . " /><add>
                            πέν</add>τε τάλα<add>ντα<note anchored="true" resp="Loeb"><foreign
                                        xml:lang="grc">τετταράκοντα</foreign>usque ad<foreign
                                        xml:lang="grc">τάλαντα</foreign>Diels.</note></add> <gap
                                reason="lost" rend=" . . . . . . . . " /><note anchored="true"
                                resp="P" type="Text">Desunt versus duo.</note></q>
                    </p>
                </div>
                <div type="textpart" subtype="section"
                    xml:base="urn:cts:greekLit:tlg0030.tlg003.perseus-grc2" n="26">
                    <p><note anchored="true" resp="perseus" type="Papyr" xml:lang="eng"
                            place="margin">Column 12</note> <add>οὔτε μυροπώλη</add>ς<note
                            anchored="true" resp="editor" xml:lang="lat">Coll. 12 et 13 plerumque
                        restituit Blass: <foreign xml:lang="grc">οὔτε μυροπώλης</foreign> Diels.</note>
                        εἰμὶ οὔτʼ ἄλλην τέχνην ἐργάζο<add>μαι, ἀλ</add>λʼ ἅπερ ὁ πατήρ μοι ἔδωκεν
                        χωρία<gap reason="lost" rend=" . . . . . " /><add>τα</add>ῦτα<note
                            anchored="true" resp="Loeb"><foreign xml:lang="grc">ταῦτα</foreign>
                        Jensen.</note> γεωργῶ, πρ<add>ὸς</add> δὲ τούτων ε<add>ἰς τὴν</add> ὠνὴν
                        ἐνεσείσθην. πότερα <add>γὰρ εἰκός ἐς</add>τιν, ὦ Ἀθηνόγενες, ἐμὲ τῆς σῆς <add>
                        τέχνης<note anchored="true" resp="editor" xml:lang="lat"><foreign
                                    xml:lang="grc">τέχνης</foreign>Weil.</note> ἐπιθ</add>υμῆσαι, ἧς
                        οὐ<add>κ</add> ἤμην ἔμπει<add>ρος, ἤ σε καὶ τ</add>ὴν<note anchored="true"
                            resp="editor" xml:lang="lat">
                            <foreign xml:lang="grc">ᾔ σε καὶ τὴν</foreign> Weil.</note> ἑταίραν τοῖς
                        ἐμοῖς ἐπι<add>βουλεῦσαι</add>;<note anchored="true" resp="editor"
                            xml:lang="lat">
                            <foreign xml:lang="grc">ἐπιβουλεῦσαι</foreign> Diels.</note> ἐγὼ μὲν γὰρ
                        οἴομαι ὑμᾶς. δι<add>όπερ, ἄνδρες</add> δικασταί, ἐμοὶ μὲν ἂν εἰ<add>κότως
                        συγγνώ</add>μην ἔχο<add>ιτʼ ἀ</add>πα<add>τη</add>θῆναι<note anchored="true"
                            resp="Loeb">
                            <foreign xml:lang="grc">ἔχοιτʼ ἀπατηθῆναι</foreign> de *ricci, qui <foreign
                                xml:lang="grc">ὑπʼ Ἀντιγόνας</foreign> addit.</note> <gap
                            reason="lost" rend=" . . . . . . . . . " />καὶ ἀτυχῆσαι τ<add>οιού</add>
                        τῳ <add>ἀνθρώπῳ περ</add>ιπεσόντα<note anchored="true" resp="Loeb"><foreign
                                xml:lang="grc">περιπεσόντα</foreign> Diels.</note> Ἀθην<add>ογένει
                        δὲ .</add>.<note anchored="true" resp="Loeb">
                            <foreign xml:lang="grc">Ἀθηνογένει δὲ</foreign> Hager, qui <foreign
                                xml:lang="grc">ὀργίζοισθε</foreign> addit. *huc inserunt quidam
                        editores fragmentum extremae alicuius columnae quod ad finem orationis dedi.</note> <note
                            anchored="true" resp="perseus" type="Text" xml:lang="lat">Desunt versus
                        fere sedecim.</note>
                    </p>
                </div>
                <div type="textpart" subtype="section"
                    xml:base="urn:cts:greekLit:tlg0030.tlg003.perseus-grc2" n="27">
                    <p><note anchored="true" resp="perseus" type="Papyr" xml:lang="eng"
                            place="margin">Column 13</note> <seg type="noparse">ενε</seg><gap
                            reason="lost" rend=" . . . . " /><add>π</add>άντα<note anchored="true"
                            resp="Loeb">
                            <foreign xml:lang="grc">ἕνεκα πάθη πάντα</foreign> Colin.</note> ἐμοὶ
                        εἶναι, τὰ δὲ τῆς ἀπάτ<add>ης κέρδη αὐτ</add>ῷ<note anchored="true"
                            resp="Loeb">
                            <foreign xml:lang="grc">ἀπάτης κέρδη αὐτῷ</foreign> Revillout.</note> ·
                        καὶ τὸν μὲν Μίδαν τὸν <seg type="noparse">τολ</seg><gap reason="lost"
                            rend=" . . . . . . . . " /><seg type="noparse">ξαι</seg>,<note
                            anchored="true" resp="Loeb">
                            <foreign xml:lang="grc">τολμῶντα συμπρᾶξαι</foreign> Vogt.</note> ὃν
                        ἄκων φησὶν ἀ<add>πο</add>λῦσαι, τοῦτ<add>ον</add><gap reason="lost"
                            rend=" . . . . . " /><add>λα</add>βεῖν,<note anchored="true" resp="Loeb">
                            <foreign xml:lang="grc">τοῦτον συγχωρῶ λαβεῖν</foreign> Blass.</note>
                        τοῦ δὲ παιδὸς <add>ὃν</add> τότε προῖκ<add>ά μοί φησιν<note anchored="true"
                                resp="Loeb"><foreign xml:lang="grc">φησιν</foreign>Blass:<foreign
                                    xml:lang="grc">ἔφη</foreign>Kenyon.</note>
                        </add>
                        διδόναι, νῦν αὐτ<add>ὸν λ</add>αβεῖν ἀργύρ<add>ιον πολὺ πλε</add>ῖον τῆς
                        ἀξίας, οὐχ ὥστε ἐμὸν εἶν<add>αι, ἀλλʼ ὥστε ὑ</add>φʼ <add>ὑμῶν</add> τῇ ψήφῳ
                        ἐλεύθερον ἀφ<add>ίεσθαι.<note anchored="true" resp="editor" xml:lang="lat"><foreign
                                    xml:lang="grc">ἀφίεσθαι</foreign>Jenson:<foreign xml:lang="grc">
                        ἀφεθῆναι</foreign>Blass.</note>
                        </add>
                    </p>
                </div>
                <div type="textpart" subtype="section"
                    xml:base="urn:cts:greekLit:tlg0030.tlg003.perseus-grc2" n="28">
                    <p><add>αὐτὸς<note anchored="true" resp="editor" xml:lang="lat"><foreign
                                    xml:lang="grc">αὐτὸς</foreign>Diels.</note> μέ</add>ντοι οὐκ
                        ἀξιῶ πρὸς <add>τοῖς ἄλλοις καὶ ἀτι</add>μωθῆναι<note anchored="true"
                            resp="editor" xml:lang="lat">
                            <foreign xml:lang="grc">ἀτιμωθῆναι</foreign> Weil.</note> ὑπʼ Ἀθηνογέν<add>ους.
                        καὶ γὰρ ἂν</add><note anchored="true" resp="editor" xml:lang="lat"><foreign
                                xml:lang="grc">καὶ γὰρ ἂν</foreign> Fuhr: <foreign xml:lang="grc">λίαν
                        γὰρ ἂν</foreign> Diels.</note> δεινὸν <add>συ</add>μβαίνοι μ<add>οι, ὦ
                        ἄνδρες δικας</add>ταί,<note anchored="true" resp="editor" xml:lang="lat"><foreign
                                xml:lang="grc">μοι, ὧ ἄνδρες δικασταί</foreign> Revillout.</note> εἰ <seg
                            type="noparse">μ</seg><gap reason="lost" rend=" . . . . " /><seg
                            type="noparse">ος</seg><gap reason="lost" rend=" . . . . . . . . " /><seg
                            type="noparse">εις</seg><gap reason="lost" rend=" . . . . " /><seg
                            type="noparse">ον</seg> ἥμαρτο<add>ν</add><gap reason="lost"
                            rend=" . . . . . . . . " /><seg type="noparse">δι</seg><gap
                            reason="lost" rend=" . . . . . . . . . " /><seg type="noparse">κ</seg><gap
                            reason="lost" rend=" . . . . . . " />μία δὲ <seg type="noparse">κ</seg><gap
                            reason="lost" rend=" . . . . . . " /><seg type="noparse">ου</seg><gap
                            reason="lost" rend=" . . . . . . . . " /><seg type="noparse">ιο</seg><gap
                            reason="lost" rend=" . . " /><add>ἠδί</add>κηκεν<gap reason="lost"
                            rend=" . . . . . . . " /><seg type="noparse">θε</seg><gap reason="lost"
                            rend=" . . . . . . . . . . " /><seg type="noparse"><add>ἀ</add>δικήσαντ</seg><gap
                            reason="lost" rend=" . . . . . . . . . . . . " /><add>τ</add>ιμήματι <seg
                            type="noparse">δ</seg><gap reason="lost" rend=" . . . . . . . . . ." /><seg
                            type="noparse">π</seg><gap reason="lost" rend=" . . . . . " /><seg
                            type="noparse">ται</seg> <seg type="noparse">πολιτ</seg><gap
                            reason="lost" rend=" . . . . . . . . . . . . " /><seg type="noparse">νος</seg>
                        ἐνίοτε <gap reason="lost" rend=" . . . . . . " /><note anchored="true"
                            resp="perseus" type="Text" xml:lang="lat">Desunt versus fere decem.</note> <note
                            anchored="true" resp="perseus" type="Papyr" xml:lang="eng"
                            place="margin">Column 14</note> <seg type="noparse">ώτατοι</seg> τῶν
                        μετοίκων ἀφυ<add>λάκτως ἔρ</add>χεσθαι.<note anchored="true" resp="editor"
                            xml:lang="lat">Coll. 14, 15, 16 plerumque restituit Revillout: <foreign
                                xml:lang="grc">ἀφυλάκτως ἔρχεσθαι</foreign> Jensen.</note>
                    </p>
                </div>
                <div type="textpart" subtype="section"
                    xml:base="urn:cts:greekLit:tlg0030.tlg003.perseus-grc2" n="29">
                    <p>ἐν δὲ τῷ πολέμῳ τῷ πρὸς Φίλιππον μικρὸν πρὸ τῆς μάχης ἀπέ<add>λιπε</add><note
                            anchored="true" resp="Loeb"><foreign xml:lang="grc">ἀπέλιπε</foreign>
                        Revillout:<foreign xml:lang="grc">ἀπέδρα</foreign> Kenyon.</note> τὴν πόλιν,
                        καὶ μεθʼ ὑμῶν μὲν οὐ συνεστρατεύς<add>ατ</add>ο εἰς Χαιρώνειαν, ἐξῴκησε δὲ
                        εἰς Τ<add>ροι</add>ζῆνα, παρὰ τὸν νόμον ὃς κελεύει ἔνδ<add>ειξιν</add> ε<add>
                        ἶναι</add> καὶ ἀπαγωγὴν τοῦ ἐξοικήσαντος <add>ἐν</add> τῷ πολέμῳ, ἐὰν πάλιν
                        ἔλθῃ. καὶ ταῦ<add>τʼ ἐποί</add>ει τὴν μὲν ἐκείνων πόλιν, ὡς ἔοικ<add>ε,
                        περιέ</add>σε<add>σθ</add>αι<note anchored="true" resp="editor"
                            xml:lang="lat">
                            <foreign xml:lang="grc">περιέσεσθαι</foreign> Weil.</note> ὑπολαμβ<add>
                        άνω</add>ν, τῆς δὲ ἡμε<add>τέρας θά</add>να<add>το</add>ν καταγνο<add>ύς</add>
                        .<note anchored="true" resp="Loeb">
                            <foreign xml:lang="grc">ἡμετέρας θάνατον καταγνούς</foreign> Blass.</note>
                        καὶ τὰς θυγα<add>τέρας ἐν</add><note anchored="true" resp="Loeb">
                            <foreign xml:lang="grc">θυγατέρας ἐν</foreign> Vogt.</note> τῇ παρʼ ὑμῖν
                        εὐδα<add>ιμον</add>ίᾳ ἐκθρέψα<add>ς</add><note anchored="true" resp="editor"
                            xml:lang="lat">Post <foreign xml:lang="grc">ἐκθρέψας</foreign> add. <foreign
                                xml:lang="grc">ἐν τῇ ἀτυχίᾳ</foreign> Colin, post<foreign
                                xml:lang="grc">ἐξέδωκεν</foreign> add.<foreign xml:lang="grc">ἄλλοσε</foreign>
                        Weil.</note><gap reason="lost" rend=" . . . . . . . . " />ἐξέδωκ<add>εν</add><gap
                            reason="lost" rend=" . . . . . . " /><seg type="noparse">ως</seg><note
                            anchored="true" resp="editor" xml:lang="lat">
                            <foreign xml:lang="grc">ως</foreign> incertum: <foreign xml:lang="grc">ὃς
                        πάλιν ἧκεν ὑμῖν παρεργασόμενος</foreign> Colin.</note> πάλιν <seg
                            type="noparse">η</seg><gap reason="lost" rend=" . . . . . . . . " />
                        ἐργασόμε<add>νος ἐπ</add>εὶ εἰρήνη γέ<add>γονεν</add>. </p>
                </div>
                <div type="textpart" subtype="section"
                    xml:base="urn:cts:greekLit:tlg0030.tlg003.perseus-grc2" n="30">
                    <p>τ<add>αῦτ</add>α<note anchored="true" resp="editor" xml:lang="lat"><foreign
                                xml:lang="grc">ταῦτα</foreign> Kenyon.</note> γὰρ ὑμῖ<add>ν</add><gap
                            reason="lost" rend=" . . . . . " /><seg type="noparse">ασιν</seg> οἱ <seg
                            type="noparse">χρης</seg><gap reason="lost" rend=" . . . . . . . . " /><add>
                        ο</add>ὗτοι ποι<gap reason="lost" rend=" . . . . . . " />τῇ εἰρήνῃ <seg
                            type="noparse">χρ</seg><gap reason="lost" rend=" . . . . . . . . " />πω<gap
                            reason="lost" rend=" . . . . . . " />ἐν τοῖς κινδ<add>ύνοις</add><gap
                            reason="lost" rend=" . . . . . . . . . " /><seg type="noparse">π</seg><gap
                            reason="lost" rend=" . . . . . . . " />μὲν ἐν Πλατα<add>ιαῖς</add><gap
                            reason="lost" rend=" . . . . . . . . . . . . " />δήσαντες <seg
                            type="noparse">ο</seg><gap reason="lost"
                            rend=" . . . . . . . . . . . . " /><add>Ἀθη</add>νογ<add>ένη</add>ς <gap
                            reason="lost" rend=" . . " /><seg type="noparse">π</seg><gap
                            reason="lost" rend=" . . . . . . . . . . . . " /><seg type="noparse">
                        χειν</seg><gap reason="lost" rend=" . . . " /><seg type="noparse">νω</seg><gap
                            reason="lost" rend=" . . . . . . . . . . . . " /><seg type="noparse">το</seg><gap
                            reason="lost" rend=" . . . . . " /><seg type="noparse">υθ</seg><gap
                            reason="lost" rend=" . . . . "></gap> <note anchored="true"
                            resp="perseus" type="Text" xml:lang="lat">Desunt versus fere sex.</note>
                    </p>
                </div>
                <div type="textpart" subtype="section"
                    xml:base="urn:cts:greekLit:tlg0030.tlg003.perseus-grc2" n="31">
                    <p><note anchored="true" resp="perseus" type="Papyr" xml:lang="eng"
                            place="margin">Column 15</note> <add>τὰς</add> κοινὰς τῆς πόλεως συνθήκας
                        παραβὰς ταῖς ἰδίαις πρὸς ἐμὲ ἰσχυρίζεται, ὥσπερ ἄν τινα πεισθέντα ὡς ὁ τῶν
                        πρὸς ὑμᾶς δικαίων καταφρονήσας οὗτος ἂν τῶν πρὸς ἐ<add>μὲ</add><note
                            anchored="true" resp="editor" xml:lang="lat">
                            <foreign xml:lang="grc">ἐμὲ</foreign> Diels.</note> ἐφρόντιζεν· ὃς οὕτω
                        πονηρός ἐστι καὶ πανταχοῦ ὅμοιος ὥστε καὶ εἰς Τροιζῆνα ἐλθὼν καὶ ποιησαμένων
                        αὐτὸν Τροιζηνίων πολίτην, ὑποπεσὼν Μνησίαν τ<add>ὸν</add> Ἀργεῖον καὶ ὑπʼ
                        ἐκείνου κατας<add>τα</add>θεὶς <add>ἄρχω</add>ν, ἐξέβαλεν τοὺς πολίτας ἐκ
                        τῆς <add>πόλ</add>εως, ὡς ὑμῖν αὐτοὶ μαρτυρήσουσιν· ἐνθάδε γὰρ φεύγουσιν. </p>
                </div>
                <div type="textpart" subtype="section"
                    xml:base="urn:cts:greekLit:tlg0030.tlg003.perseus-grc2" n="32">
                    <p>καὶ ὑμεῖς μέν, ὦ ἄνδρες δικασταί, ἐκπεσόντας αὐτοὺς ὑπεδέξασθε καὶ πολίτας
                        ἐποιήσασθε καὶ τῶν ὑμετέρων ἀγαθῶν πάντων μετέδοτε, ἀπομνημονεύσαντες τὴν
                        εὐεργεσίαν τ<add>ὴν</add> πρὸς τὸν βάρβαρον διʼ ἐτῶν πλειόνων <add>ἢ<note
                                anchored="true" resp="Loeb"><foreign xml:lang="grc">ἢ</foreign>
                        Kenyon.</note> πε</add>ντήκοντα κ<add>αὶ</add> ἑκατόν, καὶ οἰόμενοι <add>
                        δεῖν</add> τοὺς ἐν τοῖς κινδύνοις ὑμῖν χρησίμους <add>γε</add>νομένους
                        τούτους ἀτυχοῦντ<add>ας περ</add>ις<add>ωθῆναι</add><note anchored="true"
                            resp="Loeb"><foreign xml:lang="grc">περισωθῆναι</foreign> Jensen in add.</note>
                        ὑφʼ ὑμῶν. οὗτος δὲ ὁ μιαρός, <add>ὁ</add> ἀφεὶς <add>ὑμᾶς κἀ</add>κεῖ ἐγγραφ<add>
                        εί</add>ς, οὔτε τῆς πολιτεί<add>ας οὔτε τοῦ ἤθο</add>υς τῆς πόλεως οὐδὲν <add>
                        ἐ</add>πετή<add>δευεν ἄξι</add>ον<note anchored="true" resp="Loeb">
                            <foreign xml:lang="grc">οὔτε</foreign> usque ad<foreign xml:lang="grc">
                        ἄξιον</foreign> Jensen.</note> ἀλ<add>λʼ οὕτ</add>ως ὠμῶς τοῖς ὑπο<add>δεξαμένοις
                        α</add>ὐτὸν<note anchored="true" resp="editor" xml:lang="lat">
                            <foreign xml:lang="grc">ὑποδεξαμένοις αὐτὸν</foreign> Blass.</note> <add>
                        ἐχρ</add>ήσατο ὥστε <seg type="noparse"><add>μ</add>ετα</seg><gap
                            reason="lost" rend=" . . . . . . . . . . . . " /><seg type="noparse">το</seg>
                        ἐν τῇ ἐκκλησίᾳ<gap reason="lost" rend=" . . . . . . . . . . . . " />κατὰ
                        τοῦτ<add>ο</add><gap reason="lost" rend=" . . . . . . . . . . . . " /> <note
                            anchored="true" resp="perseus" type="Papyr" xml:lang="eng"
                            place="margin">Column 16</note> <gap reason="lost"
                            rend=" . . . . . . . . . . . . " /><seg type="noparse">ραν</seg> δεδ<add>
                        ιὼς</add><gap reason="lost" rend=" . . . . . . " /><seg type="noparse">ιν</seg>
                        κατέφ<add>υγ</add>εν. </p>
                </div>
                <div type="textpart" subtype="section"
                    xml:base="urn:cts:greekLit:tlg0030.tlg003.perseus-grc2" n="33">
                    <p>καὶ ταῦτα ὅτι ἀληθῆ λέ<add>γω, ἀνα</add>γνώσεται ὑμῖν πρῶτον μὲν τὸν νόμον <add>
                        ὃς</add> οὐκ ἐᾷ τοὺς μετοίκους ἐξοι<add>κεῖ</add>ν ἐ<add>ν τῷ π</add>ολέμῳ,
                        ἔπειτα τὴν Τροιζη<add>νίων</add> μαρ<add>τυ</add>ρίαν, πρὸς δὲ τούτοις τὸ
                        τῶν <add>Τροιζηνίω</add>ν<note anchored="true" resp="editor" xml:lang="lat">
                            <foreign xml:lang="grc">Τροιζηνίων</foreign> Blass: <foreign
                                xml:lang="grc">αὐτῶν ἐκείνων</foreign> Kenyon.</note> ψήφισμα ὃ
                        ἐψηφίσαντ<add>ο τῇ πόλει τῇ ὑμ</add>ετέρᾳ,<note anchored="true"
                            resp="editor" xml:lang="lat">
                            <foreign xml:lang="grc">τῇ πόλει τῇ ὑμετέρᾳ</foreign> Diels.</note> διʼ
                        ὃ ὑμεῖς αὐτοὺς <add>ὑπεδέξασθε</add> καὶ πολίτας ἐποιήσασθε. ἀνά<add>γνωθι</add>
                        .<quote n="*no/mos">
                            <title>
                                <del>νόμος</del>
                            </title>
                        </quote><quote
                            n="*marturi/a">
                            <title>Μαρτυρία</title>
                        </quote><quote
                            n="*yh/fisma">
                            <title>
                                <del>ψήφισμα</del>
                            </title>
                        </quote>
                    </p>
                </div>
                <div type="textpart" subtype="section"
                    xml:base="urn:cts:greekLit:tlg0030.tlg003.perseus-grc2" n="34">
                    <p>λα<add>βὲ δή μοι<note anchored="true" resp="editor" xml:lang="lat"><foreign
                                    xml:lang="grc">δή μοι</foreign>Blass:<foreign xml:lang="grc">μοι
                        νῦν</foreign>Revillout.</note> καὶ τὴ</add>ν τοῦ κηδ<add>εστ</add>οῦ αὐτοῦ
                        μα<add>ρτυρίαν</add><note anchored="true" resp="editor" xml:lang="lat">
                            <foreign xml:lang="grc">μαρτυρίαν</foreign> Blass.</note><gap
                            reason="lost" rend=" . . . . . . " /><seg type="noparse">μεν</seg> <seg
                            type="noparse">ουσια</seg><gap reason="lost" rend=" . . . . . . " /><seg
                            type="noparse">ι</seg> <seg type="noparse">λατ</seg><gap reason="lost"
                            rend=" . . . . . . " /><seg type="noparse">πα</seg><gap reason="lost"
                            rend=" . . . . . . . . . . . " /><add>κα</add>ταλειφ<add>θέντα</add><gap
                            reason="lost" rend=" . . . . . . . . . . . " /><seg type="noparse">αδ</seg><gap
                            reason="lost" rend=" . . . . . . . . . . . " /><add>ἑ</add>ξῆς πάλιν <seg
                            type="noparse">ω</seg><gap reason="lost" rend=" . . . . . . " /><seg
                            type="noparse">α</seg><gap reason="lost" rend=" . . . . . . " /><seg
                            type="noparse">π</seg><gap reason="lost" rend=" . . . . . . . . . . . " /><add>
                        τὴ</add>ν Ἀντιγόν<add>αν</add><gap reason="lost"
                            rend=" . . . . . . . . . . . " /><seg type="noparse">ε</seg><gap
                            reason="lost" rend=" . . . . . . . . . . . " /><seg type="noparse">μαρτ<add>
                        υρ</add></seg> <note anchored="true" resp="perseus" type="Text"
                            xml:lang="lat">Desunt versus fere decem.</note>
                    </p>
                </div>
                <div type="textpart" subtype="section"
                    xml:base="urn:cts:greekLit:tlg0030.tlg003.perseus-grc2" n="35">
                    <p><note anchored="true" resp="perseus" type="Papyr" xml:lang="eng"
                            place="margin">Column 17</note> <add>πρα</add>χθέντα<note anchored="true"
                            resp="editor" xml:lang="lat">Col. 17 plerumque restituit Blass.</note>
                        καὶ ὃν <add>τρ</add>όπον ἐ<add>πιβεβούλευκέν</add><note anchored="true"
                            resp="editor" xml:lang="lat">
                            <foreign xml:lang="grc">ἐπιβεβούλευκέν</foreign> Weil.</note> μοι
                        Ἀθηνογένης, καὶ ὡς ὑμῖν π<add>ροσενήνεκ</add>ται.<note anchored="true"
                            resp="editor" xml:lang="lat">
                            <foreign xml:lang="grc">προσενήνεκται</foreign> Sudhaus.</note> τὸν δὴ
                        καὶ ἰδίᾳ πονηρὸν <add>καὶ τῆς πόλε</add>ως<note anchored="true"
                            resp="editor" xml:lang="lat">
                            <foreign xml:lang="grc">καὶ τῆς πόλεως</foreign> Diels.</note> τὴν
                        σωτηρίαν ἀπελπίσαν<add>τα καὶ ὑμᾶς<note anchored="true" resp="editor"
                                xml:lang="lat"><foreign xml:lang="grc">καὶ ὑμᾶς</foreign>Revillout.</note>
                        </add>
                        ἐγκαταλιπόντα, καὶ παρʼ οὓς ἐξ<add>ῴκησεν</add> ἀναστάτους ποιήσαντα, <add>
                        τοῦτον<note anchored="true" resp="editor" xml:lang="lat"><foreign
                                    xml:lang="grc">τοῦτον</foreign>Weil.</note> ὑμεῖς συν</add>
                        ειληφότες<note anchored="true" resp="Loeb"><foreign xml:lang="grc">
                        συνειληφότες</foreign> Sudhaus: <foreign xml:lang="grc">νῦν εἰληφότες</foreign>
                        Blass.</note> οὐ κολάσετε; </p>
                </div>
                <div type="textpart" subtype="section"
                    xml:base="urn:cts:greekLit:tlg0030.tlg003.perseus-grc2" n="36">
                    <p>κ<add>αὶ ἐγώ, ὦ ἄνδρες δι</add>κασταί, δέομαι ὑμῶν <add>καὶ ἀντιβολῶ ἐλεῆσαί</add><note
                            anchored="true" resp="editor" xml:lang="lat">
                            <foreign xml:lang="grc">ἐλεῆσαί</foreign> Hager.</note> με, ἐκεῖνο
                        σκεψαμέ<add>νους, ὅτι προσήκει ἐν τα</add>ύτῃ τῇ δίκῃ<gap reason="lost"
                            rend=". . . . . . . . . . . " /><seg type="noparse">ιν</seg> ἐλεεῖν οὐ
                        τὸν <seg type="noparse">φ</seg><gap reason="lost"
                            rend=" . . . . . . . . . . . " /><add>ἐὰ</add>ν ἁλῷ οὐδὲν πάσχε<add>ιν</add><gap
                            reason="lost" rend=" . . . . . . . . . . . " /><seg type="noparse">δε</seg> <seg
                            type="noparse">τοτ</seg><gap reason="lost" rend=" . . " /><seg
                            type="noparse">τι</seg> <seg type="noparse">παλ</seg><gap reason="lost"
                            rend=" . . . . . . . . . . . " />δʼ ἂν ἀ<add>πο</add>φύγῃ<note
                            anchored="true" resp="Loeb">
                            <foreign xml:lang="grc">ἀποφύγῃ</foreign> Diels.</note> με<gap
                            reason="lost" rend=" . . . . . . . . . . . " /><add>ἀπολο</add>ῦμαι.<note
                            anchored="true" resp="editor" xml:lang="lat">
                            <foreign xml:lang="grc">ἀπολοῦμαι</foreign> Diels.</note> οὐ γὰρ ἂν δ<add>
                        υναίμην</add><gap reason="lost" rend=" . . . . . . . . . . . " /><seg
                            type="noparse">ψ</seg> <gap reason="lost" rend=" . . " /> <seg
                            type="noparse">ν</seg> οὐδὲ <add>π</add>ολλοστ<add>ὸν μέρος</add><gap
                            reason="lost" rend=" . . . . . . . . . . . " /><seg type="noparse">αν</seg><gap
                            reason="lost" rend=" . . . . . . " /><seg type="noparse">αιαχ</seg><gap
                            reason="lost" rend=" . . . . . . . . . . . " /><add>ὦ</add> ἄνδρ<add>ες
                        δικ</add>αστ<add>αί,</add><gap reason="lost" rend=" . . . . . . . . . . . " /><seg
                            type="noparse">ς</seg> ἐξ<gap reason="lost" rend=" . . . . " />α<add>ὐτ</add>
                        ῶν <seg type="noparse">τ</seg> <gap reason="lost"
                            rend=" . . . . . . . . . . . " /> <note anchored="true" resp="perseus"
                            type="Text" xml:lang="lat">Desunt versus octo vel minus.</note>
                    </p>
                </div>
                <div type="textpart" subtype="section"
                    xml:base="urn:cts:greekLit:tlg0030.tlg003.perseus-grc2" n="frag_36">
                    <p><bibl xml:lang="lat">in extrema duodecima columna</bibl> <gap reason="lost"
                            rend=" . . . . . . . . . . . " /><seg type="noparse">αντησο</seg><gap
                            reason="lost" rend=" . . . . . . . . . . . " /><seg type="noparse">λεκεν</seg>
                        ἄλλοι<add>ς</add><gap reason="lost" rend=" . . . . . . . . . . . " /><add>τα</add>ῦτα
                        πέπονθεν <seg type="noparse">τ</seg><gap reason="lost"
                            rend=" . . . . . . . . . . . " /><seg type="noparse">ων</seg> ἀναλωμ<add>
                        άτων</add> λωμ<add>άτων</add><gap reason="lost"
                            rend=" . . . . . . . . . . . " /><seg type="noparse">αλυσιτ</seg><gap
                            reason="lost" rend="  . . . . . . . . . . . " /><add>ὀ</add>φείλους<add>
                        ι</add><gap reason="lost" rend=" . . . . . . . . . . . " />ὅ ποτε ἀπέλυσεν<gap
                            reason="lost" rend=" . . . " /><add>ὦ ἄνδ</add>ρες δικας<add>ταί, ο</add>ὐδεὶς
                        ὑ<add>μῶν</add><gap reason="lost" rend=" . . . . . . . . . . . " />του<gap
                            reason="lost" rend=" . . . . . . . . . . . " /><seg type="noparse">κατα</seg></p>
                </div>
            </div>

        </body>
    </text>
</TEI>