<?xml version="1.0" encoding="UTF-8"?> 
<?xml-model href="http://www.stoa.org/epidoc/schema/latest/tei-epidoc.rng" schematypens="http://relaxng.org/ns/structure/1.0"?>
<TEI xmlns="http://www.tei-c.org/ns/1.0">
	<teiHeader>
		<fileDesc>
			<titleStmt>
				<title>2onetor</title>
				<author>Demosthenes</author>
				<editor>W. Rennie</editor>
				<sponsor>Perseus Project, Tufts University</sponsor>
				<principal>Gregory Crane</principal>
				<respStmt>
					<resp>Prepared under the supervision of</resp>
					<name>Lisa Cerrato</name>
					<name>William Merrill</name>
					<name>Elli Mylonas</name>
					<name>David Smith</name>
				</respStmt>
				<funder n="org:AnnCPB">The Annenberg CPB/Project</funder>
			</titleStmt>
			<publicationStmt>
				<publisher>Trustees of Tufts University</publisher>
				<pubPlace>Medford, MA</pubPlace>
				<authority>Perseus Project</authority>
				<date type="release">1996</date>
			</publicationStmt>
			<notesStmt>
				<note>Perseus 2.0</note>
			</notesStmt>
			<sourceDesc>
				<biblStruct>
					<monogr>
						<author>Demosthenes</author>
						<title>Demosthenis. Orationes. Vol. II, Part 2. ed W. Rennie</title>
						<imprint>
							<publisher>Clarendon Press, Oxford</publisher>
							<date>1921</date>
						</imprint>
					</monogr>
					<ref target="https://archive.org/details/p2orationesrecog02demouoft">Internet
						Archive</ref>
				</biblStruct>
			</sourceDesc>
		</fileDesc>
		<encodingDesc>
			<refsDecl n="CTS">
				<cRefPattern n="section"
					matchPattern="(\w+)"
					replacementPattern="#xpath(/tei:TEI/tei:text/tei:body/tei:div/tei:div[@n='$1'])">
					<p>This pointer pattern extracts section</p>
				</cRefPattern>
			</refsDecl>
			<refsDecl>
				<refState unit="section" />
			</refsDecl>
			<editorialDecl>
				<quotation marks="none" />
			</editorialDecl>
		</encodingDesc>
		<profileDesc>
			<langUsage>
				<language ident="grc">Greek</language>
				<language ident="eng">English</language>
			</langUsage>
		</profileDesc>
		<revisionDesc>
			<change when="2018-10-23" who="Lisa Cerrato">CTS and EpiDoc conversion</change>
			<change when="2014-08-01" who="Stella Dee">edited markup</change>
			<change when="2014-07-01" who="Stella Dee">split composite text and converted to unicode</change>
		</revisionDesc>
	</teiHeader>

	<text xml:lang="grc">
		<body>
			<div type="edition" n="urn:cts:greekLit:tlg0014.tlg031.perseus-grc2" xml:lang="grc">
				<div type="textpart" subtype="section" n="1">
					<p rend="indent">ὃ παρέλιπον ἐν τῷ προτέρῳ λόγῳ τεκμήριον, οὐδενὸς τῶν εἰρημένων
						ἔλαττον, τοῦ μὴ δεδωκέναι τὴν προῖκα τούτους Ἀφόβῳ, τοῦτο πρῶτον εἰπών, μετὰ
						τοῦτο καὶ περὶ ὧν οὗτος ἔψευσται πρὸς ὑμᾶς ἐξελέγχειν αὐτὸν πειράσομαι.
						οὗτος γάρ, ὦ ἄνδρες δικασταί, τὸ πρῶτον ὅτε τῶν Ἀφόβου διενοεῖτʼ
						ἀμφισβητεῖν, οὐχὶ τάλαντον ἔφη τὴν προῖκα, ὥσπερ νυνί, ἀλλʼ ὀγδοήκοντα μνᾶς
						δεδωκέναι, καὶ τίθησιν ὅρους ἐπὶ μὲν τὴν οἰκίαν δισχιλίων, ἐπὶ δὲ τὸ χωρίον
						ταλάντου, βουλόμενος μὴ μόνον τοῦτο, ἀλλὰ κἀκείνην διασῴζειν αὐτῷ.</p>
				</div>
				<div type="textpart" subtype="section" n="2">
					<p>γενομένης δέ μοι τῆς δίκης πρὸς αὐτόν, ἰδὼν ὡς διάκεισθʼ ὑμεῖς πρὸς τοὺς λίαν
						ἀναιδῶς ἀδικοῦντας, ἔννους γίγνεται, καὶ δεινὰ πάσχειν ἡγήσατο δόξειν ἐμὲ
						τοσούτων χρημάτων ἀπεστερημένον, εἰ μηδʼ ὁτιοῦν ἕξοιμι τῶν Ἀφόβου λαβεῖν τοῦ
						τἄμʼ ἔχοντος, ἀλλʼ ὑπὸ τούτου κωλυόμενος φανερὸς γενήσομαι.</p>
				</div>
				<div type="textpart" subtype="section" n="3">
					<p>καὶ τί ποιεῖ; τοὺς ὅρους ἀπὸ τῆς οἰκίας ἀφαιρεῖ, καὶ τάλαντον μόνον εἶναι τὴν
						προῖκά φησιν, ἐν ᾧ τὸ χωρίον ἀποτετιμῆσθαι. καίτοι δῆλον ὅτι τοὺς ἐπὶ τῆς
						οἰκίας ὅρους εἰ δικαίως ἔθηκεν καὶ ὄντως ἀληθεῖς, δικαίως καὶ τοὺς ἐπὶ τοῦ
						χωρίου τέθηκεν· εἰ δʼ εὐθὺς ἀδικεῖν βουλόμενος ψευδεῖς ἔθηκεν ἐκείνους,
						εἰκὸς καὶ τούτους οὐκ ἀληθεῖς ὑπάρχειν.</p>
				</div>
				<div type="textpart" subtype="section" n="4">
					<p>τοῦτο τοίνυν οὐκ ἐξ ὧν ἐγὼ δεδήλωκα λόγων δεῖ σκοπεῖν, ἀλλʼ ἐξ ὧν αὐτὸς οὗτος
						διεπράξατο· οὐδʼ ὑφʼ ἑνὸς γὰρ ἀναγκασθεὶς ἀνθρώπων αὐτὸς ἀνεῖλεν τοὺς ὅρους,
						ἔργῳ φανερὸν ποιήσας ὅτι ψεύδεται. καὶ ταῦθʼ ὡς ἀληθῆ λέγω, τὸ μὲν χωρίον
						καὶ νῦν οὗτός φησιν ἀποτετιμῆσθαι ταλάντου, τὴν δʼ οἰκίαν ὡς προσωρίσατο
						δισχιλίων καὶ πάλιν τοὺς ὅρους ἀνεῖλεν γενομένης τῆς δίκης, τοὺς εἰδότας
						ὑμῖν μάρτυρας παρέξομαι. καί μοι λαβὲ τὴν μαρτυρίαν.</p>
					<p rend="center">
						<label>ΜΑΡΤΥΡΙΑ.</label>
					</p>
				</div>
				<div type="textpart" subtype="section" n="5">
					<p rend="indent">δῆλον τοίνυν ὅτι δισχιλίων μὲν ὡρισμένος τὴν οἰκίαν, ταλάντου
						δὲ τὸ χωρίον, ὡς ὀγδοήκοντα μνᾶς δεδωκὼς ἔμελλεν ἀμφισβητήσειν. μεῖζον οὖν
						ἄν τι γένοιτο τεκμήριον ὑμῖν τοῦ μηδὲν ἀληθὲς νῦν λέγειν τοῦτον ἢ εἰ φανείη
						μὴ ταὐτὰ λέγων τοῖς ἐξ ἀρχῆς περὶ τῶν αὐτῶν; ἐμοὶ μὲν γὰρ οὐδὲν ἂν δοκεῖ
						τούτου μεῖζον εὑρεθῆναι.</p>
				</div>
				<div type="textpart" subtype="section" n="6">
					<p rend="indent">σκέψασθε τοίνυν τὴν ἀναίδειαν, ὃς ἐν ὑμῖν ἐτόλμησεν εἰπεῖν, ὡς
						οὐκ ἀποστερεῖ μʼ ὅσῳ πλείονος ἄξιόν ἐστι ταλάντου, καὶ ταῦτʼ αὐτὸς τιμήσας
						οὐκ ἄξιον εἶναι πλείονος. τί γὰρ βουλόμενος δισχιλίων προσωρίσω τὴν οἰκίαν,
						ὅτε τὰς ὀγδοήκοντα μνᾶς ἐνεκάλεις, εἴ γε τὸ χωρίον ἄξιον ἦν πλείονος, ἀλλʼ
						οὐκ ἐπὶ τούτῳ καὶ τὰς δισχιλίας ἐτίθεις; </p>
				</div>
				<div type="textpart" subtype="section" n="7">
					<p>ἢ ὅταν μέν σοι δοκῇ πάντα τὰ Ἀφόβου διασῴζειν, τό τε χωρίον ἔσται ταλάντου
						μόνον ἄξιον, καὶ τὴν οἰκίαν ἐν δισχιλίαις προσέξεις, ἥ τε προὶξ ὀγδοήκοντα
						μναῖ γενήσονται, καὶ ἀξιώσεις ἔχειν ἀμφότερα· ὅταν δέ σοι μὴ συμφέρῃ,
						τἀναντία πάλιν ἡ μὲν οἰκία ταλάντου, διότι νῦν ἐγὼ ταύτην ἔχω, τοῦ δὲ χωρίου
						τὸ περιὸν οὐκ ἐλάττονος ἢ δυοῖν ἄξιον, ἵνʼ ἐγὼ δοκῶ βλάπτειν τοῦτον, οὐκ
						ἀποστερεῖσθαι; </p>
				</div>
				<div type="textpart" subtype="section" n="8">
					<p>ὁρᾷς ὡς ὑποκρίνει μὲν δεδωκέναι τὴν προῖκα, φαίνει δὲ κατʼ οὐδʼ ὁντινοῦν
						τρόπον δεδωκώς; τὰ γὰρ ἀληθῆ καὶ μὴ κακουργούμενα τῶν πραγμάτων ἁπλῶς, οἷʼ
						ἂν ἐξ ἀρχῆς πραχθῇ, τοιαῦτʼ ἐστίν· σὺ δὲ τοὐναντίον ἐξελέγχει πράξας εἰς τὴν
						καθʼ ἡμῶν ὑπηρεσίαν.</p>
				</div>
				<div type="textpart" subtype="section" n="9">
					<p rend="indent">ἄξιον τοίνυν καὶ τὸν ὅρκον, ὁποῖόν τινʼ ἂν ὤμοσεν, εἴ τις
						ἔδωκεν, ἐκ τούτων ἰδεῖν. ὃς γὰρ ὀγδοήκοντα μνᾶς ἔφη τὴν προῖκʼ εἶναι, εἰ
						τότʼ αὐτῷ τις ἔδωκεν, ὀμόσαντι ταῦτʼ ἀληθῆ λέγειν, κομίσασθαι, τί ἐποίησεν
						ἄν; ἢ δῆλον ὅτι ὤμοσεν; τί γὰρ καὶ λέγων οὐ φήσει τότʼ ἂν ὀμόσαι, νῦν γε
						τοῦτʼ ἀξιῶν; οὐκοῦν ὅτι γʼ ἐπιώρκησεν ἄν, ἑαυτὸν ἐξελέγχει· νῦν γὰρ οὐκ
						ὀγδοήκοντα μνᾶς, ἀλλὰ τάλαντον δεδωκέναι φησίν. τί μᾶλλον ἂν οὖν εἰκότως τις
						αὐτὸν ἐκεῖνʼ ἐπιορκεῖν ἢ τάδʼ ἡγοῖτο; ἢ τίνα τις δικαίως ἂν ἔχοι περὶ τούτου
						διάνοιαν, τοῦ ῥᾳδίως οὕτως αὑτὸν ἐξελέγχοντος ὄντʼ ἐπίορκον; </p>
				</div>
				<div type="textpart" subtype="section" n="10">
					<p rend="indent">ἀλλὰ νὴ Δίʼ ἴσως οὐχὶ πάντʼ αὐτῷ τοιαῦτα πέπρακται, οὐδὲ
						πανταχόθεν δῆλός ἐστι τεχνάζων. ἀλλὰ καὶ τιμώμενος φανερὸς γέγονεν ὑπὲρ
						Ἀφόβου ταλάντου, καὶ τοῦτʼ αὐτὸς ἡμῖν ἀποδώσειν ἐγγυώμενος. καίτοι σκέψασθʼ
						ὅτι τοῦτʼ ἔστι τεκμήριον οὐ μόνον τοῦ τὴν γυναῖκα συνοικεῖν Ἀφόβῳ καὶ τοῦτον
						οἰκείως ἔχειν, ἀλλὰ καὶ τοῦ μὴ δεδωκέναι τὴν προῖκα.</p>
				</div>
				<div type="textpart" subtype="section" n="11">
					<p>τίς γὰρ ἀνθρώπων ἠλίθιός ἐστιν οὕτως ὥστʼ ἀργύριον μὲν δοὺς τοσοῦτον, ἔπειθʼ
						ἓν λαβὼν χωρίον ἀμφισβητούμενον εἰς ἀποτίμησιν, σὺν οἷς πρότερον ἐζημίωτο,
						τὸν ἀδικήσανθʼ ὡς δίκαιόν τι ποιήσοντα καὶ τοῦ τῆς δίκης ὀφλήματος
						προσεγγυήσασθαι; ἐγὼ μὲν οὐδένʼ οἶμαι. καὶ γὰρ οὐδὲ λόγον τὸ πρᾶγμʼ ἔχον
						ἐστίν, τὸν αὐτὸν αὑτῷ μὴ δυνάμενον κομίσασθαι τάλαντον, τοῦτον ἄλλῳ τινὶ
						φάσκειν ἀποτείσειν καὶ ταῦτʼ ἐγγυᾶσθαι. ἀλλὰ καὶ ἀπʼ αὐτῶν τούτων ἐστὶ δῆλον
						ὅτι τὴν μὲν προῖκʼ οὐκ ἔδωκεν, ἀντὶ δὲ πολλῶν χρημάτων τῶν ἐμῶν οἰκεῖος ὢν
						Ἀφόβῳ ταῦτʼ ἀπετιμᾶτο, κληρονόμον τὴν ἀδελφὴν τῶν ἐμῶν μετʼ ἐκείνου
						καταστῆσαι βουλόμενος.</p>
				</div>
				<div type="textpart" subtype="section" n="12">
					<p>εἶτα νῦν παρακρούσασθαι ζητεῖ καὶ φενακίζει, λέγων ὡς πρότερον τοὺς ὅρους
						ἔστησεν ἢ ʼκεῖνον τὴν δίκην ὀφλεῖν. οὐ πρότερόν γʼ ἢ παρὰ σοί, νῦν εἰ ἀληθῆ
						λέγεις. δῆλον γὰρ ὅτι καταγνοὺς ἀδικίαν αὐτοῦ ταῦτʼ ἐποίεις. εἶτα καὶ
						γελοῖον τοῦτο λέγειν, ὥσπερ οὐκ εἰδότων ὑμῶν ὅτι πάντες οἱ τὰ τοιαῦτʼ
						ἀδικοῦντες σκοποῦσι τί λέξουσιν, καὶ οὐδεὶς πώποτʼ ὦφλεν σιωπῶν οὐδʼ ἀδικεῖν
						ὁμολογῶν· ἀλλʼ ἐπειδὰν οἶμαι μηδὲν ἀληθὲς λέγων ἐξελεγχθῇ, τότε γιγνώσκεται
						ὁποῖός ἐστιν.</p>
				</div>
				<div type="textpart" subtype="section" n="13">
					<p>ὅπερ καὶ οὗτος ἔμοιγε δοκεῖ πάσχειν. ἐπεὶ φέρε, πῶς ἐστι δίκαιον, ἐὰν μὲν
						ὀγδοήκοντα μνῶν θῇς ὅρους, ὀγδοήκοντα μνᾶς εἶναι τὴν προῖκα, ἐὰν δὲ πλείονος
						πλέον, ἐὰν δʼ ἐλάττονος ἔλαττον; ἢ πῶς ἐστι δίκαιον, τῆς ἀδελφῆς τῆς σῆς
						μηδέπω καὶ τήμερον ἄλλῳ συνοικούσης μηδʼ ἀπηλλαγμένης Ἀφόβου, μηδὲ τὴν
						προῖκα δεδωκότος σοῦ, μηδʼ ὑπὲρ τούτων εἰς βάσανον μηδʼ εἰς ἄλλο δίκαιον
						μηδὲν καταφεύγειν ἐθέλοντος, ὅτι σὺ στῆσαι φὴς ὅρους, σὸν εἶναι τὸ χωρίον;
						ἐγὼ μὲν οὐδαμῶς οἶμαι· τὴν γὰρ ἀλήθειαν σκεπτέον, οὐχ ἅ τις αὑτῷ
						παρεσκεύασεν ἐξεπίτηδες εἰς τὸ λέγειν τι δοκεῖν, ὥσπερ ὑμεῖς.</p>
				</div>
				<div type="textpart" subtype="section" n="14">
					<p>ἔπειτα τὸ δεινότατον· εἰ καὶ δεδωκότες ἦθʼ ὡς μάλιστα τὴν προῖκα, ἣν οὐ
						δεδώκατε, τίς ὁ τούτων αἴτιος; οὐχ ὑμεῖς, ἐπεὶ <add>ἐπὶ</add> τἄμʼ ἔδοτε;
						οὐχ ὅλοις ἔτεσιν πρότερον δέκα τἀμὰ λαβὼν εἶχεν ἐκεῖνος ὧν ὦφλεν τὴν δίκην,
						ἢ κηδεστήν σοι γενέσθαι; ἢ σὲ μὲν δεῖ κομίσασθαι πάντα, τὸν δὲ καὶ
						καταδικασάμενον καὶ διʼ ὀρφανίαν ἠδικημένον καὶ προικὸς ἀληθινῆς
						ἀπεστερημένον, ὃν μόνον ἀνθρώπων οὐδὲ τῆς ἐπωβελίας ἄξιον ἦν κινδυνεύειν,
						ἠναγκάσθαι τοιαῦτα παθεῖν, κεκομισμένον μηδʼ ὁτιοῦν, καὶ ταῦτʼ ἐθέλοντα
						ποιεῖν <add>ἐφʼ</add> ὑμῖν αὐτοῖς, εἴ τι τῶν δεόντων ἐβούλεσθε πράττειν; </p>
				</div>
			</div>
		</body>
	</text>
</TEI>