<?xml version="1.0" encoding="UTF-8"?> 
<?xml-model href="http://www.stoa.org/epidoc/schema/latest/tei-epidoc.rng" schematypens="http://relaxng.org/ns/structure/1.0"?>
<TEI xmlns="http://www.tei-c.org/ns/1.0">
	<teiHeader>
		<fileDesc>
			<titleStmt>
				<title>1Olinthikos</title>
				<author>Demosthenes</author>
				<editor>S. H. Butcher</editor>
				<sponsor>Perseus Project, Tufts University</sponsor>
				<principal>Gregory Crane</principal>
				<respStmt>
					<resp>Prepared under the supervision of</resp>
					<name>Lisa Cerrato</name>
					<name>William Merrill</name>
					<name>Elli Mylonas</name>
					<name>David Smith</name>
				</respStmt>
				<funder n="org:AnnCPB">The Annenberg CPB/Project</funder>
			</titleStmt>
			<publicationStmt>
				<publisher>Trustees of Tufts University</publisher>
				<pubPlace>Medford, MA</pubPlace>
				<authority>Perseus Project</authority>
				<date type="release">1996</date>
			</publicationStmt>
			<notesStmt>
				<note>Perseus 2.0</note>
			</notesStmt>
			<sourceDesc>
				<biblStruct>
					<monogr>
						<author>Demosthenes</author>
						<title>Demosthenis. Orationes. Vol. I. ed. S. H. Butcher</title>
						<imprint>
							<publisher>Clarendon Press, Oxford</publisher>
							<date>1903</date>
						</imprint>
					</monogr>
					<ref target="https://archive.org/details/orationesrecogno01demouoft">Internet
						Archive</ref>
				</biblStruct>
			</sourceDesc>
		</fileDesc>

		<encodingDesc>
			<refsDecl n="CTS">
				<cRefPattern n="section"
					matchPattern="(\w+)"
					replacementPattern="#xpath(/tei:TEI/tei:text/tei:body/tei:div/tei:div[@n='$1'])">
					<p>This pointer pattern extracts section</p>
				</cRefPattern>
			</refsDecl>
			<refsDecl>
				<refState unit="section" />
			</refsDecl>
			<editorialDecl>
				<quotation marks="none" />
			</editorialDecl>
		</encodingDesc>
		<profileDesc>
			<langUsage>
				<language ident="grc">Greek</language>
				<language ident="eng">English</language>
			</langUsage>
		</profileDesc>

		<revisionDesc>
			<change when="2018-09-26" who="Lisa Cerrato">CTS and EpiDoc conversion</change>
			<change when="2014-08-01" who="Stella Dee">edited markup</change>
			<change when="2014-07-01" who="Stella Dee">split composite text and converted to unicode</change>
			<change when="1992-06-02" who="David Smith">fixed corrupt passage in 7.33-34, took out
				line-break hyphens, inserted quotedtext tag around verse</change>
			<change when="1992-03-31" who="William Merrill">Removed caps from non-proper nouns at
				beginnings of sections and paragraphs, Demosthenes 1-64.</change>
		</revisionDesc>

	</teiHeader>
	<text xml:lang="grc">
		<body>
			<div type="edition" n="urn:cts:greekLit:tlg0014.tlg001.perseus-grc2" xml:lang="grc">
				<div type="textpart" subtype="section" n="1">
					<p rend="indent">ἀντὶ πολλῶν ἄν, ὦ ἄνδρες Ἀθηναῖοι, χρημάτων ὑμᾶς ἑλέσθαι
						νομίζω, εἰ φανερὸν γένοιτο τὸ μέλλον συνοίσειν τῇ πόλει περὶ ὧν νυνὶ
						σκοπεῖτε. ὅτε τοίνυν τοῦθʼ οὕτως ἔχει, προσήκει προθύμως ἐθέλειν ἀκούειν τῶν
						βουλομένων συμβουλεύειν· οὐ γὰρ μόνον εἴ τι χρήσιμον ἐσκεμμένος ἥκει τις,
						τοῦτʼ ἂν ἀκούσαντες λάβοιτε, ἀλλὰ καὶ τῆς ὑμετέρας τύχης ὑπολαμβάνω πολλὰ
						τῶν δεόντων ἐκ τοῦ παραχρῆμʼ ἐνίοις ἂν ἐπελθεῖν εἰπεῖν, ὥστʼ ἐξ ἁπάντων
						ῥᾳδίαν τὴν τοῦ συμφέροντος ὑμῖν αἵρεσιν γενέσθαι.</p>
				</div>
				<div type="textpart" subtype="section" n="2">
					<p rend="indent">ὁ μὲν οὖν παρὼν καιρός, ὦ ἄνδρες Ἀθηναῖοι, μόνον οὐχὶ λέγει
						φωνὴν ἀφιεὶς ὅτι τῶν πραγμάτων ὑμῖν ἐκείνων αὐτοῖς ἀντιληπτέον ἐστίν, εἴπερ
						ὑπὲρ σωτηρίας αὐτῶν φροντίζετε· ἡμεῖς δʼ οὐκ οἶδʼ ὅντινά μοι δοκοῦμεν ἔχειν
						τρόπον πρὸς αὐτά. ἔστι δὴ τά γʼ ἐμοὶ δοκοῦντα, ψηφίσασθαι μὲν ἤδη τὴν
						βοήθειαν, καὶ παρασκευάσασθαι τὴν ταχίστην ὅπως ἐνθένδε βοηθήσετε (καὶ μὴ
						πάθητε ταὐτὸν ὅπερ καὶ πρότερον), πρεσβείαν δὲ πέμπειν, ἥτις ταῦτʼ ἐρεῖ καὶ
						παρέσται τοῖς πράγμασιν·</p>
				</div>
				<div type="textpart" subtype="section" n="3">
					<p>ὡς ἔστι μάλιστα τοῦτο δέος, μὴ πανοῦργος ὢν καὶ δεινὸς ἅνθρωπος πράγμασι
						χρῆσθαι, τὰ μὲν εἴκων, ἡνίκʼ ἂν τύχῃ, τὰ δʼ ἀπειλῶν (ἀξιόπιστος δʼ ἂν
						εἰκότως φαίνοιτο), τὰ δʼ ἡμᾶς διαβάλλων καὶ τὴν ἀπουσίαν τὴν ἡμετέραν,
						τρέψηται καὶ παρασπάσηταί τι τῶν ὅλων πραγμάτων.</p>
				</div>
				<div type="textpart" subtype="section" n="4">
					<p>οὐ μὴν ἀλλʼ ἐπιεικῶς, ὦ ἄνδρες Ἀθηναῖοι, τοῦθʼ ὃ δυσμαχώτατόν ἐστι τῶν
						Φιλίππου πραγμάτων, καὶ βέλτιστον ὑμῖν· τὸ γὰρ εἶναι πάντων ἐκεῖνον ἕνʼ ὄντα
						κύριον καὶ ῥητῶν καὶ ἀπορρήτων καὶ ἅμα στρατηγὸν καὶ δεσπότην καὶ ταμίαν,
						καὶ πανταχοῦ αὐτὸν παρεῖναι τῷ στρατεύματι, πρὸς μὲν τὸ τὰ τοῦ πολέμου ταχὺ
						καὶ κατὰ καιρὸν πράττεσθαι πολλῷ προέχει, πρὸς δὲ τὰς καταλλαγάς, ἃς ἂν
						ἐκεῖνος ποιήσαιτʼ ἄσμενος πρὸς Ὀλυνθίους, ἐναντίως ἔχει.</p>
				</div>
				<div type="textpart" subtype="section" n="5">
					<p>δῆλον γάρ ἐστι τοῖς Ὀλυνθίοις ὅτι νῦν οὐ περὶ δόξης οὐδʼ ὑπὲρ μέρους χώρας
						πολεμοῦσιν, ἀλλʼ ἀναστάσεως καὶ ἀνδραποδισμοῦ τῆς πατρίδος, καὶ ἴσασιν ἅ τʼ
						Ἀμφιπολιτῶν ἐποίησε τοὺς παραδόντας αὐτῷ τὴν πόλιν καὶ Πυδναίων τοὺς
						ὑποδεξαμένους· καὶ ὅλως ἄπιστον, οἶμαι, ταῖς πολιτείαις ἡ τυραννίς, ἄλλως τε
						κἂν ὅμορον χώραν ἔχωσι.</p>
				</div>
				<div type="textpart" subtype="section" n="6">
					<p>ταῦτʼ οὖν ἐγνωκότας ὑμᾶς, ὦ ἄνδρες Ἀθηναῖοι, καὶ τἄλλʼ ἃ προσήκει πάντʼ
						ἐνθυμουμένους φημὶ δεῖν ἐθελῆσαι καὶ παροξυνθῆναι καὶ τῷ πολέμῳ προσέχειν
						εἴπερ ποτὲ καὶ νῦν, χρήματʼ εἰσφέροντας προθύμως καὶ αὐτοὺς ἐξιόντας καὶ
						μηδὲν ἐλλείποντας. οὐδὲ γὰρ λόγος οὐδὲ σκῆψις ἔθʼ ὑμῖν τοῦ μὴ τὰ δέοντα
						ποιεῖν ἐθέλειν ὑπολείπεται.</p>
				</div>
				<div type="textpart" subtype="section" n="7">
					<p>νυνὶ γάρ, ὃ πάντες ἐθρύλουν τέως, Ὀλυνθίους ἐκπολεμῶσαι δεῖν Φιλίππῳ, γέγονεν
						αὐτόματον, καὶ ταῦθʼ ὡς ἂν ὑμῖν μάλιστα συμφέροι. εἰ μὲν γὰρ ὑφʼ ὑμῶν
						πεισθέντες ἀνείλοντο τὸν πόλεμον, σφαλεροὶ σύμμαχοι καὶ μέχρι του ταῦτʼ ἂν
						ἐγνωκότες ἦσαν ἴσως· ἐπειδὴ δʼ ἐκ τῶν πρὸς αὑτοὺς ἐγκλημάτων μισοῦσι,
						βεβαίαν εἰκὸς τὴν ἔχθραν αὐτοὺς ὑπὲρ ὧν φοβοῦνται καὶ πεπόνθασιν ἔχειν.</p>
				</div>
				<div type="textpart" subtype="section" n="8">
					<p>οὐ δεῖ δὴ τοιοῦτον, ὦ ἄνδρες Ἀθηναῖοι, παραπεπτωκότα καιρὸν ἀφεῖναι, οὐδὲ
						παθεῖν ταὐτὸν ὅπερ ἤδη πολλάκις πρότερον πεπόνθατε. εἰ γάρ, ὅθʼ ἥκομεν
						Εὐβοεῦσιν βεβοηθηκότες καὶ παρῆσαν Ἀμφιπολιτῶν Ἱέραξ καὶ Στρατοκλῆς ἐπὶ
						τουτὶ τὸ βῆμα, κελεύοντες ἡμᾶς πλεῖν καὶ παραλαμβάνειν τὴν πόλιν, τὴν αὐτὴν
						παρειχόμεθʼ ἡμεῖς ὑπὲρ ἡμῶν αὐτῶν προθυμίαν ἥνπερ ὑπὲρ τῆς Εὐβοέων σωτηρίας,
						εἴχετʼ ἂν Ἀμφίπολιν τότε καὶ πάντων τῶν μετὰ ταῦτʼ ἂν ἦτʼ ἀπηλλαγμένοι
						πραγμάτων.</p>
				</div>
				<div type="textpart" subtype="section" n="9">
					<p>καὶ πάλιν ἡνίκα Πύδνα, Ποτείδαια, Μεθώνη, Παγασαί, τἄλλα, ἵνα μὴ καθʼ ἕκαστα
						λέγων διατρίβω, πολιορκούμενʼ ἀπηγγέλλετο, εἰ τότε τούτων ἑνὶ τῷ πρώτῳ
						προθύμως καὶ ὡς προσῆκεν ἐβοηθήσαμεν αὐτοί, ῥᾴονι καὶ πολὺ ταπεινοτέρῳ νῦν
						ἂν ἐχρώμεθα τῷ Φιλίππῳ. νῦν δὲ τὸ μὲν παρὸν ἀεὶ προϊέμενοι, τὰ δὲ μέλλοντʼ
						αὐτόματʼ οἰόμενοι σχήσειν καλῶς, ηὐξήσαμεν, ὦ ἄνδρες Ἀθηναῖοι, Φίλιππον
						ἡμεῖς καὶ κατεστήσαμεν τηλικοῦτον ἡλίκος οὐδείς πω βασιλεὺς γέγονεν
						Μακεδονίας. νυνὶ δὴ καιρὸς ἥκει τις, οὗτος ὁ τῶν Ὀλυνθίων, αὐτόματος τῇ
						πόλει, ὃς οὐδενός ἐστιν ἐλάττων τῶν προτέρων ἐκείνων.</p>
				</div>
				<div type="textpart" subtype="section" n="10">
					<p>καὶ ἔμοιγε δοκεῖ τις ἄν, ὦ ἄνδρες Ἀθηναῖοι, δίκαιος λογιστὴς τῶν παρὰ τῶν
						θεῶν ἡμῖν ὑπηργμένων καταστάς, καίπερ οὐκ ἐχόντων ὡς δεῖ πολλῶν, ὅμως
						μεγάλην ἂν ἔχειν αὐτοῖς χάριν, εἰκότως· τὸ μὲν γὰρ πόλλʼ ἀπολωλεκέναι κατὰ
						τὸν πόλεμον τῆς ἡμετέρας ἀμελείας ἄν τις θείη δικαίως, τὸ δὲ μήτε πάλαι
						τοῦτο πεπονθέναι πεφηνέναι τέ τινʼ ἡμῖν συμμαχίαν τούτων ἀντίρροπον, ἂν
						βουλώμεθα χρῆσθαι, τῆς παρʼ ἐκείνων εὐνοίας εὐεργέτημʼ ἂν ἔγωγε θείην.</p>
				</div>
				<div type="textpart" subtype="section" n="11">
					<p>ἀλλʼ, οἶμαι, παρόμοιόν ἐστιν ὅπερ καὶ περὶ τῆς τῶν χρημάτων κτήσεως· ἂν μὲν
						γάρ, ὅσʼ ἄν τις λάβῃ, καὶ σῴσῃ, μεγάλην ἔχει τῇ τύχῃ τὴν χάριν, ἂν δʼ
						ἀναλώσας λάθῃ, συνανήλωσε καὶ τὸ μεμνῆσθαι <del>τὴν χάριν</del>. καὶ περὶ
						τῶν πραγμάτων οὕτως οἱ μὴ χρησάμενοι τοῖς καιροῖς ὀρθῶς, οὐδʼ εἰ συνέβη τι
						παρὰ τῶν θεῶν χρηστὸν μνημονεύουσι· πρὸς γὰρ τὸ τελευταῖον ἐκβὰν ἕκαστον τῶν
						πρὶν ὑπαρξάντων κρίνεται. διὸ καὶ σφόδρα δεῖ τῶν λοιπῶν ὑμᾶς, ὦ ἄνδρες
						Ἀθηναῖοι, φροντίσαι, ἵνα ταῦτʼ ἐπανορθωσάμενοι τὴν ἐπὶ τοῖς πεπραγμένοις
						ἀδοξίαν ἀποτριψώμεθα.</p>
				</div>
				<div type="textpart" subtype="section" n="12">
					<p>εἰ δὲ προησόμεθʼ, ὦ ἄνδρες Ἀθηναῖοι, καὶ τούτους τοὺς ἀνθρώπους, εἶτʼ Ὄλυνθον
						ἐκεῖνος καταστρέψεται, φρασάτω τις ἐμοὶ τί τὸ κωλῦον ἔτʼ αὐτὸν ἔσται
						βαδίζειν ὅποι βούλεται. ἆρα λογίζεταί τις ὑμῶν, ὦ ἄνδρες Ἀθηναῖοι, καὶ
						θεωρεῖ τὸν τρόπον διʼ ὃν μέγας γέγονεν ἀσθενὴς ὢν τὸ κατʼ ἀρχὰς Φίλιππος; τὸ
						πρῶτον Ἀμφίπολιν λαβών, μετὰ ταῦτα Πύδναν, πάλιν Ποτείδαιαν, Μεθώνην αὖθις,
						εἶτα Θετταλίας ἐπέβη·</p>
				</div>
				<div type="textpart" subtype="section" n="13">
					<p>μετὰ ταῦτα Φεράς, Παγασάς, Μαγνησίαν, πάνθʼ ὃν ἐβούλετʼ εὐτρεπίσας τρόπον
						ᾤχετʼ εἰς Θρᾴκην· εἶτʼ ἐκεῖ τοὺς μὲν ἐκβαλὼν τοὺς δὲ καταστήσας τῶν βασιλέων
						ἠσθένησε· πάλιν ῥᾴσας οὐκ ἐπὶ τὸ ῥᾳθυμεῖν ἀπέκλινεν, ἀλλʼ εὐθὺς Ὀλυνθίοις
						ἐπεχείρησεν. τὰς δʼ ἐπʼ Ἰλλυριοὺς καὶ Παίονας αὐτοῦ καὶ πρὸς Ἀρύββαν καὶ
						ὅποι τις ἂν εἴποι παραλείπω στρατείας.</p>
				</div>
				<div type="textpart" subtype="section" n="14">
					<p rend="indent">τί οὖν, ἄν τις εἴποι, ταῦτα λέγεις ἡμῖν νῦν; ἵνα γνῶτʼ, ὦ
						ἄνδρες Ἀθηναῖοι, καὶ αἴσθησθʼ ἀμφότερα, καὶ τὸ προΐεσθαι καθʼ ἕκαστον ἀεί τι
						τῶν πραγμάτων ὡς ἀλυσιτελές, καὶ τὴν φιλοπραγμοσύνην ᾗ χρῆται καὶ συζῇ
						Φίλιππος, ὑφʼ ἧς οὐκ ἔστιν ὅπως ἀγαπήσας τοῖς πεπραγμένοις ἡσυχίαν σχήσει.
						εἰ δʼ ὁ μὲν ὡς ἀεί τι μεῖζον τῶν ὑπαρχόντων δεῖ πράττειν ἐγνωκὼς ἔσται,
						ἡμεῖς δʼ ὡς οὐδενὸς ἀντιληπτέον ἐρρωμένως τῶν πραγμάτων, σκοπεῖσθʼ εἰς τί
						ποτʼ ἐλπὶς ταῦτα τελευτῆσαι.</p>
				</div>
				<div type="textpart" subtype="section" n="15">
					<p>πρὸς θεῶν, τίς οὕτως εὐήθης ἐστὶν ὑμῶν ὅστις ἀγνοεῖ τὸν ἐκεῖθεν πόλεμον δεῦρʼ
						ἥξοντα, ἂν ἀμελήσωμεν; ἀλλὰ μήν, εἰ τοῦτο γενήσεται, δέδοικʼ, ὦ ἄνδρες
						Ἀθηναῖοι, μὴ τὸν αὐτὸν τρόπον ὥσπερ οἱ δανειζόμενοι ῥᾳδίως ἐπὶ τοῖς μεγάλοις <del>
						τόκοις</del> μικρὸν εὐπορήσαντες χρόνον ὕστερον καὶ τῶν ἀρχαίων ἀπέστησαν,
						οὕτω καὶ ἡμεῖς <del>ἂν</del> ἐπὶ πολλῷ φανῶμεν ἐρρᾳθυμηκότες, καὶ ἅπαντα
						πρὸς ἡδονὴν ζητοῦντες πολλὰ καὶ χαλεπὰ ὧν οὐκ ἐβουλόμεθʼ ὕστερον εἰς ἀνάγκην
						ἔλθωμεν ποιεῖν, καὶ κινδυνεύσωμεν περὶ τῶν ἐν αὐτῇ τῇ χώρᾳ.</p>
				</div>
				<div type="textpart" subtype="section" n="16">
					<p rend="indent">τὸ μὲν οὖν ἐπιτιμᾶν ἴσως φήσαι τις ἂν ῥᾴδιον καὶ παντὸς εἶναι,
						τὸ δʼ ὑπὲρ τῶν παρόντων ὅ τι δεῖ πράττειν ἀποφαίνεσθαι, τοῦτʼ εἶναι
						συμβούλου. ἐγὼ δʼ οὐκ ἀγνοῶ μέν, ὦ ἄνδρες Ἀθηναῖοι, τοῦθʼ ὅτι πολλάκις ὑμεῖς
						οὐ τοὺς αἰτίους, ἀλλὰ τοὺς ὑστάτους περὶ τῶν πραγμάτων εἰπόντας ἐν ὀργῇ
						ποιεῖσθε, ἄν τι μὴ κατὰ γνώμην ἐκβῇ· οὐ μὴν οἶμαι δεῖν τὴν ἰδίαν ἀσφάλειαν
						σκοποῦνθʼ ὑποστείλασθαι περὶ ὧν ὑμῖν συμφέρειν ἡγοῦμαι.</p>
				</div>
				<div type="textpart" subtype="section" n="17">
					<p>φημὶ δὴ διχῇ βοηθητέον εἶναι τοῖς πράγμασιν ὑμῖν, τῷ τε τὰς πόλεις τοῖς
						Ὀλυνθίοις σῴζειν καὶ τοὺς τοῦτο ποιήσοντας στρατιώτας ἐκπέμπειν, καὶ τῷ τὴν
						ἐκείνου χώραν κακῶς ποιεῖν καὶ τριήρεσι καὶ στρατιώταις ἑτέροις·</p>
				</div>
				<div type="textpart" subtype="section" n="18">
					<p>εἰ δὲ θατέρου τούτων ὀλιγωρήσετε, ὀκνῶ μὴ μάταιος ἡμῖν ἡ στρατεία γένηται.
						εἴτε γὰρ ὑμῶν τὴν ἐκείνου κακῶς ποιούντων, ὑπομείνας τοῦτʼ Ὄλυνθον
						παραστήσεται, ῥᾳδίως ἐπὶ τὴν οἰκείαν ἐλθὼν ἀμυνεῖται· εἴτε βοηθησάντων μόνον
						ὑμῶν εἰς Ὄλυνθον, ἀκινδύνως ὁρῶν ἔχοντα τὰ οἴκοι, προσκαθεδεῖται καὶ
						προσεδρεύσει τοῖς πράγμασι, περιέσται τῷ χρόνῳ τῶν πολιορκουμένων. δεῖ δὴ
						πολλὴν καὶ διχῇ τὴν βοήθειαν εἶναι.</p>
				</div>
				<div type="textpart" subtype="section" n="19">
					<p rend="indent">καὶ περὶ μὲν τῆς βοηθείας ταῦτα γιγνώσκω· περὶ δὲ χρημάτων
						πόρου, ἔστιν, ὦ ἄνδρες Ἀθηναῖοι, χρήμαθʼ ὑμῖν, ἔστιν ὅσʼ οὐδενὶ τῶν ἄλλων
						ἀνθρώπων <del>στρατιωτικά</del>· ταῦτα δʼ ὑμεῖς οὕτως ὡς βούλεσθε λαμβάνετε.
						εἰ μὲν οὖν ταῦτα τοῖς στρατευομένοις ἀποδώσετε, οὐδενὸς ὑμῖν προσδεῖ πόρου,
						εἰ δὲ μή, προσδεῖ, μᾶλλον δʼ ἅπαντος ἐνδεῖ τοῦ πόρου. <q>τί οὖν;</q> ἄν τις
						εἴποι, <q>σὺ γράφεις ταῦτʼ εἶναι στρατιωτικά;</q> μὰ Δίʼ οὐκ ἔγωγε.</p>
				</div>
				<div type="textpart" subtype="section" n="20">
					<p>ἐγὼ μὲν γὰρ ἡγοῦμαι στρατιώτας δεῖν κατασκευασθῆναι <del>καὶ ταῦτʼ εἶναι
						στρατιωτικὰ</del> καὶ μίαν σύνταξιν εἶναι τὴν αὐτὴν τοῦ τε λαμβάνειν καὶ τοῦ
						ποιεῖν τὰ δέοντα, ὑμεῖς δʼ οὕτω πως ἄνευ πραγμάτων λαμβάνειν εἰς τὰς ἑορτάς.
						ἔστι δὴ λοιπόν, οἶμαι, πάντας εἰσφέρειν, ἂν πολλῶν δέῃ, πολλά, ἂν ὀλίγων,
						ὀλίγα. δεῖ δὲ χρημάτων, καὶ ἄνευ τούτων οὐδὲν ἔστι γενέσθαι τῶν δεόντων.
						λέγουσι δὲ καὶ ἄλλους τινὰς ἄλλοι πόρους, ὧν ἕλεσθʼ ὅστις ὑμῖν συμφέρειν
						δοκεῖ· καὶ ἕως ἐστὶ καιρός, ἀντιλάβεσθε τῶν πραγμάτων.</p>
				</div>
				<div type="textpart" subtype="section" n="21">
					<p rend="indent">ἄξιον δʼ ἐνθυμηθῆναι καὶ λογίσασθαι τὰ πράγματʼ ἐν ᾧ καθέστηκε
						νυνὶ τὰ Φιλίππου. οὔτε γάρ, ὡς δοκεῖ καὶ φήσειέ τις ἂν μὴ σκοπῶν ἀκριβῶς,
						εὐτρεπῶς οὐδʼ ὡς ἂν κάλλιστʼ αὐτῷ τὰ παρόντʼ ἔχει, οὔτʼ ἂν ἐξήνεγκε τὸν
						πόλεμόν ποτε τοῦτον ἐκεῖνος, εἰ πολεμεῖν ᾠήθη δεήσειν αὐτόν, ἀλλʼ ὡς ἐπιὼν
						ἅπαντα τότʼ ἤλπιζε τὰ πράγματʼ ἀναιρήσεσθαι, κᾆτα διέψευσται. τοῦτο δὴ
						πρῶτον αὐτὸν ταράττει παρὰ γνώμην γεγονὸς καὶ πολλὴν ἀθυμίαν αὐτῷ παρέχει,
						εἶτα τὰ τῶν Θετταλῶν.</p>
				</div>
				<div type="textpart" subtype="section" n="22">
					<p>ταῦτα γὰρ ἄπιστα μὲν ἦν δήπου φύσει καὶ ἀεὶ πᾶσιν ἀνθρώποις, κομιδῇ δʼ, ὥσπερ
						ἦν, καὶ ἔστι νῦν τούτῳ. καὶ γὰρ Παγασὰς ἀπαιτεῖν αὐτόν εἰσιν ἐψηφισμένοι,
						καὶ Μαγνησίαν κεκωλύκασι τειχίζειν. ἤκουον δʼ ἔγωγέ τινων, ὡς οὐδὲ τοὺς
						λιμένας καὶ τὰς ἀγορὰς ἔτι δώσοιεν αὐτῷ καρποῦσθαι· τὰ γὰρ κοινὰ τὰ Θετταλῶν
						ἀπὸ τούτων δέοι διοικεῖν, οὐ Φίλιππον λαμβάνειν. εἰ δὲ τούτων ἀποστερήσεται
						τῶν χρημάτων, εἰς στενὸν κομιδῇ τὰ τῆς τροφῆς τοῖς ξένοις αὐτῷ καταστήσεται.</p>
				</div>
				<div type="textpart" subtype="section" n="23">
					<p>ἀλλὰ μὴν τόν γε Παίονα καὶ τὸν Ἰλλυριὸν καὶ ἁπλῶς τούτους ἅπαντας ἡγεῖσθαι
						χρὴ αὐτονόμους ἥδιον ἂν καὶ ἐλευθέρους ἢ δούλους εἶναι· καὶ γὰρ ἀήθεις τοῦ
						κατακούειν τινός εἰσι, καὶ ἅνθρωπος ὑβριστής, ὥς φασιν. καὶ μὰ Δίʼ οὐδὲν
						ἄπιστον ἴσως· τὸ γὰρ εὖ πράττειν παρὰ τὴν ἀξίαν ἀφορμὴ τοῦ κακῶς φρονεῖν
						τοῖς ἀνοήτοις γίγνεται· διόπερ πολλάκις δοκεῖ τὸ φυλάξαι τἀγαθὰ τοῦ
						κτήσασθαι χαλεπώτερον εἶναι.</p>
				</div>
				<div type="textpart" subtype="section" n="24">
					<p>δεῖ τοίνυν ὑμᾶς, ὦ ἄνδρες Ἀθηναῖοι, τὴν ἀκαιρίαν τὴν ἐκείνου καιρὸν ὑμέτερον
						νομίσαντας ἑτοίμως συνάρασθαι τὰ πράγματα, καὶ πρεσβευομένους ἐφʼ ἃ δεῖ καὶ
						στρατευομένους αὐτοὺς καὶ παροξύνοντας τοὺς ἄλλους ἅπαντας, λογιζομένους, εἰ
						Φίλιππος λάβοι καθʼ ἡμῶν τοιοῦτον καιρὸν καὶ πόλεμος γένοιτο πρὸς τῇ χώρᾳ,
						πῶς ἂν αὐτὸν οἴεσθʼ ἑτοίμως ἐφʼ ὑμᾶς ἐλθεῖν; εἶτʼ οὐκ αἰσχύνεσθε, εἰ μηδʼ ἃ
						πάθοιτʼ ἄν, εἰ δύναιτʼ ἐκεῖνος, ταῦτα ποιῆσαι καιρὸν ἔχοντες οὐ τολμήσετε;</p>
				</div>
				<div type="textpart" subtype="section" n="25">
					<p rend="indent">ἔτι τοίνυν, ὦ ἄνδρες Ἀθηναῖοι, μηδὲ τοῦθʼ ὑμᾶς λανθανέτω, ὅτι
						νῦν αἵρεσίς ἐστιν ὑμῖν πότερʼ ὑμᾶς ἐκεῖ χρὴ πολεμεῖν ἢ παρʼ ὑμῖν ἐκεῖνον.
						ἐὰν μὲν γὰρ ἀντέχῃ τὰ τῶν Ὀλυνθίων, ὑμεῖς ἐκεῖ πολεμήσετε καὶ τὴν ἐκείνου
						κακῶς ποιήσετε, τὴν ὑπάρχουσαν καὶ τὴν οἰκείαν ταύτην ἀδεῶς καρπούμενοι· ἂν
						δʼ ἐκεῖνα Φίλιππος λάβῃ, τίς αὐτὸν κωλύσει δεῦρο βαδίζειν; Θηβαῖοι;</p>
				</div>
				<div type="textpart" subtype="section" n="26">
					<p> μὴ λίαν πικρὸν εἰπεῖν ᾖ— καὶ συνεισβαλοῦσιν ἑτοίμως. ἀλλὰ Φωκεῖς; οἱ τὴν
						οἰκείαν οὐχ οἷοί τε ὄντες φυλάττειν, ἐὰν μὴ βοηθήσηθʼ ὑμεῖς. ἢ ἄλλος τις;
						ἀλλʼ, ὦ τᾶν, οὐχὶ βουλήσεται. τῶν ἀτοπωτάτων μέντἂν εἴη, εἰ ἃ νῦν ἄνοιαν
						ὀφλισκάνων ὅμως ἐκλαλεῖ, ταῦτα δυνηθεὶς μὴ πράξει.</p>
				</div>
				<div type="textpart" subtype="section" n="27">
					<p>ἀλλὰ μὴν ἡλίκα γʼ ἐστὶν τὰ διάφορʼ ἐνθάδʼ ἢ ἐκεῖ πολεμεῖν, οὐδὲ λόγου
						προσδεῖν ἡγοῦμαι. εἰ γὰρ ὑμᾶς δεήσειεν αὐτοὺς τριάκονθʼ ἡμέρας μόνας ἔξω
						γενέσθαι, καὶ ὅσʼ ἀνάγκη στρατοπέδῳ χρωμένους τῶν ἐκ τῆς χώρας λαμβάνειν,
						μηδενὸς ὄντος ἐν αὐτῇ πολεμίου λέγω, πλείονʼ ἂν οἶμαι ζημιωθῆναι τοὺς
						γεωργοῦντας ὑμῶν ἢ ὅσʼ εἰς ἅπαντα τὸν πρὸ τοῦ πόλεμον δεδαπάνησθε. εἰ δὲ δὴ
						πόλεμός τις ἥξει, πόσα χρὴ νομίσαι ζημιώσεσθαι; καὶ πρόσεσθʼ ἡ ὕβρις καὶ ἔθʼ
						ἡ τῶν πραγμάτων αἰσχύνη, οὐδεμιᾶς ἐλάττων ζημίας τοῖς γε σώφροσιν.</p>
				</div>
				<div type="textpart" subtype="section" n="28">
					<p rend="indent">πάντα δὴ ταῦτα δεῖ συνιδόντας ἅπαντας βοηθεῖν καὶ ἀπωθεῖν
						ἐκεῖσε τὸν πόλεμον, τοὺς μὲν εὐπόρους, ἵνʼ ὑπὲρ τῶν πολλῶν ὧν καλῶς
						ποιοῦντες ἔχουσι μίκρʼ ἀναλίσκοντες τὰ λοιπὰ καρπῶνται ἀδεῶς, τοὺς δʼ ἐν
						ἡλικίᾳ, ἵνα τὴν τοῦ πολεμεῖν ἐμπειρίαν ἐν τῇ Φιλίππου χώρᾳ κτησάμενοι
						φοβεροὶ φύλακες τῆς οἰκείας ἀκεραίου γένωνται, τοὺς δὲ λέγοντας, ἵνʼ αἱ τῶν
						πεπολιτευμένων αὐτοῖς εὔθυναι ῥᾴδιαι γένωνται, ὡς ὁποῖʼ ἄττʼ ἂν ὑμᾶς περιστῇ
						τὰ πράγματα, τοιοῦτοι κριταὶ καὶ τῶν πεπραγμένων αὐτοῖς ἔσεσθε. χρηστὰ δʼ
						εἴη παντὸς εἵνεκα.</p>
				</div>
			</div>
		</body>
	</text>
</TEI>