<?xml version="1.0" encoding="UTF-8"?> 
<?xml-model href="http://www.stoa.org/epidoc/schema/latest/tei-epidoc.rng" schematypens="http://relaxng.org/ns/structure/1.0"?>
<TEI xmlns="http://www.tei-c.org/ns/1.0">
  <teiHeader>
    <fileDesc>
      <titleStmt>
        <title>Simon</title>
        <author>Lysias</author>
        <editor>W.R.M. Lamb</editor>
        <sponsor>Perseus Project, Tufts University</sponsor>
        <principal>Gregory Crane</principal>
        <respStmt>
          <resp>Prepared under the supervision of</resp>
          <name>Lisa Cerrato</name>
          <name>William Merrill</name>
          <name>Elli Mylonas</name>
          <name>David Smith</name>
        </respStmt>
        <funder n="org:AnnCPB">The Annenberg CPB/Project</funder>

      </titleStmt>
      <publicationStmt>
        <publisher>Trustees of Tufts University</publisher>
        <pubPlace>Medford, MA</pubPlace>
        <authority>Perseus Project</authority>
      </publicationStmt>


      <sourceDesc>
        <biblStruct>
          <monogr>
            <author>Lysias</author>
            <title>Lysias</title>
            <editor>W.R.M. Lamb</editor>
            <imprint>
              <pubPlace>London</pubPlace>
              <publisher>William Heinemann Ltd.</publisher>
              <pubPlace>Cambridge, MA</pubPlace>
              <publisher>Harvard University Press</publisher>
              <date>1930</date>
            </imprint>
          </monogr>
          <ref target="https://archive.org/details/lysiaslamb00lysiuoft/page/72/mode/2up">Internet
            Archive</ref>
        </biblStruct>
      </sourceDesc>

    </fileDesc>
    <encodingDesc>
      <refsDecl n="CTS">
        <cRefPattern
          replacementPattern="#xpath(/tei:TEI/tei:text/tei:body/tei:div/tei:div[@n='$1'])"
          matchPattern="(\w+)">
          <p>This pointer pattern extracts section</p>
        </cRefPattern>
      </refsDecl>
      <!--<refsDecl>
        <refState unit="speech"/>
        <refState unit="section"/>
      </refsDecl>-->
    </encodingDesc>
    <profileDesc>
      <langUsage>
        <language ident="grc">Greek</language>
        <language ident="eng">English</language>
      </langUsage>
    </profileDesc>
    <revisionDesc>
      <change when="2017-05-01" who="Lisa Cerrato">EpiDoc and CTS conversion</change>
      <change when="2014-08-01" who="Stella Dee">edited markup</change>
      <change when="2014-07-01" who="Stella Dee">split composite text and converted to
        unicode</change>
      <change when="1992-10-01" who="das">changed the TITLE to HEAD tags; combined the two Lysias
        files</change>
      <change when="1992-07-01" who="das">fixed typos and incorrect section breaks</change>
      <change when="1992-06-01" who="wmerrill">checkmark</change>
      <change when="1992-02-01" who="wmerrill">revise markup</change>
    </revisionDesc>
  </teiHeader>

  <text xml:lang="grc">
    <body>
      <div n="urn:cts:greekLit:tlg0540.tlg003.perseus-grc2" type="edition" xml:lang="grc">
        <div type="textpart" subtype="section" n="1">
          <p><milestone unit="para" ed="P" />πολλὰ καὶ δεινὰ συνειδὼς Σίμωνι, ὦ βουλή, οὐκ ἄν ποτʼ
            αὐτὸν εἰς τοσοῦτον τόλμης ἡγησάμην ἀφικέσθαι, ὥστε ὑπὲρ ὧν αὐτὸν ἔδει δοῦναι δίκην, ὑπὲρ
            τούτων ὡς ἀδικούμενον ἔγκλημα ποιήσασθαι καὶ οὕτω μέγαν καὶ σεμνὸν ὅρκον διομοσάμενον
            εἰς ὑμᾶς ἐλθεῖν. </p>
        </div>
        <div type="textpart" subtype="section" n="2">
          <p>εἰ μὲν οὖν ἄλλοι τινὲς ἔμελλον περὶ ἐμοῦ διαγνώσεσθαι, σφόδρα ἂν ἐφοβούμην τὸν
            κίνδυνον, ὁρῶν ὅτι καὶ παρασκευαὶ καὶ τύχαι ἐνίοτε τοιαῦται γίγνονται, ὥστε πολλὰ καὶ
            παρὰ γνώμην ἀποβαίνειν τοῖς κινδυνεύουσιν· εἰς ὑμᾶς δʼ εἰσελθὼν ἐλπίζω τῶν δικαίων
            τεύξεσθαι. </p>
        </div>
        <div type="textpart" subtype="section" n="3">
          <p>μάλιστα δʼ ἀγανακτῶ, ὦ βουλή, ὅτι περὶ τῶν πραγμάτων<note resp="Loeb" anchored="true"><foreign
                xml:lang="grc">πραγμάτων</foreign> Markland: <foreign xml:lang="grc">τραυμάτων</foreign>
            MSS.</note> εἰπεῖν ἀναγκασθήσομαι πρὸς ὑμᾶς, ὑπὲρ ὧν ἐγὼ αἰσχυνόμενος, εἰ μέλλοιεν
            πολλοί μοι συνείσεσθαι, ἠνεσχόμην ἀδικούμενος. ἐπειδὴ δὲ Σίμων με εἰς τοιαύτην ἀνάγκην
            κατέστησεν, οὐδὲν ἀποκρυψάμενος ἅπαντα διηγήσομαι πρὸς ὑμᾶς τὰ πεπραγμένα. ἀξιῶ δέ, </p>
        </div>
        <div type="textpart" subtype="section" n="4">
          <p>ὦ βουλή, εἰ μὲν ἀδικῶ, μηδεμιᾶς συγγνώμης τυγχάνειν· ἐὰν δὲ περὶ τούτων ἀποδείξω ὡς οὐκ
            ἔνοχός εἰμι οἷς Σίμων διωμόσατο, ἄλλως δὲ ὑμῖν φαίνωμαι παρὰ τὴν ἡλικίαν τὴν ἐμαυτοῦ
            ἀνοητότερον πρὸς τὸ μειράκιον διατεθείς, αἰτοῦμαι ὑμᾶς μηδέν με χείρω νομίζειν, εἰδότας
            ὅτι ἐπιθυμῆσαι μὲν ἅπασιν ἀνθρώποις ἔνεστιν, οὗτος δὲ βέλτιστος ἂν εἴη καὶ
            σωφρονέστατος, ὅστις κοσμιώτατα τὰς συμφορὰς φέρειν δύναται. οἷς ἅπασιν ἐμποδὼν ἐμοὶ
            γεγένηται Σίμων οὑτοσί, ὡς ἐγὼ ὑμῖν ἐπιδείξω. </p>
        </div>
        <div type="textpart" subtype="section" n="5">
          <p><milestone unit="para" ed="P" />ἡμεῖς γὰρ ἐπεθυμήσαμεν, ὦ βουλή, Θεοδότου, Πλαταϊκοῦ
            μειρακίου, καὶ ἐγὼ μὲν εὖ ποιῶν αὐτὸν ἠξίουν εἶναί μοι φίλον, οὗτος δὲ ὑβρίζων καὶ
            παρανομῶν ᾤετο ἀναγκάσειν αὐτὸν ποιεῖν ὅ τι βούλοιτο. ὅσα μὲν οὖν ἐκεῖνος κακὰ ὑπʼ αὐτοῦ
            πέπονθε, πολὺ ἂν ἔργον εἴη λέγειν· ὅσα δὲ εἰς ἐμὲ αὐτὸν ἐξημάρτηκεν, </p>
        </div>
        <div type="textpart" subtype="section" n="6">
          <p>ἡγοῦμαι ταῦθʼ ὑμῖν προσήκειν ἀκοῦσαι. πυθόμενος γὰρ ὅτι τὸ μειράκιον ἦν παρʼ ἐμοί,
            ἐλθὼν ἐπὶ τὴν οἰκίαν τὴν ἐμὴν νύκτωρ μεθύων, ἐκκόψας τὰς θύρας εἰσῆλθεν εἰς τὴν
            γυναικωνῖτιν, ἔνδον οὐσῶν τῆς τε ἀδελφῆς τῆς ἐμῆς καὶ τῶν ἀδελφιδῶν, αἳ οὕτω κοσμίως
            βεβιώκασιν ὥστε καὶ ὑπὸ τῶν οἰκείων ὁρώμεναι αἰσχύνεσθαι.
          </p>
        </div>
        <div type="textpart" subtype="section" n="7">
          <p>οὗτος τοίνυν εἰς τοῦτο ἦλθεν ὕβρεως ὥστʼ οὐ πρότερον ἠθέλησεν ἀπελθεῖν, πρὶν αὐτὸν
            ἡγούμενοι δεινὰ ποιεῖν οἱ παραγενόμενοι καὶ οἱ μετʼ αὐτοῦ ἐλθόντες, ἐπὶ παῖδας κόρας καὶ
            ὀρφανὰς εἰσιόντα, ἐξήλασαν βίᾳ. καὶ τοσούτου ἐδέησεν αὐτῷ μεταμελῆσαι τῶν ὑβρισμένων,
            ὥστε ἐξευρὼν οὗ ἐδειπνοῦμεν ἀτοπώτατον πρᾶγμα καὶ ἀπιστότατον ἐποίησεν, εἰ μή τις εἰδείη
            τὴν τούτου μανίαν. </p>
        </div>
        <div type="textpart" subtype="section" n="8">
          <p>ἐκκαλέσας γάρ με ἔνδοθεν, ἐπειδὴ τάχιστα ἐξῆλθον, εὐθύς με τύπτειν ἐπεχείρησεν· ἐπειδὴ
            δὲ αὐτὸν ἠμυνάμην, ἐκστὰς<note resp="Loeb" anchored="true"><foreign xml:lang="grc">
            ἐκστὰς</foreign> Taylor: <foreign xml:lang="grc">ἐνστὰς</foreign> MSS.</note> ἔβαλλέ με
            λίθοις. καὶ ἐμοῦ μὲν ἁμαρτάνει, Ἀριστοκρίτου δέ, ὃς παρʼ ἐμὲ ἦλθε μετʼ αὐτοῦ, βαλὼν λίθῳ
            συντρίβει τὸ μέτωπον. </p>
        </div>
        <div type="textpart" subtype="section" n="9">
          <p>ἐγὼ τοίνυν, ὦ βουλή, ἡγούμενος μὲν δεινὰ πάσχειν, αἰσχυνόμενος δέ, ὅπερ ἤδη καὶ
            πρότερον εἶπον, τῇ συμφορᾷ, ἠνειχόμην, καὶ μᾶλλον ᾑρούμην μὴ λαβεῖν τούτων τῶν
            ἁμαρτημάτων δίκην ἢ δόξαι τοῖς πολίταις ἀνόητος εἶναι, εἰδὼς ὅτι τῇ μὲν τούτου πονηρίᾳ
            πρέποντα ἔσται τὰ πεπραγμένα, ἐμοῦ δὲ πολλοὶ καταγελάσονται τοιαῦτα πάσχοντος τῶν
            φθονεῖν εἰθισμένων, ἐάν τις ἐν τῇ πόλει προθυμῆται χρηστὸς εἶναι. </p>
        </div>
        <div type="textpart" subtype="section" n="10">
          <p>οὕτω δὲ σφόδρα ἠπορούμην ὅ τι χρησαίμην, ὦ βουλή, τῇ τούτου παρανομίᾳ, ὥστε ἔδοξέ μοι
            κράτιστον εἶναι ἀποδημῆσαι <del>ἐκ τῆς πόλεως</del>.<note resp="Loeb" anchored="true"><foreign
                xml:lang="grc">ἐκ τῆς πόλεως</foreign> del. Kayser</note> λαβὼν δὴ τὸ μειράκιον
            (ἅπαντα γὰρ δεῖ τἀληθῆ λέγειν) ᾠχόμην ἐκ τῆς πόλεως. ἐπειδὴ δὲ ᾤμην ἱκανὸν εἶναι τὸν
            χρόνον Σίμωνι ἐπιλαθέσθαι μὲν τοῦ νεανίσκου, μεταμελῆσαι δὲ τῶν πρότερον ἡμαρτημένων, </p>
        </div>
        <div type="textpart" subtype="section" n="11">
          <p>ἀφικνοῦμαι πάλιν. κἀγὼ μὲν ᾠχόμην εἰς Πειραιᾶ, οὗτος δʼ αἰσθόμενος εὐθέως ἥκοντα τὸν
            Θεόδοτον καὶ διατρίβοντα παρὰ Λυσιμάχῳ, ὃς ᾤκει πλησίον τῆς οἰκίας ἧς οὗτος ἐμεμίσθωτο,
            παρεκάλεσέ τινας τῶν τούτου ἐπιτηδείων. καὶ οὗτοι μὲν ἠρίστων καὶ ἔπινον, φύλακας δὲ
            κατέστησαν ἐπὶ τοῦ τέγους, ἵνʼ, ὁπότε ἐξέλθοι τὸ μειράκιον, </p>
        </div>
        <div type="textpart" subtype="section" n="12">
          <p>εἰσαρπάσειαν αὐτόν. ἐν δὲ τούτῳ τῷ καιρῷ ἀφικνοῦμαι ἐγὼ ἐκ Πειραιῶς, καὶ τρέπομαι
            παριὼν ὡς τὸν Λυσίμαχον· ὀλίγον δὲ χρόνον διατρίψαντες ἐξερχόμεθα. οὗτοι δʼ ἤδη
            μεθύοντες<note resp="Loeb" anchored="true"><foreign xml:lang="grc">οὗτοι δʼ ἤδη
            μεθύοντες</foreign> Schott: <foreign xml:lang="grc">ἤδη μεθύοντες οὗτοι δʼ</foreign>
            MSS.</note> ἐκπηδῶσιν ἐφʼ ἡμᾶς καὶ οἱ μέν τινες αὐτῷ τῶν παραγενομένων οὐκ ἠθέλησαν
            συνεξαμαρτεῖν, Σίμων δὲ οὑτοσὶ καὶ Θεόφιλος καὶ Πρώταρχος καὶ Αὐτοκλῆς εἷλκον τὸ
            μειράκιον. ὁ δὲ ῥίψας τὸ ἱμάτιον ᾤχετο φεύγων. </p>
        </div>
        <div type="textpart" subtype="section" n="13">
          <p>ἐγὼ δὲ ἡγούμενος ἐκεῖνον μὲν ἐκφεύξεσθαι, τούτους δʼ, ἐπειδὴ τάχιστα ἐντύχοιεν
            ἀνθρώποις, αἰσχυνομένους ἀποτρέψεσθαι — ταῦτα διανοηθεὶς ἑτέραν ὁδὸν ᾠχόμην ἀπιών· οὕτω
            σφόδρʼ αὐτοὺς ἐφυλαττόμην, καὶ πάντα τὰ<note resp="Loeb" anchored="true"><foreign
                xml:lang="grc">τὰ</foreign> Reiske: <foreign xml:lang="grc">ταῦτα</foreign> MSS.</note>
            ὑπὸ τούτων γιγνόμενα μεγάλην ἐμαυτῷ συμφορὰν ἐνόμιζον. </p>
        </div>
        <div type="textpart" subtype="section" n="14">
          <p>κἀνταῦθα<note resp="Loeb" anchored="true"><foreign xml:lang="grc">κἀνταῦθα</foreign>
            Contius: <foreign xml:lang="grc">καὶ ταῦτα</foreign>.</note> μέν, ἵνα φησὶ Σίμων τὴν
            μάχην γενέσθαι, οὔτε τούτων οὔτε ἡμῶν οὐδεὶς οὔτε κατεάγη τὴν κεφαλὴν οὔτε ἄλλο κακὸν
            οὐδὲν ἔλαβεν, ὧν ἐγὼ τοὺς παραγενομένους ὑμῖν παρέξομαι μάρτυρας. </p>
        </div>
        <div type="textpart" subtype="section" n="15">
          <p><label>Μάρτυρες</label><milestone unit="para" ed="P" />ὅτι μὲν τοίνυν οὗτος ἦν ὁ
            ἀδικήσας, ὦ βουλή, καὶ ἐπιβουλεύσας ἡμῖν, καὶ οὐκ ἐγὼ τούτῳ, ὑπὸ τῶν παραγενομένων
            μεμαρτύρηται ὑμῖν. μετὰ δὲ ταῦτα τὸ μὲν μειράκιον εἰς γναφεῖον κατέφυγεν, οὗτοι δὲ
            συνεισπεσόντες ἦγον αὐτὸν βίᾳ, βοῶντα καὶ κεκραγότα καὶ μαρτυρόμενον. </p>
        </div>
        <div type="textpart" subtype="section" n="16">
          <p>συνδραμόντων δὲ ἀνθρώπων πολλῶν καὶ ἀγανακτούντων τῷ πράγματι καὶ δεινὰ φασκόντων εἶναι
            τὰ γιγνόμενα, τῶν μὲν λεγομένων οὐδὲν ἐφρόντιζον, Μόλωνα δὲ τὸν γναφέα καὶ ἄλλους τινὰς
            ἐπαμύνειν ἐπιχειροῦντας συνέκοψαν. </p>
        </div>
        <div type="textpart" subtype="section" n="17">
          <p>ἤδη δὲ αὐτοῖς οὖσι παρὰ τὴν Λάμπωνος οἰκίαν ἐγὼ μόνος βαδίζων ἐντυγχάνω, δεινὸν δὲ
            ἡγησάμενος εἶναι καὶ αἰσχρὸν περιιδεῖν οὕτως ἀνόμως καὶ βιαίως ὑβρισθέντα τὸν νεανίσκον,
            ἐπιλαμβάνομαι αὐτοῦ. οὗτοι δέ, διότι μὲν τοιαῦτα παρενόμουν εἰς ἐκεῖνον, οὐκ ἠθέλησαν
            εἰπεῖν ἐρωτηθέντες, ἀφέμενοι δὲ τοῦ νεανίσκου ἔτυπτον ἐμέ. μάχης δὲ γενομένης,
          </p>
        </div>
        <div type="textpart" subtype="section" n="18">
          <p>ὦ βουλή, καὶ τοῦ μειρακίου βάλλοντος αὐτοὺς καὶ περὶ τοῦ σώματος ἀμυνομένου καὶ τούτων
            ἡμᾶς βαλλόντων, ἔτι δὲ τυπτόντων αὐτὸν ὑπὸ τῆς μέθης καὶ ἐμοῦ ἀμυνομένου, καὶ τῶν
            παραγενομένων ὡς ἀδικουμένοις ἡμῖν ἁπάντων ἐπικουρούντων, ἐν τούτῳ τῷ θορύβῳ
            συντριβόμεθα τὰς κεφαλὰς ἅπαντες. </p>
        </div>
        <div type="textpart" subtype="section" n="19">
          <p>καὶ οἱ μὲν ἄλλοι οἱ μετὰ τούτου παροινήσαντες, ἐπειδὴ τάχιστά με εἶδον μετὰ ταῦτα,
            ἐδέοντό μου συγγνώμην ἔχειν, οὐχ ὡς ἀδικούμενοι ἀλλʼ ὡς δεινὰ πεποιηκότες· καὶ ἐξ
            ἐκείνου τοῦ χρόνου τεττάρων ἐτῶν παρεληλυθότων οὐδέν μοι πώποτε ἐνεκάλεσεν οὐδείς. </p>
        </div>
        <div type="textpart" subtype="section" n="20">
          <p>Σίμων δʼ οὑτοσί, πάντων τῶν κακῶν αἴτιος γενόμενος, τὸν μὲν ἄλλον χρόνον ἡσυχίαν ἦγε
            δεδιὼς περὶ αὑτοῦ, ἐπειδὴ δὲ δίκας ἰδίας ᾔσθετο κακῶς ἀγωνισάμενον ἐξ ἀντιδόσεως,
            καταφρονήσας μου οὑτωσὶ τολμηρῶς εἰς τοιοῦτον ἀγῶνά με κατέστησεν. ὡς οὖν καὶ ταῦτʼ
            ἀληθῆ λέγω, τούτων ὑμῖν τοὺς παραγενομένους μάρτυρας παρέξομαι. </p>
        </div>
        <div type="textpart" subtype="section" n="21">
          <label>Μάρτυρες</label>
          <p><milestone unit="para" ed="P" />τὰ μὲν οὖν γεγενημένα καὶ ἐμοῦ καὶ τῶν μαρτύρων
            ἀκηκόατε· ἐβουλόμην δʼ ἄν, ὦ βουλή, Σίμωνα τὴν αὐτὴν γνώμην ἐμοὶ ἔχειν, ἵνʼ ἀμφοτέρων
            ἡμῶν ἀκούσαντες τἀληθῆ ῥᾳδίως ἔγνωτε τὰ δίκαια. ἐπειδὴ δὲ αὐτῷ οὐδὲν μέλει τῶν ὅρκων ὧν
            ὠμόσατο, πειράσομαι καὶ περὶ ὧν οὗτος ἔψευσται διδάσκειν ὑμᾶς. </p>
        </div>
        <div type="textpart" subtype="section" n="22">
          <p>ἐτόλμησε γὰρ εἰπεῖν ὡς αὐτὸς μὲν τριακοσίας δραχμὰς ἔδωκε Θεοδότῳ, συνθήκας πρὸς αὐτὸν
            ποιησάμενος, ἐγὼ δʼ ἐπιβουλεύσας ἀπέστησα αὐτοῦ τὸ μειράκιον. καίτοι ἐχρῆν αὐτόν, εἴπερ
            ἦν ταῦτʼ ἀληθῆ, παρακαλέσαντα μάρτυρας ὡς πλείστους κατὰ τοὺς νόμους διαπράττεσθαι περὶ
            αὐτῶν. </p>
        </div>
        <div type="textpart" subtype="section" n="23">
          <p>οὗτος δὲ τοιοῦτον οὐδὲν πώποτε φαίνεται ποιήσας, ὑβρίζων δὲ καὶ τύπτων <del>ἅμʼ</del><note
              resp="Loeb" anchored="true"><foreign xml:lang="grc">ἅμʼ</foreign> del. Taylor</note>
            ἀμφοτέρους ἡμᾶς καὶ κωμάζων καὶ τὰς θύρας ἐκβάλλων καὶ νύκτωρ εἰσιὼν ἐπὶ γυναῖκας
            ἐλευθέρας. ἃ χρὴ μάλιστα, ὦ βουλή, τεκμήρια νομίζειν ὅτι ψεύδεται πρὸς ὑμᾶς. </p>
        </div>
        <div type="textpart" subtype="section" n="24">
          <p>σκέψασθε δὲ ὡς ἄπιστα εἴρηκε. τὴν γὰρ οὐσίαν τὴν ἑαυτοῦ ἅπασαν πεντήκοντα καὶ διακοσίων
            δραχμῶν ἐτιμήσατο. καίτοι θαυμαστὸν εἰ τὸν ἑταιρήσοντα πλειόνων ἐμισθώσατο ὧν αὐτὸς
            τυγχάνει κεκτημένος. </p>
        </div>
        <div type="textpart" subtype="section" n="25">
          <p>εἰς τοῦτο δʼ ἥκει τόλμης ὥστε οὐκ ἐξαρκεῖ περὶ τούτου μόνον αὐτῷ ψεύσασθαι, περὶ τοῦ
            δεδωκέναι τὸ ἀργύριον, ἀλλὰ καὶ κεκομίσθαι φησί· καίτοι πῶς εἰκός ἐστι τότε μὲν ἡμᾶς
            τοιαῦτα ἐξαμαρτάνειν οἷα κατηγόρηκεν οὗτος, ἀποστερῆσαι βουλομένους τὰς τριακοσίας
            δραχμάς, ἐπειδὴ δὲ ἀπεμαχεσάμεθα, τηνικαῦτα ἀποδοῦναι τὸ ἀργύριον αὐτῷ, μήτε ἀφειμένους
            τῶν ἐγκλημάτων μήτε ἀνάγκης ἡμῖν μηδεμιᾶς γενομένης; </p>
        </div>
        <div type="textpart" subtype="section" n="26">
          <p>ἀλλὰ γάρ, ὦ βουλή, πάντα αὐτῷ ταῦτα σύγκειται καὶ μεμηχάνηται, καὶ δοῦναι μέν φησιν,
            ἵνα μὴ δοκῇ δεινὰ ποιεῖν, εἰ μηδενὸς αὐτῷ συμβολαίου γεγενημένου τοιαῦτα ἐτόλμα ὑβρίζειν
            τὸ μειράκιον, ἀπειληφέναι δὲ προσποιεῖται, διότι φανερός ἐστιν ἐγκαλέσας οὐδέποτʼ
            ἀργύριον οὐδὲ μνείαν περὶ τούτου οὐδεμίαν ποιησάμενος.
          </p>
        </div>
        <div type="textpart" subtype="section" n="27">
          <p><milestone unit="para" ed="P" />φησὶ δʼ ἐπὶ ταῖς αὑτοῦ θύραις ὑπʼ ἐμοῦ δεινῶς
            διατεθῆναι τυπτόμενος. φαίνεται δὲ πλεῖν ἢ τέτταρα στάδια ἀπὸ τῆς οἰκίας διώξας τὸ
            μειράκιον οὐδὲν κακὸν ἔχων, καὶ ταῦτα πλεῖν ἢ διακοσίων ἰδόντων ἀνθρώπων ἔξαρνός ἐστι. </p>
        </div>
        <div type="textpart" subtype="section" n="28">
          <p><milestone unit="para" ed="P" />λέγει δʼ ὡς ἡμεῖς ἤλθομεν ἐπὶ τὴν οἰκίαν τὴν τούτου
            ὄστρακον ἔχοντες, καὶ ὡς ἠπείλουν αὐτῷ ἐγὼ ἀποκτενεῖν, καὶ ὡς τοῦτό ἐστιν ἡ πρόνοια. ἐγὼ
            δʼ ἡγοῦμαι, ὦ βουλή, ῥᾴδιον εἶναι γνῶναι ὅτι ψεύδεται, οὐ μόνον ὑμῖν τοῖς εἰωθόσι
            σκοπεῖσθαι περὶ τῶν τοιούτων, ἀλλὰ καὶ τοῖς ἄλλοις ἅπασι. </p>
        </div>
        <div type="textpart" subtype="section" n="29">
          <p>τῷ γὰρ ἂν δόξειε πιστὸν ὡς ἐγὼ προνοηθεὶς καὶ ἐπιβουλεύων ἦλθον ἐπὶ τὴν Σίμωνος οἰκίαν
            μεθʼ ἡμέραν, μετὰ τοῦ μειρακίου, τοσούτων ἀνθρώπων παρʼ αὐτῷ συνειλεγμένων, εἰ μὴ εἰς
            τοῦτο μανίας ἀφικόμην ὥστε ἐπιθυμεῖν εἷς ὢν πολλοῖς μάχεσθαι, ἄλλως τε καὶ εἰδὼς ὅτι
            ἀσμένως ἄν με εἶδεν ἐπὶ ταῖς θύραις ταῖς αὑτοῦ, ὃς καὶ ἐπὶ τὴν ἐμὴν οἰκίαν φοιτῶν εἰσῄει
            βίᾳ, καὶ οὔτε τῆς ἀδελφῆς οὔτε τῶν ἀδελφιδῶν φροντίσας ζητεῖν με ἐτόλμα, καὶ ἐξευρὼν οὗ
            δειπνῶν ἐτύγχανον, </p>
        </div>
        <div type="textpart" subtype="section" n="30">
          <p>ἐκκαλέσας ἔτυπτέ με; καὶ τότε μὲν ἄρα, ἵνα μὴ περιβόητος εἴην, ἡσυχίαν ἦγον, συμφορὰν
            ἐμαυτοῦ νομίζων τὴν τούτου πονηρίαν· ἐπειδὴ δὲ χρόνος διεγένετο, πάλιν, ὡς οὗτός φησιν, </p>
        </div>
        <div type="textpart" subtype="section" n="31">
          <p>ἐπεθύμησα περιβόητος γενέσθαι; καὶ εἰ μὲν ἦν παρὰ τούτῳ τὸ μειράκιον, εἶχεν ἄν τινα
            λόγον τὸ ψεῦδος αὐτῷ ὡς ἐγὼ διὰ τὴν ἐπιθυμίαν ἠναγκαζόμην ἀνοητότερόν τι ποιεῖν τῶν
            εἰκότων· νῦν δὲ τούτῳ μὲν οὐδὲ διελέγετο, ἀλλʼ ἐμίσει πάντων ἀνθρώπων μάλιστα, παρʼ ἐμοὶ
            δʼ ἐτύγχανε διαιτώμενον. </p>
        </div>
        <div type="textpart" subtype="section" n="32">
          <p>ὥστε τῷ ὑμῶν πιστὸν ὡς ἐγὼ πρότερον μὲν ἐξέπλευσα ἐκ τῆς πόλεως ἔχων τὸ μειράκιον, ἵνα
            μὴ τούτῳ μαχοίμην, ἐπειδὴ δὲ ἀφικόμην πάλιν, ἦγον αὐτὸν ἐπὶ τὴν οἰκίαν τὴν Σίμωνος, οὗ
            πλεῖστα ἔμελλον πράγματα ἕξειν; καὶ ἐπεβούλευον μὲν αὐτῷ, </p>
        </div>
        <div type="textpart" subtype="section" n="33">
          <p>οὕτω δὲ ἦλθον ἀπαράσκευος, ὥστε μήτε φίλους μήτε οἰκέτας μήτε ἄλλον ἄνθρωπον
            παρακαλέσαι μηδένα, εἰ μὴ τοῦτό γε τὸ παιδίον, ὃ ἐπικουρῆσαι μέν μοι οὐκ ἂν ἐδύνατο,
            μηνῦσαι δὲ ἱκανὸν ἦν βασανιζόμενον, εἴ τι ἐγὼ ἐξημάρτανον; </p>
        </div>
        <div type="textpart" subtype="section" n="34">
          <p>ἀλλʼ εἰς τοσοῦτον ἀμαθίας ἀφικόμην, ὥστε ἐπιβουλεύων Σίμωνι οὐκ ἐτήρησα αὐτὸν οὗ μόνον
            οἷόν τʼ ἦν λαβεῖν, ἢ νύκτωρ ἢ μεθʼ ἡμέραν, ἀλλʼ ἐνταῦθα ἦλθον οὗ αὐτὸς ἔμελλον ὑπὸ
            πλείστων ὀφθήσεσθαί τε καὶ συγκοπήσεσθαι, ὥσπερ κατʼ ἐμαυτοῦ τὴν πρόνοιαν ἐξευρίσκων,
            ἵνʼ ὡς μάλιστα ὑπὸ τῶν ἐχθρῶν ὑβρισθείην;
          </p>
        </div>
        <div type="textpart" subtype="section" n="35">
          <p><milestone unit="para" ed="P" />ἔτι τοίνυν, ὦ βουλή, καὶ ἐκ τῆς μάχης τῆς γενομένης
            ῥᾴδιον γνῶναι ὅτι ψεύδεται. τὸ γὰρ μειράκιον ὡς ἔγνω, ῥῖψαν θοἰμάτιον, φεῦγον ᾤχετο,
            οὗτοι δὲ αὐτὸν ἐπεδίωκον, ἐγὼ δὲ ἑτέραν ἀπελθὼν ὁδὸν ᾠχόμην. </p>
        </div>
        <div type="textpart" subtype="section" n="36">
          <p>καίτοι ποτέρους χρὴ αἰτίους τῶν γεγενημένων εἶναι νομίζειν, τοὺς φεύγοντας ἢ τοὺς
            ζητοῦντας καταλαβεῖν; ἐγὼ μὲν γὰρ ἡγοῦμαι πᾶσιν εἶναι δῆλον ὅτι φεύγουσι μὲν οἱ περὶ
            αὑτῶν δεδιότες, διώκουσι δὲ οἱ βουλόμενοί τι ποιῆσαι κακόν. </p>
        </div>
        <div type="textpart" subtype="section" n="37">
          <p>οὐ τοίνυν ταῦτα εἰκότα <add>μέν</add><note resp="Loeb" anchored="true"><foreign
                xml:lang="grc">μέν</foreign> add. Sauppe</note>, ἄλλως δὲ περὶ αὐτῶν πέπρακται, ἀλλὰ
            καταλαβόντες τὸ μειράκιον ἐκ τῆς ὁδοῦ ἦγον βίᾳ, ἐντυχὼν δʼ ἐγὼ τούτων μὲν οὐχ ἡπτόμην,
            τοῦ μειρακίου δʼ ἐπελαμβανόμην· οὗτοι δὲ ἐκεῖνόν τε ἦγον βίᾳ καὶ ἐμὲ ἔτυπτον. καὶ ταῦθʼ
            ὑμῖν ὑπὸ τῶν παραγενομένων μεμαρτύρηται. ὥστε δεινὸν εἰ περὶ τούτων ἐγὼ δόξω
            προνοηθῆναι, περὶ ὧν οὗτοι τυγχάνουσιν οὕτω δεινὰ καὶ παράνομα πεποιηκότες. </p>
        </div>
        <div type="textpart" subtype="section" n="38">
          <p>τί δʼ ἄν ποτε ἔπαθον, εἰ τἀναντία τῶν νῦν γεγενημένων ἦν, εἰ πολλοὺς ἔχων τῶν
            ἐπιτηδείων ἐγώ, ἀπαντήσας Σίμωνι, ἐμαχόμην αὐτῷ καὶ ἔτυπτον αὐτὸν καὶ ἐδίωκον καὶ
            καταλαβὼν ἄγειν βία ἐζήτουν, ὅπου νῦν τούτου ταῦτα πεποιηκότος ἐγὼ εἰς τοιοῦτον ἀγῶνα
            καθέστηκα, ἐν ᾧ καὶ περὶ τῆς πατρίδος καὶ τῆς οὐσίας τῆς ἐμαυτοῦ ἁπάσης κινδυνεύω;
          </p>
        </div>
        <div type="textpart" subtype="section" n="39">
          <p>τὸ δὲ μέγιστον καὶ περιφανέστατον πάντων· ὁ γὰρ ἀδικηθείς καὶ ἐπιβουλευθεὶς ὑπʼ ἐμοῦ,
            ὥς φησιν, οὐκ ἐτόλμησε τεττάρων ἐτῶν ἐπισκήψασθαι εἰς ὑμᾶς. καὶ οἱ μέν ἄλλοι, ὅταν ἐρῶσι
            καὶ ἀποστερῶνται ὧν ἐπιθυμοῦσι καὶ συγκοπῶσιν, ὀργιζόμενοι παραχρῆμα τιμωρεῖσθαι
            ζητοῦσιν, οὗτος δὲ χρόνοις ὕστερον. </p>
        </div>
        <div type="textpart" subtype="section" n="40">
          <p><milestone unit="para" ed="P" />ὅτι μὲν οὖν, ὦ βουλή, οὐδενὸς αἴτιός εἰμι τῶν
            γεγενημένων, ἱκανῶς ἀποδεδεῖχθαι νομίζω· οὕτω δὲ διάκειμαι πρὸς τὰς ἐκ τῶν τοιούτων
            πραγμάτων διαφοράς, ὥστε ἄλλα πολλὰ ὑβρισμένος ὑπὸ Σίμωνος καὶ καταγεὶς τὴν κεφαλὴν ὑπʼ
            αὐτοῦ οὐκ ἐτόλμησα αὐτῷ ἐπισκήψασθαι, ἡγούμενος δεινὸν εἶναι, εἰ ἄρα περὶ παίδων
            ἐφιλονικήσαμεν ἡμεῖς πρὸς ἀλλήλους, τούτου ἕνεκα ἐξελάσαι τινὰς ζητῆσαι ἐκ τῆς πατρίδος. </p>
        </div>
        <div type="textpart" subtype="section" n="41">
          <p>ἔπειτα δὲ καὶ οὐδεμίαν ἡγούμην πρόνοιαν εἶναι τραύματος ὅστις μὴ ἀποκτεῖναι βουλόμενος
            ἔτρωσε. τίς γὰρ οὕτως ἐστὶν εὐήθης, </p>
        </div>
        <div type="textpart" subtype="section" n="42">
          <p>ὅστις ἐκ πολλοῦ προνοεῖται ὅπως ἕλκος τις αὐτοῦ τῶν ἐχθρῶν λήψεται; ἀλλὰ δῆλον ὅτι καὶ
            οἱ τοὺς νόμους ἐνθάδε θέντες, οὐκ εἴ τινες μαχεσάμενοι ἔτυχον ἀλλήλων κατάξαντες τὰς
            κεφαλάς, ἐπὶ τούτοις ἠξίωσαν τῆς πατρίδος φυγὴν ποιήσασθαι· ἢ πολλούς γʼ ἂν ἐξήλασαν·
            ἀλλʼ ὅσοι ἐπιβουλεύσαντες ἀποκτεῖναί τινας ἔτρωσαν, ἀποκτεῖναι δὲ οὐκ ἐδυνήθησαν, περὶ
            τῶν τοιούτων τὰς τιμωρίας οὕτω μεγάλας κατεστήσαντο, ἡγούμενοι, ὑπὲρ ὧν ἐβούλευσαν καὶ
            προὐνοήθησαν, ὑπὲρ τούτων προσήκειν αὐτοῖς δίκην δοῦναι· εἰ δὲ μὴ κατέσχον, οὐδὲν ἧττον
            τό γʼ ἐκείνων πεποιῆσθαι. </p>
        </div>
        <div type="textpart" subtype="section" n="43">
          <p>καὶ ταῦτα ἤδη καὶ πρότερον πολλάκις ὑμεῖς οὕτω διέγνωτε περὶ τῆς προνοίας. καὶ γὰρ
            δεινὸν ἂν εἴη, εἰ ὅσοι ἐκ μέθης καὶ φιλονικίας ἢ ἐκ παιδιῶν ἢ ἐκ λοιδορίας ἢ περὶ
            ἑταίρας μαχόμενοι ἕλκος ἔλαβον, εἰ ὑπὲρ τούτων ὧν, ἐπειδὰν βέλτιον φρονήσωσιν, ἅπασι
            μεταμέλει, οὕτως καὶ ὑμεῖς μεγάλας καὶ δεινὰς τὰς τιμωρίας ποιήσεσθε, ὥστε ἐξελαύνειν
            τινὰς τῶν πολιτῶν ἐκ τῆς πατρίδος. </p>
        </div>
        <div type="textpart" subtype="section" n="44">
          <p><milestone unit="para" ed="P" />θαυμάζω δὲ μάλιστα τούτου τῆς διανοίας. οὐ γὰρ τοῦ
            αὐτοῦ μοι δοκεῖ εἶναι ἐρᾶν τε καὶ συκοφαντεῖν, ἀλλὰ τὸ μὲν τῶν εὐηθεστέρων, τὸ δὲ τῶν
            πανουργοτάτων. ἐβουλόμην δʼ ἂν ἐξεῖναί μοι παρʼ ὑμῖν καὶ ἐκ τῶν ἄλλων ἐπιδεῖξαι τὴν
            τούτου πονηρίαν, ἵνα ἠπίστασθε<note resp="Loeb" anchored="true"><foreign xml:lang="grc">
            ἠπίστασθε</foreign> Bernhardy: <foreign xml:lang="grc">ἐπίστησθε</foreign> MSS.</note>
            ὅτι πολὺ ἂν δικαιότερον αὐτὸς περὶ θανάτου ἠγωνίζετο ἢ ἑτέρους ὑπὲρ τῆς πατρίδος εἰς
            κίνδυνον καθίστη. τὰ μὲν οὖν ἄλλα ἐάσω· </p>
        </div>
        <div type="textpart" subtype="section" n="45">
          <p>ὃ δʼ ἡγοῦμαι ὑμῖν προσήκειν ἀκοῦσαι καὶ τεκμήριον ἔσεσθαι τῆς τούτου θρασύτητος καὶ
            τόλμης, περὶ τούτου μνησθήσομαι. ἐν Κορίνθῳ γάρ, ἐπειδὴ ὕστερον ἦλθε τῆς πρὸς τοὺς
            πολεμίους μάχης καὶ τῆς εἰς Κορώνειαν στρατείας, ἐμάχετο τῷ ταξιάρχῳ Λάχητι καὶ ἔτυπτεν
            αὐτόν, καὶ πανστρατιᾷ τῶν πολιτῶν ἐξελθόντων, δόξας ἀκοσμότατος<note resp="Loeb"
              anchored="true"><foreign xml:lang="grc">ἀκοσμότατος</foreign> Emperius: <foreign
                xml:lang="grc">κοσμιώτατος</foreign> MSS.</note> εἶναι καὶ πονηρότατος, μόνος
            Ἀθηναίων ὑπὸ τῶν στρατηγῶν ἐξεκηρύχθη. </p>
        </div>
        <div type="textpart" subtype="section" n="46">
          <p><milestone unit="para" ed="P" />ἔχοιμι δʼ ἂν καὶ ἄλλα πολλὰ εἰπεῖν περὶ τούτου, ἀλλʼ
            ἐπειδὴ παρʼ ὑμῖν οὐ νόμιμόν ἐστιν ἔξω τοῦ πράγματος λέγειν, ἐκεῖνο ἐνθυμεῖσθε· οὗτοί
            εἰσιν οἱ βίᾳ εἰς τὴν ἡμετέραν οἰκίαν εἰσιόντες, οὗτοι οἱ διώκοντες, οὗτοι οἱ βίᾳ ἐκ τῆς
            ὁδοῦ συναρπάζοντες ἡμᾶς. </p>
        </div>
        <div type="textpart" subtype="section" n="47">
          <p>ὧν ὑμεῖς μεμνημένοι τὰ δίκαια ψηφίζεσθε, καὶ μὴ περιίδητε ἐκ τῆς πατρίδος ἀδίκως
            ἐκπεσόντα, ὑπὲρ ἧς ἐγὼ πολλοὺς κινδύνους κεκινδύνευκα καὶ πολλὰς λῃτουργίας
            λελῃτούργηκα, καὶ κακοῦ μὲν αὐτῇ οὐδενὸς αἴτιος γεγένημαι, οὐδὲ τῶν ἐμῶν προγόνων
            οὐδείς, ἀγαθῶν δὲ πολλῶν· </p>
        </div>
        <div type="textpart" subtype="section" n="48">
          <p>ὥστε δικαίως ἂν ὑφʼ ὑμῶν καὶ ὑπὸ τῶν ἄλλων ἐλεηθείην, οὐ μόνον εἴ τι πάθοιμι ὧν Σίμων
            βούλεται, ἀλλὰ καὶ ὅτι ἠναγκάσθην ἐκ τοιούτων πραγμάτων εἰς τοιούτους ἀγῶνας καταστῆναι.</p>
        </div>
      </div>
    </body>
  </text>
</TEI>