<?xml version="1.0" encoding="UTF-8"?> 
<?xml-model href="http://www.stoa.org/epidoc/schema/latest/tei-epidoc.rng" schematypens="http://relaxng.org/ns/structure/1.0"?>
<TEI xmlns="http://www.tei-c.org/ns/1.0">
	<teiHeader>
		<fileDesc>
			<titleStmt>
				<title>RodionEleutherias</title>
				<author>Demosthenes</author>
				<editor>S. H. Butcher</editor>
				<sponsor>Perseus Project, Tufts University</sponsor>
				<principal>Gregory Crane</principal>
				<respStmt>
					<resp>Prepared under the supervision of</resp>
					<name>Lisa Cerrato</name>
					<name>William Merrill</name>
					<name>Elli Mylonas</name>
					<name>David Smith</name>
				</respStmt>
				<funder n="org:AnnCPB">The Annenberg CPB/Project</funder>

			</titleStmt>
			<publicationStmt>
				<publisher>Trustees of Tufts University</publisher>
				<pubPlace>Medford, MA</pubPlace>
				<authority>Perseus Project</authority>
				<date type="release">1996</date>
			</publicationStmt>
			<notesStmt>
				<note>Perseus 2.0</note>
			</notesStmt>

			<sourceDesc>
				<biblStruct>
					<monogr>
						<author>Demosthenes</author>
						<title>Demosthenis. Orationes. Vol. I. ed. S. H. Butcher</title>
						<imprint>
							<publisher>Clarendon Press, Oxford</publisher>
							<date>1903</date>
						</imprint>
					</monogr>
					<ref target="https://archive.org/details/orationesrecogno01demouoft">Internet
						Archive</ref>
				</biblStruct>
			</sourceDesc>
		</fileDesc>
		<encodingDesc>
			<refsDecl n="CTS">
				<cRefPattern n="section"
					matchPattern="(\w+)"
					replacementPattern="#xpath(/tei:TEI/tei:text/tei:body/tei:div/tei:div[@n='$1'])">
					<p>This pointer pattern extracts section</p>
				</cRefPattern>
			</refsDecl>
			<refsDecl>
				<refState unit="section" />
			</refsDecl>
			<editorialDecl>
				<quotation marks="none" />
			</editorialDecl>
		</encodingDesc>
		<profileDesc>
			<langUsage>
				<language ident="grc">Greek</language>
				<language ident="eng">English</language>
			</langUsage>
		</profileDesc>
		<revisionDesc>
			<change when="2018-10-03" who="Lisa Cerrato">CTS and EpiDoc conversion</change>
			<change when="2014-08-01" who="Stella Dee">edited markup</change>
			<change when="2014-07-01" who="Stella Dee">split composite text and converted to unicode</change>
			<change when="1992-06-02" who="David Smith">added quotedtext tags around verse and
				un-capitalized some non-proper nouns</change>
		</revisionDesc>
	</teiHeader>

	<text xml:lang="grc">
		<body>
			<div type="edition" n="urn:cts:greekLit:tlg0014.tlg015.perseus-grc2" xml:lang="grc">
				<div type="textpart" subtype="section" n="1">
					<p rend="indent">οἶμαι δεῖν, ὦ ἄνδρες Ἀθηναῖοι, περὶ τηλικούτων βουλευομένους
						διδόναι παρρησίαν
						ἑκάστῳ τῶν συμβουλευόντων. ἐγὼ δʼ οὐδεπώποθʼ ἡγησάμην χαλεπὸν τὸ διδάξαι τὰ
						βέλτισθʼ ὑμᾶς (ὡς γὰρ εἰπεῖν ἁπλῶς, ἅπαντες ὑπάρχειν ἐγνωκότες μοι δοκεῖτε),
						ἀλλὰ τὸ πεῖσαι πράττειν ταῦτα· ἐπειδὰν γάρ τι δόξῃ καὶ ψηφισθῇ, τότʼ ἴσον
						τοῦ
						πραχθῆναι ἀπέχει ὅσονπερ πρὶν δόξαι.</p>
				</div>
				<div type="textpart" subtype="section" n="2">
					<p>ἔστι μὲν οὖν ἓν ὧν ἐγὼ νομίζω χάριν ὑμᾶς τοῖς θεοῖς ὀφείλειν, τὸ τοὺς διὰ τὴν
						αὑτῶν ὕβριν ὑμῖν πολεμήσαντας οὐ πάλαι νῦν ἐν ὑμῖν μόνοις τῆς αὑτῶν σωτηρίας
						ἔχειν τὰς ἐλπίδας. ἄξιον δʼ ἡσθῆναι τῷ παρόντι καιρῷ· συμβήσεται γὰρ ὑμῖν,
						ἐὰν ἃ
						χρὴ βουλεύσησθʼ ὑπὲρ αὐτοῦ, τὰς παρὰ τῶν διαβαλλόντων τὴν πόλιν ἡμῶν
						βλασφημίας
						ἔργῳ μετὰ δόξης καλῆς ἀπολύσασθαι.</p>
				</div>
				<div type="textpart" subtype="section" n="3">
					<p>ᾐτιάσαντο μὲν γὰρ ἡμᾶς ἐπιβουλεύειν αὑτοῖς Χῖοι καὶ Βυζάντιοι καὶ Ῥόδιοι, καὶ
						διὰ
						ταῦτα συνέστησαν ἐφʼ ἡμᾶς τὸν τελευταῖον τουτονὶ πόλεμον· φανήσεται δʼ ὁ μὲν
						πρυτανεύσας ταῦτα καὶ πείσας Μαύσωλος, φίλος εἶναι φάσκων Ῥοδίων, τὴν
						ἐλευθερίαν
						αὐτῶν ἀφῃρημένος, οἱ δʼ ἀποδείξαντες ἑαυτοὺς συμμάχους Χῖοι καὶ Βυζάντιοι
						τοῖς
						ἀτυχήμασιν αὐτῶν οὐ βεβοηθηκότες, </p>
				</div>
				<div type="textpart" subtype="section" n="4">
					<p>ὑμεῖς δʼ, οὓς ἐφοβοῦντο, μόνοι τῶν πάντων τῆς σωτηρίας αὐτοῖς αἴτιοι. ἐκ δὲ
						τοῦ
						ταῦθʼ ὑφʼ ἁπάντων ὀφθῆναι ποιήσετε τοὺς πολλοὺς ἐν ἁπάσαις ταῖς πόλεσι τοῦτο
						ποιεῖσθαι σύμβολον τῆς αὑτῶν σωτηρίας, ἐὰν ὑμῖν ὦσι φίλοι· οὗ μεῖζον οὐδὲν
						ἂν
						ὑμῖν γένοιτʼ ἀγαθόν, ἢ παρὰ πάντων ἑκόντων ἀνυπόπτου τυχεῖν εὐνοίας.</p>
				</div>
				<div type="textpart" subtype="section" n="5">
					<p rend="indent">θαυμάζω δʼ ὅτι τοὺς αὐτοὺς ὁρῶ ὑπὲρ μὲν Αἰγυπτίων τἀναντία
						πράττειν βασιλεῖ τὴν
						πόλιν πείθοντας, ὑπὲρ δὲ τοῦ Ῥοδίων δήμου φοβουμένους τὸν ἄνδρα τοῦτον.
						καίτοι
						τοὺς μὲν Ἕλληνας ὄντας ἅπαντες ἴσασι, τοὺς δʼ ἐν τῇ ἀρχῇ τῇ ʼκείνου
						μεμερισμένους.</p>
				</div>
				<div type="textpart" subtype="section" n="6">
					<p>οἶμαι δʼ ὑμῶν μνημονεύειν ἐνίους, ὅτι ἡνίκʼ ἐβουλεύεσθʼ ὑπὲρ τῶν βασιλικῶν,
						παρελθὼν πρῶτος ἐγὼ παρῄνεσα, οἶμαι δὲ καὶ μόνος ἢ δεύτερος εἰπεῖν, ὅτι μοι
						σωφρονεῖν ἂν δοκεῖτε, εἰ τὴν πρόφασιν τῆς παρασκευῆς μὴ τὴν πρὸς ἐκεῖνον
						ἔχθραν
						ποιοῖσθε, ἀλλὰ παρασκευάζοισθε μὲν πρὸς τοὺς ὑπάρχοντας ἐχθρούς, ἀμύνοισθε
						δὲ
						κἀκεῖνον, ἐὰν ὑμᾶς ἀδικεῖν ἐπιχειρῇ. καὶ οὐκ ἐγὼ μὲν εἶπον ταῦτα, ὑμῖν δʼ
						οὐκ
						ἐδόκουν ὀρθῶς λέγειν, ἀλλὰ καὶ ὑμῖν ἤρεσκε ταῦτα.</p>
				</div>
				<div type="textpart" subtype="section" n="7">
					<p>ἀκόλουθος τοίνυν ὁ νῦν λόγος ἐστί μοι τῷ τότε ῥηθέντι. ἐγὼ γάρ, εἰ βασιλεὺς
						παρʼ
						αὑτὸν ὄντα με σύμβουλον ποιοῖτο, ταὔτʼ ἂν αὐτῷ παραινέσαιμʼ ἅπερ ὑμῖν, ὑπὲρ
						μὲν
						τῶν αὑτοῦ πολεμεῖν, ἐάν τις ἐναντιῶται τῶν Ἑλλήνων, ὧν δὲ μηδὲν αὐτῷ
						προσήκει,
						τούτων μηδʼ ἀντιποιεῖσθαι τὴν ἀρχήν.</p>
				</div>
				<div type="textpart" subtype="section" n="8">
					<p>εἰ μὲν οὖν ὅλως ἐγνώκατʼ, ὦ ἄνδρες Ἀθηναῖοι, ὅσων ἂν βασιλεὺς ἐγκρατὴς
						γένηται
						φθάσας ἢ παρακρουσάμενός τινας τῶν ἐν ταῖς πόλεσι, παραχωρεῖν, οὐ καλῶς
						ἐγνώκατε, ὡς ἐγὼ κρίνω· εἰ δʼ ὑπὲρ τῶν δικαίων καὶ πολεμεῖν, ἂν τούτου δέῃ,
						καὶ
						πάσχειν ὁτιοῦν οἴεσθε χρῆναι, πρῶτον μὲν ὑμῖν ἧττον δεήσει τούτων, ὅσῳ ἂν
						μᾶλλον
						ἐγνωκότες ἦτε ταῦτα, ἔπειθʼ ἃ προσήκει φρονεῖν δόξετε.</p>
				</div>
				<div type="textpart" subtype="section" n="9">
					<p rend="indent">ὅτι δʼ οὐδὲν καινὸν οὔτʼ ἐγὼ λέγω νῦν κελεύων Ῥοδίους
						ἐλευθεροῦν, οὔθʼ ὑμεῖς, ἂν πεισθῆτέ μοι, ποιήσετε, τῶν γεγενημένων ὑμᾶς τι
						καὶ συνενηνοχότων ὑπομνήσω. ὑμεῖς ἐξεπέμψατε Τιμόθεόν ποτʼ, ὦ ἄνδρες
						Ἀθηναῖοι, βοηθήσοντʼ Ἀριοβαρζάνῃ, προσγράψαντες τῷ ψηφίσματι <q>μὴ λύοντα
						τὰς σπονδὰς τὰς πρὸς τὸν βασιλέα.</q> ἰδὼν δʼ ἐκεῖνος τὸν μὲν Ἀριοβαρζάνην
						φανερῶς ἀφεστῶτα βασιλέως, Σάμον δὲ φρουρουμένην ὑπὸ Κυπροθέμιδος, ὃν
						κατέστησε Τιγράνης ὁ βασιλέως ὕπαρχος, τῷ μὲν ἀπέγνω μὴ βοηθεῖν, τὴν δὲ
						προσκαθεζόμενος καὶ βοηθήσας ἠλευθέρωσε· </p>
				</div>
				<div type="textpart" subtype="section" n="10">
					<p>καὶ μέχρι τῆς τήμερον ἡμέρας οὐ γέγονεν πόλεμος διὰ ταῦθʼ ὑμῖν. οὐ γὰρ ὁμοίως
						οὐδεὶς ὑπέρ τε τοῦ πλεονεκτεῖν πολεμήσειεν ἂν καὶ τῶν ἑαυτοῦ, ἀλλʼ ὑπὲρ μὲν
						ὧν
						ἐλαττοῦνται μέχρι τοῦ δυνατοῦ πάντες πολεμοῦσιν, ὑπὲρ δὲ τοῦ πλεονεκτεῖν οὐχ
						οὕτως, ἀλλʼ ἐφίενται μέν, ἐάν τις ἐᾷ, ἐὰν δὲ κωλυθῶσιν, οὐδὲν ἠδικηκέναι
						τοὺς
						ἐναντιωθέντας αὐτοῖς ἡγοῦνται.</p>
				</div>
				<div type="textpart" subtype="section" n="11">
					<p rend="indent">ὅτι δʼ οὐδʼ ἂν ἐναντιωθῆναί μοι δοκεῖ τῇ πράξει ταύτῃ νῦν
						Ἀρτεμισία τῆς πόλεως
						οὔσης ἐπὶ τῶν πραγμάτων, μίκρʼ ἀκούσαντες σκοπεῖτε εἴτʼ ὀρθῶς λογίζομαι
						ταῦτʼ
						εἴτε μή. ἐγὼ νομίζω, πράττοντος μὲν ἐν Αἰγύπτῳ πάνθʼ ὡς ὥρμηκε βασιλέως,
						σφόδρʼ
						ἂν Ἀρτεμισίαν πειραθῆναι περιποιῆσαι Ῥόδον αὐτῷ, οὐ τῇ βασιλέως εὐνοίᾳ, ἀλλὰ
						τῷ
						βούλεσθαι πλησίον αὐτῆς διατρίβοντος ἐκείνου μεγάλην εὐεργεσίαν καταθέσθαι
						πρὸς
						αὐτόν, ἵνʼ ὡς οἰκειότατʼ αὐτὴν ἀποδέχηται· </p>
				</div>
				<div type="textpart" subtype="section" n="12">
					<p>πράττοντος δʼ ὡς λέγεται, καὶ διημαρτηκότος οἷς ἐπεχείρησεν, ἡγεῖσθαι τὴν
						νῆσον
						ταύτην, ὅπερ ἔστιν, ἄλλο μὲν οὐδὲν ἂν εἶναι βασιλεῖ χρησίμην ἐν τῷ παρόντι,
						τῆς
						δʼ αὑτῆς ἀρχῆς ἐπιτείχισμα πρὸς τὸ μηδʼ ὁτιοῦν παρακινεῖν. ὥστε μοι δοκεῖ
						μᾶλλον
						ἂν ὑμᾶς ἔχειν μὴ φανερῶς αὐτῆς ἐνδούσης, ἢ ʼκεῖνον λαβεῖν βούλεσθαι. οἶμαι
						μὲν
						οὖν οὐδὲ βοηθήσειν αὐτήν, ἂν δʼ ἄρα τοῦτο ποιῇ, φαύλως καὶ κακῶς.</p>
				</div>
				<div type="textpart" subtype="section" n="13">
					<p>ἐπεὶ καὶ βασιλέα γε, ὅ τι μὲν ποιήσει μὰ Δίʼ οὐκ ἂν εἴποιμʼ ἔγωγʼ ὡς οἶδα,
						ὅτι
						μέντοι συμφέρει τῇ πόλει δῆλον ἤδη γενέσθαι πότερʼ ἀντιποιήσεται τῆς πόλεως
						τῆς
						Ῥοδίων ἢ οὔ, τοῦτʼ ἂν ἰσχυρισαίμην· οὐ γὰρ ὑπὲρ Ῥοδίων βουλευτέον, ὅταν
						ἀντιποιῆται, μόνον, ἀλλʼ ὑπὲρ ἡμῶν αὐτῶν καὶ τῶν πάντων Ἑλλήνων.</p>
				</div>
				<div type="textpart" subtype="section" n="14">
					<p rend="indent">οὐ μὴν οὐδʼ ἂν εἰ διʼ αὑτῶν εἶχον τὴν πόλιν οἱ νῦν ὄντες ἐν
						αὐτῇ Ῥόδιοι, παρῄνεσʼ
						ἂν ὑμῖν τούτους ἑλέσθαι, οὐδʼ εἰ πάνθʼ ὑπισχνοῦνθʼ ὑμῖν ποιήσειν. ὁρῶ γὰρ
						αὐτοὺς
						τὸ μὲν πρῶτον, ὅπως καταλύσωσι τὸν δῆμον, προσλαβόντας τινὰς τῶν πολιτῶν,
						ἐπειδὴ
						δὲ τοῦτʼ ἔπραξαν, πάλιν ἐκβαλόντας τούτους· τοὺς οὖν μηδετέροις πιστῶς
						κεχρημένους οὐδʼ ἂν ὑμῖν βεβαίους ἡγοῦμαι γενέσθαι συμμάχους.</p>
				</div>
				<div type="textpart" subtype="section" n="15">
					<p>καὶ ταῦτʼ οὐδεπώποτʼ εἶπον ἄν, εἰ τῷ Ῥοδίων δήμῳ μόνον ἡγούμην συμφέρειν·
						οὔτε γὰρ προξενῶ τῶν ἀνδρῶν οὔτʼ ἰδίᾳ ξένος αὐτῶν οὐδείς ἐστί μοι. οὐ μὴν
						οὐδʼ εἰ ταῦτʼ ἀμφότερʼ ἦν, εἰ μὴ συμφέρειν ὑμῖν ἡγούμην, εἶπον ἄν, ἐπεὶ
						Ῥοδίοις γε, εἰ οἷόν τε τοῦτʼ εἰπεῖν τῷ συναγορεύοντι τῇ σωτηρίᾳ αὐτῶν,
						συγχαίρω τῶν γεγενημένων. τοῦ κομίσασθαι γὰρ τὰ ὑμέτερʼ ὑμῖν φθονήσαντες τὴν
						ἑαυτῶν ἐλευθερίαν ἀπολωλέκασι, καὶ παρὸν αὐτοῖς Ἕλλησι καὶ βελτίοσιν αὐτῶν <del>
						ὑμῖν</del> ἐξ ἴσου συμμαχεῖν, βαρβάροις καὶ δούλοις, οὓς εἰς τὰς ἀκροπόλεις
						παρεῖνται, δουλεύουσιν.</p>
				</div>
				<div type="textpart" subtype="section" n="16">
					<p>ὀλίγου δὲ δέω λέγειν, ἐὰν αὐτοῖς ὑμεῖς ἐθελήσητε βοηθῆσαι, ὡς καὶ συνενήνοχε
						ταῦτʼ αὐτοῖς· εὖ μὲν γὰρ πράττοντες οὐκ οἶδʼ εἴ ποτʼ ἂν εὖ φρονῆσαι
						ἠθέλησαν,
						ὄντες Ῥόδιοι, ἔργῳ δὲ πειραθέντες καὶ διδαχθέντες ὅτι πολλῶν κακῶν ἡ ἄνοιʼ
						αἰτία
						τοῖς πολλοῖς γίγνεται, τάχʼ ἄν, εἰ τύχοιεν, σωφρονέστεροι πρὸς τὸν λοιπὸν
						τοῦ
						χρόνου γένοιντο. τοῦτο δʼ οὐ μικρὰν ὠφέλειαν αὐτοῖς ἡγοῦμαι. φημὶ δὴ χρῆναι
						πειρᾶσθαι σῴζειν τοὺς ἄνδρας καὶ μὴ μνησικακεῖν, ἐνθυμουμένους ὅτι πολλὰ καὶ
						ὑμεῖς ὑπὸ τῶν ἐπιβουλευσάντων ἐξηπάτησθε, ὧν οὐδενὸς αὐτοὶ δοῦναι δίκην
						δίκαιον
						ἂν εἶναι φήσαιτε.</p>
				</div>
				<div type="textpart" subtype="section" n="17">
					<p rend="indent">ὁρᾶτε δὲ κἀκεῖνʼ, ὦ ἄνδρες Ἀθηναῖοι, ὅτι πολλοὺς ὑμεῖς πολέμους
						πεπολεμήκατε καὶ
						πρὸς δημοκρατίας καὶ πρὸς ὀλιγαρχίας. καὶ τοῦτο μὲν ἴστε καὶ αὐτοί· ἀλλʼ
						ὑπὲρ ὧν
						πρὸς ἑκατέρους ἔσθʼ ὑμῖν ὁ πόλεμος, τοῦτʼ ἴσως ὑμῶν οὐδεὶς λογίζεται. ὑπὲρ
						τίνων
						οὖν ἐστίν; πρὸς μὲν τοὺς δήμους ἢ περὶ τῶν ἰδίων ἐγκλημάτων, οὐ δυνηθέντων
						δημοσίᾳ διαλύσασθαι ταῦτα, ἢ περὶ γῆς μέρους ἢ ὅρων ἢ φιλονικίας ἢ τῆς
						ἡγεμονίας· πρὸς δὲ τὰς ὀλιγαρχίας ὑπὲρ μὲν τούτων οὐδενός, ὑπὲρ δὲ τῆς
						πολιτείας
						καὶ τῆς ἐλευθερίας· </p>
				</div>
				<div type="textpart" subtype="section" n="18">
					<p>ὥστʼ ἔγωγʼ οὐκ ἂν ὀκνήσαιμʼ εἰπεῖν μᾶλλον ἡγεῖσθαι συμφέρειν δημοκρατουμένους
						τοὺς Ἕλληνας ἅπαντας πολεμεῖν ὑμῖν ἢ ὀλιγαρχουμένους φίλους εἶναι. πρὸς μὲν
						γὰρ
						ἐλευθέρους ὄντας οὐ χαλεπῶς ἂν εἰρήνην ὑμᾶς ποιήσασθαι νομίζω, ὁπότε
						βουληθείητε, πρὸς δʼ ὀλιγαρχουμένους οὐδὲ τὴν φιλίαν ἀσφαλῆ νομίζω· οὐ γὰρ
						ἔσθʼ
						ὅπως ὀλίγοι πολλοῖς καὶ ζητοῦντες ἄρχειν τοῖς μετʼ ἰσηγορίας ζῆν ᾑρημένοις
						εὖνοι
						γένοιντʼ ἄν.</p>
				</div>
				<div type="textpart" subtype="section" n="19">
					<p rend="indent">θαυμάζω δʼ εἰ μηδεὶς ὑμῶν ἡγεῖται Χίων ὀλιγαρχουμένων καὶ
						Μυτιληναίων, καὶ νυνὶ Ῥοδίων καὶ πάντων ἀνθρώπων ὀλίγου δέω λέγειν εἰς
						ταύτην τὴν δουλείαν ὑπαγομένων, συγκινδυνεύειν τι τὴν παρʼ ἡμῖν πολιτείαν,
						μηδὲ λογίζεται τοῦθʼ ὅτι οὐκ ἔστιν ὅπως, εἰ διʼ ὀλιγαρχίας ἅπαντα
						συστήσεται, τὸν παρʼ ὑμῖν δῆμον ἐάσουσιν. ἴσασι γὰρ οὐδένας ἄλλους πάλιν εἰς
						ἐλευθερίαν <add>ἂν</add> τὰ πράγματʼ ἐξάγοντας· ὅθεν δὴ κακὸν αὑτοῖς ἄν τι
						γενέσθαι προσδοκῶσι, τοῦτʼ ἀνελεῖν βουλήσονται.</p>
				</div>
				<div type="textpart" subtype="section" n="20">
					<p>τοὺς μὲν οὖν ἄλλους τοὺς ἀδικοῦντάς τινας αὐτῶν τῶν κακῶς πεπονθότων ἐχθροὺς
						ἡγεῖσθαι χρή· τοὺς δὲ τὰς πολιτείας καταλύοντας καὶ μεθιστάντας εἰς
						ὀλιγαρχίαν
						κοινοὺς ἐχθροὺς παραινῶ νομίζειν ἁπάντων τῶν ἐλευθερίας ἐπιθυμούντων.</p>
				</div>
				<div type="textpart" subtype="section" n="21">
					<p>ἔπειτα καὶ δίκαιον, ὦ ἄνδρες Ἀθηναῖοι, δημοκρατουμένους αὐτοὺς τοιαῦτα
						φρονοῦντας
						φαίνεσθαι περὶ τῶν ἀτυχούντων δήμων, οἷάπερ ἂν τοὺς ἄλλους ἀξιώσαιτε φρονεῖν
						περὶ ὑμῶν, εἴ ποθʼ, ὃ μὴ γένοιτο, τοιοῦτό τι συμβαίη. καὶ γὰρ εἰ δίκαιά τις
						φήσει Ῥοδίους πεπονθέναι, οὐκ ἐπιτήδειος ὁ καιρὸς ἐφησθῆναι· δεῖ γὰρ τοὺς
						εὐτυχοῦντας περὶ τῶν ἀτυχούντων ἀεὶ φαίνεσθαι τὰ βέλτιστα βουλευομένους,
						ἐπειδήπερ ἄδηλον τὸ μέλλον ἅπασιν ἀνθρώποις.</p>
				</div>
				<div type="textpart" subtype="section" n="22">
					<p rend="indent">ἀκούω δʼ ἐγὼ πολλάκις ἐνταυθὶ παρʼ ὑμῖν τινῶν λεγόντων ὡς, ὅτʼ
						ἠτύχησεν ὁ δῆμος
						ἡμῶν, συνεβουλήθησάν τινες αὐτὸν σωθῆναι· ὧν ἐγὼ μόνων Ἀργείων ἐν τῷ παρόντι
						μνησθήσομαι βραχύ τι. οὐ γὰρ ἂν ὑμᾶς βουλοίμην, δόξαν ἔχοντας τοῦ σῴζειν
						τοὺς
						ἀτυχοῦντας ἀεί, χείρους Ἀργείων ἐν ταύτῃ τῇ πράξει φανῆναι, οἳ χώραν ὅμορον
						τῇ
						Λακεδαιμονίων οἰκοῦντες, ὁρῶντες ἐκείνους γῆς καὶ θαλάττης ἄρχοντας, οὐκ
						ἀπώκνησαν οὐδʼ ἐφοβήθησαν εὐνοϊκῶς ὑμῖν ἔχοντες φανῆναι, ἀλλὰ καὶ πρέσβεις
						ἐλθόντας ἐκ Λακεδαίμονος, ὥς φασιν, ἐξαιτήσοντάς τινας τῶν φυγάδων τῶν
						ὑμετέρων
						ἐψηφίσαντο, ἐὰν μὴ πρὸ ἡλίου δύντος ἀπαλλάττωνται, πολεμίους κρίνειν.</p>
				</div>
				<div type="textpart" subtype="section" n="23">
					<p>εἶτʼ οὐκ αἰσχρόν, ὦ ἄνδρες Ἀθηναῖοι, εἰ τὸ μὲν Ἀργείων πλῆθος οὐκ ἐφοβήθη τὴν
						Λακεδαιμονίων ἀρχὴν ἐν ἐκείνοις τοῖς καιροῖς οὐδὲ τὴν ῥώμην, ὑμεῖς δʼ ὄντες
						Ἀθηναῖοι βάρβαρον ἄνθρωπον, καὶ ταῦτα γυναῖκα, φοβήσεσθε; καὶ μὴν οἱ μὲν
						ἔχοιεν ἂν εἰπεῖν ὅτι πολλάκις ἥττηνται <del>ὑπὸ</del> Λακεδαιμονίων, ὑμεῖς
						δὲ νενικήκατε μὲν πολλάκις βασιλέα, ἥττησθε δʼ οὐδʼ ἅπαξ οὔτε τῶν δούλων τῶν
						βασιλέως οὔτʼ αὐτοῦ ʼκείνου· εἰ γάρ τί που κεκράτηκε τῆς πόλεως βασιλεύς, ἢ
						τοὺς πονηροτάτους τῶν Ἑλλήνων καὶ προδότας αὐτῶν χρήμασι πείσας ἢ οὐδαμῶς
						ἄλλως κεκράτηκεν.</p>
				</div>
				<div type="textpart" subtype="section" n="24">
					<p>καὶ οὐδὲ τοῦτʼ αὐτῷ συνενήνοχεν, ἀλλʼ ἅμʼ εὑρήσετʼ αὐτὸν τήν τε πόλιν διὰ
						Λακεδαιμονίων ἀσθενῆ ποιήσαντα καὶ περὶ τῆς αὑτοῦ βασιλείας κινδυνεύσαντα
						πρὸς
						Κλέαρχον καὶ Κῦρον. οὔτʼ οὖν ἐκ φανεροῦ κεκράτηκεν οὔτʼ ἐπιβουλεῦσαι
						συνενήνοχεν
						αὐτῷ. ὁρῶ δʼ ὑμῶν ἐνίους Φιλίππου μὲν ὡς ἄρʼ οὐδενὸς ἀξίου πολλάκις
						ὀλιγωροῦντας, βασιλέα δʼ ὡς ἰσχυρὸν ἐχθρὸν οἷς ἂν προέληται φοβουμένους. εἰ
						δὲ
						τὸν μὲν ὡς φαῦλον οὐκ ἀμυνούμεθα, τῷ δʼ ὡς φοβερῷ πάνθʼ ὑπείξομεν, πρὸς
						τίνας, ὦ
						ἄνδρες Ἀθηναῖοι, παραταξόμεθα; </p>
				</div>
				<div type="textpart" subtype="section" n="25">
					<p rend="indent">εἰσὶ δέ τινες, ὦ ἄνδρες Ἀθηναῖοι, παρʼ ὑμῖν δεινότατοι τὰ
						δίκαια λέγειν ὑπὲρ τῶν
						ἄλλων πρὸς ὑμᾶς, οἷς παραινέσαιμʼ ἂν ἔγωγε τοσοῦτον μόνον, ὑπὲρ ὑμῶν πρὸς
						τοὺς
						ἄλλους ζητεῖν τὰ δίκαια λέγειν, ἵνʼ αὐτοὶ τὰ προσήκοντα πρῶτοι φαίνωνται
						ποιοῦντες· ὡς ἔστʼ ἄτοπον περὶ τῶν δικαίων ὑμᾶς διδάσκειν αὐτὸν οὐ δίκαια
						ποιοῦντα· οὐ γάρ ἐστι δίκαιον ὄντα πολίτην τοὺς καθʼ ὑμῶν λόγους, ἀλλὰ μὴ
						τοὺς
						ὑπὲρ ὑμῶν ἐσκέφθαι.</p>
				</div>
				<div type="textpart" subtype="section" n="26">
					<p>φέρε γὰρ πρὸς θεῶν σκοπεῖτε, τί δήποτʼ ἐν Βυζαντίῳ οὐδείς ἐσθʼ ὁ διδάξων
						ἐκείνους
						μὴ καταλαμβάνειν Χαλκηδόνα, ἣ βασιλέως μέν ἐστιν, εἴχετε δʼ αὐτὴν ὑμεῖς,
						ἐκείνοις δʼ οὐδαμόθεν προσῆκεν· μηδὲ Σηλυμβρίαν, πόλιν ὑμετέραν ποτὲ
						σύμμαχον
						οὖσαν, ὡς αὑτοὺς συντελῆ ποιεῖν καὶ Βυζαντίων ὁρίζειν τὴν τούτων χώραν παρὰ
						τοὺς
						ὅρκους καὶ τὰς συνθήκας, ἐν αἷς αὐτονόμους τὰς πόλεις εἶναι γέγραπται; </p>
				</div>
				<div type="textpart" subtype="section" n="27">
					<p>οὐδὲ Μαύσωλον ζῶντα, οὐδὲ τελευτήσαντος ἐκείνου τὴν Ἀρτεμισίαν οὐδείς ἐσθʼ ὁ
						διδάξων μὴ καταλαμβάνειν Κῶν καὶ Ῥόδον καὶ ἄλλας ἑτέρας πόλεις Ἑλληνίδας, ὧν
						βασιλεὺς ὁ ʼκείνων δεσπότης ἐν ταῖς συνθήκαις ἀπέστη τοῖς Ἕλλησι, καὶ περὶ
						ὧν
						πολλοὺς κινδύνους καὶ καλοὺς ἀγῶνας οἱ κατʼ ἐκείνους τοὺς χρόνους Ἕλληνες
						ἐποιήσαντο. εἰ δʼ ἄρα καὶ λέγει τις ἀμφοτέροις αὐτοῖς, ἀλλʼ οἵ γε πεισόμενοι
						τούτοις, ὡς ἔοικεν, οὐκ εἰσίν.</p>
				</div>
				<div type="textpart" subtype="section" n="28">
					<p>ἐγὼ δὲ δίκαιον μὲν εἶναι νομίζω κατάγειν τὸν Ῥοδίων δῆμον· οὐ μὴν ἀλλὰ καὶ εἰ
						μὴ
						δίκαιον ἦν, ὅταν εἰς ἃ ποιοῦσιν οὗτοι βλέψω, προσήκειν οἶμαι παραινεῖν
						κατάγειν.
						διὰ τί; ὅτι πάντων μέν, ὦ ἄνδρες Ἀθηναῖοι, τὰ δίκαια ποιεῖν ὡρμηκότων,
						αἰσχρὸν
						ἡμᾶς μόνους μὴ ʼθέλειν, ἁπάντων δὲ τῶν ἄλλων ὅπως ἀδικεῖν δυνήσονται
						παρασκευαζομένων μόνους ἡμᾶς τὰ δίκαια προτείνεσθαι, μηδενὸς
						ἀντιλαμβανομένους,
						οὐ δικαιοσύνην ἀλλʼ ἀνανδρίαν ἡγοῦμαι· ὁρῶ γὰρ ἅπαντας πρὸς τὴν παροῦσαν
						δύναμιν
						τῶν δικαίων ἀξιουμένους.</p>
				</div>
				<div type="textpart" subtype="section" n="29">
					<p>καὶ παράδειγμα λέγειν ἔχω τούτου πᾶσιν ὑμῖν γνώριμον. εἰσὶ συνθῆκαι τοῖς
						Ἕλλησι <del>διτταὶ</del> πρὸς βασιλέα, ἃς ἐποιήσαθʼ ἡ πόλις ἡ ἡμετέρα, ἃς
						ἅπαντες ἐγκωμιάζουσι, καὶ μετὰ ταῦθʼ ὕστερον Λακεδαιμόνιοι ταύτας ὧν δὴ
						κατηγοροῦσι· κἀν ταύταις οὐχὶ ταὐτὰ δίκαιʼ ἀμφοτέραις ὥρισται. τῶν μὲν γὰρ
						ἰδίων δικαίων τῶν ἐν ταῖς πολιτείαις οἱ νόμοι κοινὴν τὴν μετουσίαν ἔδοσαν
						καὶ ἴσην καὶ τοῖς ἀσθενέσιν καὶ τοῖς ἰσχυροῖς· τῶν δʼ Ἑλληνικῶν δικαίων οἱ
						κρατοῦντες ὁρισταὶ τοῖς ἥττοσι γίγνονται.</p>
				</div>
				<div type="textpart" subtype="section" n="30">
					<p rend="indent">ἐπειδὴ τοίνυν ὑμῖν ἐγνωκέναι τὰ δίκαια <del>ποιεῖν</del>
						ὑπάρχει, ὅπως καὶ πρᾶξαι ταῦτʼ ἐφʼ ὑμῖν ἔσται δεῖ σκοπεῖν. ἔστι δὲ ταῦτʼ,
						ἐὰν ὑποληφθῆτε κοινοὶ προστάται τῆς πάντων ἐλευθερίας εἶναι. εἰκότως δέ μοι
						δοκεῖ χαλεπώτατον ὑμῖν εἶναι πρᾶξαι τὰ δέοντα. τοῖς μὲν γὰρ ἄλλοις ἅπασιν
						ἀνθρώποις εἷς ἀγών ἐστιν ὁ πρὸς τοὺς προδήλους ἐχθρούς, ὧν ἂν κρατήσωσιν,
						οὐδὲν ἐμποδὼν αὐτοῖς κυρίοις τῶν ἀγαθῶν εἶναι· </p>
				</div>
				<div type="textpart" subtype="section" n="31">
					<p>ὑμῖν δʼ, ὦ ἄνδρες Ἀθηναῖοι, δύο, οὗτός θʼ ὁ καὶ τοῖς ἄλλοις καὶ πρόσεσθʼ
						ἕτερος
						τούτου πρότερος καὶ μείζων· δεῖ γὰρ ὑμᾶς βουλευομένους κρατῆσαι τῶν τἀναντία
						τῇ
						πόλει παρʼ ὑμῖν πράττειν προῃρημένων. ὅταν οὖν μηδὲν ᾖ διὰ τούτους ἀκονιτεὶ
						τῶν
						δεόντων γενέσθαι, πολλῶν διαμαρτάνειν ὑμᾶς εἰκότως συμβαίνει.</p>
				</div>
				<div type="textpart" subtype="section" n="32">
					<p>τοῦ μέντοι πολλοὺς ἀδεῶς ταύτην τὴν τάξιν αἱρεῖσθαι τῆς πολιτείας, ἴσως μὲν
						αἱ
						παρὰ τῶν μισθοδοτούντων αὐτοὺς ὠφέλειαι μάλιστʼ αἴτιαι, οὐ μὴν ἀλλὰ καὶ ὑμᾶς
						ἄν
						τις ἔχοι δικαίως αἰτιᾶσθαι. ἐχρῆν γάρ, ὦ ἄνδρες Ἀθηναῖοι, τὴν αὐτὴν ἔχειν
						διάνοιαν ὑμᾶς περὶ τῆς ἐν τῇ πολιτείᾳ τάξεως ἥνπερ περὶ τῆς ἐν ταῖς
						στρατείαις
						ἔχετε. τίς οὖν ἐστιν αὕτη; ὑμεῖς τὸν λιπόντα τὴν ὑπὸ τοῦ στρατηγοῦ τάξιν
						ταχθεῖσαν, ἄτιμον οἴεσθε προσήκειν εἶναι καὶ μηδενὸς τῶν κοινῶν μετέχειν.</p>
				</div>
				<div type="textpart" subtype="section" n="33">
					<p>χρῆν τοίνυν καὶ τοὺς τὴν ὑπὸ τῶν προγόνων τάξιν ἐν τῇ πολιτείᾳ παραδεδομένην
						λιπόντας καὶ πολιτευομένους ὀλιγαρχικῶς ἀτίμους τοῦ συμβουλεύειν ὑμῖν αὐτοῖς
						ποιεῖσθαι· νῦν δὲ τῶν μὲν συμμάχων τοὺς τὸν αὐτὸν ἐχθρὸν καὶ φίλον κρινεῖν
						ὀμωμοκότας νομίζετʼ εὐνουστάτους, τῶν δὲ πολιτευομένων οὓς ἴστε σαφῶς τοὺς
						τῆς
						πόλεως ἐχθροὺς ᾑρημένους, τούτους πιστοτάτους ἡγεῖσθε.</p>
				</div>
				<div type="textpart" subtype="section" n="34">
					<p rend="indent">ἀλλὰ γὰρ οὐχ ὅ τι τις κατηγορήσει τούτων ἢ τοῖς ἄλλοις ὑμῖν
						ἐπιπλήξει χαλεπὸν
						εὑρεῖν, ἀλλʼ ἀφʼ ὁποίων λόγων ἢ πράξεως ποίας ἐπανορθώσεταί τις ἃ νῦν οὐκ
						ὀρθῶς
						ἔχει, τοῦτʼ ἔργον εὑρεῖν. ἴσως μὲν οὖν οὐδὲ τοῦ παρόντος καιροῦ περὶ πάντων
						λέγειν· ἀλλʼ ἐὰν ἃ προῄρησθε δυνηθῆτʼ ἐπικυρῶσαι συμφερούσῃ τινὶ πράξει, καὶ
						τἄλλʼ ἂν ἴσως καθʼ ἓν ἀεὶ βέλτιον σχοίη.</p>
				</div>
				<div type="textpart" subtype="section" n="35">
					<p>ἐγὼ μὲν οὖν οἶμαι δεῖν ὑμᾶς ἀντιλαμβάνεσθαι τῶν πραγμάτων τούτων ἐρρωμένως,
						καὶ πράττειν ἄξια τῆς πόλεως, ἐνθυμουμένους ὅτι χαίρετʼ ἀκούοντες, ὅταν τις
						ἐπαινῇ
						τοὺς προγόνους ὑμῶν καὶ τὰ πεπραγμένʼ ἐκείνοις διεξίῃ καὶ τὰ τρόπαια λέγῃ.
						νομίζετε τοίνυν ταῦτʼ ἀναθεῖναι τοὺς προγόνους ὑμῶν οὐχ ἵνα θαυμάζητʼ αὐτὰ
						θεωροῦντες, ἀλλʼ ἵνα καὶ μιμῆσθε τὰς τῶν ἀναθέντων ἀρετάς.</p>
				</div>
			</div>
		</body>
	</text>
</TEI>