<?xml version="1.0" encoding="UTF-8"?> 
<?xml-model href="http://www.stoa.org/epidoc/schema/latest/tei-epidoc.rng" schematypens="http://relaxng.org/ns/structure/1.0"?>
<TEI xmlns="http://www.tei-c.org/ns/1.0">
	<teiHeader>
		<fileDesc>
			<titleStmt>
				<title>Apatouriun</title>
				<author>Demosthenes</author>
				<editor>W. Rennie</editor>
				<sponsor>Perseus Project, Tufts University</sponsor>
				<principal>Gregory Crane</principal>
				<respStmt>
					<resp>Prepared under the supervision of</resp>
					<name>Lisa Cerrato</name>
					<name>William Merrill</name>
					<name>Elli Mylonas</name>
					<name>David Smith</name>
				</respStmt>
				<funder n="org:AnnCPB">The Annenberg CPB/Project</funder>
			</titleStmt>
			<publicationStmt>
				<publisher>Trustees of Tufts University</publisher>
				<pubPlace>Medford, MA</pubPlace>
				<authority>Perseus Project</authority>
				<date type="release">1996</date>
			</publicationStmt>
			<notesStmt>
				<note>Perseus 2.0</note>
			</notesStmt>
			<sourceDesc>
				<biblStruct>
					<monogr>
						<author>Demosthenes</author>
						<title>Demosthenis. Orationes. Vol. II, Part 2. ed W. Rennie</title>
						<imprint>
							<publisher>Clarendon Press, Oxford</publisher>
							<date>1921</date>
						</imprint>
					</monogr>
					<ref target="https://archive.org/details/p2orationesrecog02demouoft">Internet
						Archive</ref>
				</biblStruct>
			</sourceDesc>
		</fileDesc>
		<encodingDesc>
			<refsDecl n="CTS">
				<cRefPattern n="section"
					matchPattern="(\w+)"
					replacementPattern="#xpath(/tei:TEI/tei:text/tei:body/tei:div/tei:div[@n='$1'])">
					<p>This pointer pattern extracts section</p>
				</cRefPattern>
			</refsDecl>
			<refsDecl>
				<refState unit="section" />
			</refsDecl>
			<editorialDecl>
				<quotation marks="none" />
			</editorialDecl>
		</encodingDesc>
		<profileDesc>
			<langUsage>
				<language ident="grc">Greek</language>
				<language ident="eng">English</language>
			</langUsage>
		</profileDesc>
		<revisionDesc>
			<change when="2018-10-24" who="Lisa Cerrato">CTS and EpiDoc conversion</change>
			<change when="2014-08-01" who="Stella Dee">edited markup</change>
			<change when="2014-07-01" who="Stella Dee">split composite text and converted to unicode</change>
		</revisionDesc>
	</teiHeader>

	<text xml:lang="grc">
		<body>
			<div type="edition" n="urn:cts:greekLit:tlg0014.tlg033.perseus-grc2" xml:lang="grc">
				<div type="textpart" subtype="section" n="1">
					<p rend="indent">τοῖς μὲν ἐμπόροις, ὦ ἄνδρες δικασταί, καὶ τοῖς ναυκλήροις
						κελεύει ὁ νόμος εἶναι τὰς δίκας πρὸς τοὺς θεσμοθέτας, ἐάν τι ἀδικῶνται ἐν τῷ
						ἐμπορίῳ ἢ ἐνθένδε ποι πλέοντες ἢ ἑτέρωθεν δεῦρο, καὶ τοῖς ἀδικοῦσιν δεσμὸν
						ἔταξεν τοὐπιτίμιον, ἕως ἂν ἐκτείσωσιν ὅ τι ἂν αὐτῶν καταγνωσθῇ, ἵνα μηδεὶς
						ἀδικῇ μηδένα τῶν ἐμπόρων εἰκῇ.</p>
				</div>
				<div type="textpart" subtype="section" n="2">
					<p>τοῖς δὲ περὶ τῶν μὴ γενομένων συμβολαίων εἰς κρίσιν καθισταμένοις ἐπὶ τὴν
						παραγραφὴν καταφεύγειν ἔδωκεν ὁ νόμος, ἵνα μηδεὶς συκοφαντῆται, ἀλλʼ αὐτοῖς
						τοῖς τῇ ἀληθείᾳ ἀδικουμένοις τῶν ἐμπόρων καὶ τῶν ναυκλήρων αἱ δίκαι ὦσιν.
						καὶ πολλοὶ ἤδη τῶν φευγόντων ἐν ταῖς ἐμπορικαῖς παραγραψάμενοι κατὰ τὸν
						νόμον τουτονὶ καὶ εἰσελθόντες εἰς ὑμᾶς ἐξήλεγξαν τοὺς δικαζομένους ἀδίκως
						ἐγκαλοῦντας καὶ ἐπὶ τῇ προφάσει τοῦ ἐμπορεύεσθαι συκοφαντοῦντας.</p>
				</div>
				<div type="textpart" subtype="section" n="3">
					<p>ὁ μὲν οὖν μετὰ τούτου μοι ἐπιβεβουλευκὼς καὶ τὸν ἀγῶνα τουτονὶ κατεσκευακὼς
						προϊόντος τοῦ λόγου καταφανὴς ὑμῖν ἔσται· ἐγκαλοῦντος δέ μοι Ἀπατουρίου τὰ
						ψευδῆ καὶ παρὰ τοὺς νόμους δικαζομένου, καὶ ὅσα μὲν ἐμοὶ καὶ τούτῳ ἐγένετο
						συμβόλαια, πάντων ἀπαλλαγῆς καὶ ἀφέσεως γενομένης, ἄλλου δὲ συμβολαίου οὐκ
						ὄντος ἐμοὶ πρὸς τοῦτον, οὔτε ναυτικοῦ οὔτʼ ἐγγείου, παρεγραψάμην τὴν δίκην
						μὴ εἰσαγώγιμον εἶναι κατὰ τοὺς νόμους τουτουσί.</p>
					<p rend="center">
						<label>ΝΟΜΟΙ.</label>
					</p>
				</div>
				<div type="textpart" subtype="section" n="4">
					<p rend="indent">ὡς τοίνυν παρὰ τοὺς νόμους τούτους εἴληχέ μοι τὴν δίκην
						Ἀπατούριος καὶ τὰ ψευδῆ ἐγκέκληκεν, ἐκ πολλῶν ὑμῖν τοῦτʼ ἐπιδείξω. ἐγὼ γάρ,
						ὦ ἄνδρες δικασταί, πολὺν ἤδη χρόνον ἐπὶ τῆς ἐργασίας ὢν τῆς κατὰ θάλατταν,
						μέχρι μέν τινος αὐτὸς ἐκινδύνευον, οὔπω δὲ ἔτη ἐστὶν ἑπτὰ ἀφʼ οὗ τὸ μὲν
						πλεῖν καταλέλυκα, μέτρια δʼ ἔχων τούτοις πειρῶμαι ναυτικοῖς ἐργάζεσθαι.</p>
				</div>
				<div type="textpart" subtype="section" n="5">
					<p>διὰ δὲ τὸ ἀφῖχθαι πολλαχόσε καὶ διὰ τὸ εἶναί μοι τὰς διατριβὰς περὶ τὸ
						ἐμπόριον γνωρίμως ἔχω τοῖς πλείστοις τῶν πλεόντων τὴν θάλατταν· τούτοις δὲ
						τοῖς ἐκ Βυζαντίου καὶ πάνυ οἰκείως χρῶμαι διὰ τὸ ἐνδιατρῖψαι αὐτόθι. ἔχοντος
						δέ μου οὕτως ὡς λέγω, κατέπλευσαν δεῦρο τρίτον ἔτος οὗτός τε καὶ πολίτης
						αὐτοῦ Παρμένων, Βυζάντιος μὲν τὸ γένος, φυγὰς δʼ ἐκεῖθεν.</p>
				</div>
				<div type="textpart" subtype="section" n="6">
					<p>προσιόντες δέ μοι ἐν τῷ ἐμπορίῳ οὗτος καὶ ὁ Παρμένων ἐμνήσθησαν περὶ
						ἀργυρίου. ἔτυχεν δὲ οὑτοσὶ ὀφείλων ἐπὶ τῇ νηὶ τῇ ἑαυτοῦ τετταράκοντα μνᾶς,
						καὶ οἱ χρῆσται κατήπειγον αὐτὸν ἀπαιτοῦντες καὶ ἐνεβάτευον εἰς τὴν ναῦν,
						εἰληφότες τῇ ὑπερημερίᾳ. ἀπορουμένῳ δʼ αὐτῷ μνᾶς μὲν δέκα ὁ Παρμένων
						ὡμολόγησεν δώσειν, τριάκοντα δὲ μνᾶς ἐδεῖτό μου οὗτος συνευπορῆσαι,
						αἰτιώμενος τοὺς χρήστας ἐπιθυμοῦντας τῆς νεὼς διαβεβληκέναι αὑτὸν ἐν τῷ
						ἐμπορίῳ, ἵνα κατάσχωσι τὴν ναῦν εἰς ἀπορίαν καταστήσαντες τοῦ ἀποδοῦναι τὰ
						χρήματα.</p>
				</div>
				<div type="textpart" subtype="section" n="7">
					<p>ἐμοὶ μὲν οὖν οὐκ ἔτυχεν παρὸν ἀργύριον, χρώμενος δὲ Ἡρακλείδῃ τῷ τραπεζίτῃ
						ἔπεισα αὐτὸν δανεῖσαι τὰ χρήματα λαβόντα ἐμὲ ἐγγυητήν. ἤδη δὲ τῶν τριάκοντα
						μνῶν πεπορισμένων, ἔτυχεν προσκεκρουκώς τι τούτῳ ὁ Παρμένων· ὡμολογηκὼς δʼ
						εὐπορήσειν αὐτῷ δέκα μνᾶς, καὶ τούτων δεδωκὼς τὰς τρεῖς, διὰ τὸ προειμένον
						ἀργύριον ἠναγκάζετο καὶ τὸ λοιπὸν διδόναι.</p>
				</div>
				<div type="textpart" subtype="section" n="8">
					<p>αὐτὸς μὲν οὖν διὰ τοῦτο οὐκ ἐβούλετο ποιήσασθαι τὸ συμβόλαιον, ἐμὲ δʼ
						ἐκέλευεν πρᾶξαι ὅπως αὐτῷ ὡς ἀσφαλέστατα ἕξει. λαβὼν δὲ <del>ἐγὼ</del> τὰς
						ἑπτὰ μνᾶς παρὰ τοῦ Παρμένοντος, καὶ τὰς τρεῖς ἃς προειλήφει οὗτος παρʼ
						ἐκείνου, ἀνθομολογησάμενος πρὸς τοῦτον, ὠνὴν ποιοῦμαι τῆς νεὼς καὶ τῶν
						παίδων, ἕως ἀποδοίη τάς τε δέκα μνᾶς ἃς διʼ ἐμοῦ ἔλαβεν, καὶ τὰς τριάκοντα
						ὧν κατέστησεν ἐμὲ ἐγγυητὴν τῷ τραπεζίτῃ. καὶ ὡς ἀληθῆ λέγω, ἀκούσατε τῶν
						μαρτυριῶν.</p>
					<p rend="center">
						<label>ΜΑΡΤΥΡΙΑΙ.</label>
					</p>
				</div>
				<div type="textpart" subtype="section" n="9">
					<p rend="indent">τὸν μὲν τρόπον τοῦτον ἀπήλλαξεν τοὺς χρήστας Ἀπατούριος οὑτοσί.
						οὐ πολλῷ δὲ χρόνῳ μετὰ ταῦτα τῆς τραπέζης ἀνασκευασθείσης, καὶ τοῦ
						Ἡρακλείδου κατʼ ἀρχὰς κεκρυμμένου, ἐπιβουλεύει οὑτοσὶ τούς τε παῖδας
						ἐκπέμψαι Ἀθήνηθεν καὶ τὴν ναῦν ἐξορμίσαι ἐκ τοῦ λιμένος. ὅθεν ἐμοὶ πρὸς
						τοῦτον ἡ πρώτη διαφορὰ ἐγένετο. αἰσθόμενος γὰρ ὁ Παρμένων ἐξαγομένων τῶν
						παίδων ἐπιλαμβάνεται καὶ τὴν ναῦν κατεκώλυσεν αὐτὸν ἐξορμίζειν, καὶ
						μεταπεμψάμενος ἐμὲ λέγει τὸ πρᾶγμα.</p>
				</div>
				<div type="textpart" subtype="section" n="10">
					<p>ὡς δʼ ἤκουσα, τοῦτον μὲν ἀνοσιώτατον ἡγησάμην εἶναι τῷ ἐπιχειρήματι,
						ἐσκοπούμην δὲ ὅπως αὐτός τε ἀπολυθήσομαι τῆς ἐγγύης τῆς ἐπὶ τὴν τράπεζαν,
						καὶ ὁ ξένος μὴ ἀπολεῖ ἃ διʼ ἐμοῦ τούτῳ ἐδάνεισεν. καταστήσας δὲ φύλακας τῆς
						νεὼς διηγησάμην τοῖς ἐγγυηταῖς τῆς τραπέζης τὴν πρᾶξιν, καὶ παρέδωκα τὸ
						ἐνέχυρον, εἰπὼν αὐτοῖς ὅτι δέκα μναῖ ἐνείησαν τῷ ξένῳ ἐν τῇ νηί. ταῦτα δὲ
						πράξας κατηγγύησα τοὺς παῖδας, ἵνʼ εἴ τις ἔνδεια γίγνοιτο, τὰ ἐλλείποντα ἐκ
						τῶν παίδων εἴη.</p>
				</div>
				<div type="textpart" subtype="section" n="11">
					<p>καὶ ἐγὼ μὲν ἐπειδὴ ἔλαβον τοῦτον ἀδικοῦντα, διωρθωσάμην ὑπὲρ ἐμαυτοῦ καὶ τοῦ
						ξένου· ὁ δʼ ὥσπερ ἀδικούμενος, ἀλλʼ οὐκ ἀδικῶν ἐμέμφετό μοι, καὶ ἠρώτα εἰ
						οὐχ ἱκανόν μοι εἴη αὐτῷ ἀπολυθῆναι τῆς ἐγγύης τῆς πρὸς τὴν τράπεζαν, ἀλλὰ
						καὶ ὑπὲρ τοῦ ἀργυρίου τοῦ Παρμένοντος τὴν ναῦν κατεγγυῶ καὶ τοὺς παῖδας, καὶ
						ὑπὲρ ἀνθρώπου φυγάδος ἀπεχθανοίμην αὑτῷ.</p>
				</div>
				<div type="textpart" subtype="section" n="12">
					<p>ἐγὼ δὲ τὸν πιστεύοντα ἐμαυτῷ τοσούτῳ ἔφην ἧττον ἂν περιιδεῖν, ὅσῳ φυγὰς ὢν
						καὶ ἀτυχῶν ἠδικεῖτο ὑπὸ τούτου. πάντα δὲ ποιήσας καὶ εἰς πᾶσαν ἀπέχθειαν
						τούτῳ ἐλθών, μόλις εἰσέπραξα τὸ ἀργύριον, πραθείσης τῆς νεὼς τετταράκοντα
						μνῶν, ὅσουπερ ἡ θέσις ἦν. ἀποδοθεισῶν δὲ τῶν τριάκοντα μνῶν ἐπὶ τὴν τράπεζαν
						καὶ τῶν δέκα μνῶν τῷ Παρμένοντι, ἐναντίον πολλῶν μαρτύρων τάς τε συγγραφὰς
						ἀνειλόμεθα, καθʼ ἃς ἐδανείσθη τὰ χρήματα, καὶ τῶν συναλλαγμάτων ἀφεῖμεν καὶ
						ἀπηλλάξαμεν ἀλλήλους, ὥστε μήτε τούτῳ πρὸς ἐμὲ μήτʼ ἐμοὶ πρὸς τοῦτον πρᾶγμα
						εἶναι μηδέν. καὶ ὡς ἀληθῆ λέγω, ἀκούσατε τῶν μαρτυριῶν.</p>
					<p rend="center">
						<label>ΜΑΡΤΥΡΙΑΙ.</label>
					</p>
				</div>
				<div type="textpart" subtype="section" n="13">
					<p rend="indent">μετὰ ταῦτα τοίνυν ἐμοὶ μὲν οὔτε μεῖζον οὔτε ἔλαττον πρὸς αὐτὸν
						συμβόλαιον γέγονεν· ὁ δὲ Παρμένων ἐδικάζετο τούτῳ τῶν τε πληγῶν ὧν ἔλαβεν
						ὑπὸ τούτου, ὅτε τῶν παίδων ἐξαγομένων ἐπελάβετο, καὶ ὅτι τοῦ εἰς Σικελίαν
						πλοῦ διὰ τοῦτον κατεκωλύθη. ἐνεστηκυίας δὲ τῆς δίκης δίδωσιν ὁ Παρμένων
						ὅρκον τούτῳ περί τινων ἐγκλημάτων, καὶ οὗτος ἐδέξατο, ἐπιδιαθέμενος
						ἀργύριον, ἐὰν μὴ ὀμόσῃ τὸν ὅρκον. καὶ ὅτι ἀληθῆ λέγω, λαβέ μοι τὴν
						μαρτυρίαν.</p>
					<p rend="center">
						<label>ΜΑΡΤΥΡΙΑ.</label>
					</p>
				</div>
				<div type="textpart" subtype="section" n="14">
					<p rend="indent">δεξάμενος τοίνυν τὸν ὅρκον, εἰδὼς ὅτι πολλοὶ αὑτῷ συνείσονται
						ἐπιορκήσαντι, ἐπὶ μὲν τὸ ὀμόσαι οὐκ ἀπήντα, ὡς δὲ δίκῃ λύσων τὸν ὅρκον
						προσκαλεῖται τὸν Παρμένοντα. ἐνεστηκυιῶν δʼ αὐτοῖς τῶν δικῶν πεισθέντες ὑπὸ
						τῶν παρόντων εἰς ἐπιτροπὴν ἔρχονται, καὶ γράψαντες συνθήκας ἐπιτρέπουσιν ἑνὶ
						μὲν διαιτητῇ κοινῷ Φωκρίτῳ πολίτῃ αὑτῶν, ἕνα δʼ ἑκάτερος παρεκαθίσατο, οὗτος
						μὲν Ἀριστοκλέα Ὀῆθεν, ὁ δὲ Παρμένων ἐμέ.</p>
				</div>
				<div type="textpart" subtype="section" n="15">
					<p>καὶ συνέθεντο ἐν ταῖς συνθήκαις, εἰ μὲν τρεῖς ὄντες ὁμογνώμονες γενοίμεθα,
						ταῦτα κύρια εἶναι αὑτοῖς, εἰ δὲ μή, οἷς οἱ δύο γνοίησαν, τούτοις ἐπάναγκες
						εἶναι ἐμμένειν. συνθέμενοι δὲ ταῦτα, ἐγγυητὰς τούτων ἀλλήλοις κατέστησαν,
						οὗτος μὲν ἐκείνῳ τὸν Ἀριστοκλέα, ὁ δὲ Παρμένων τούτῳ Ἄρχιππον Μυρρινούσιον.
						καὶ τὸ μὲν πρῶτον ἐτίθεντο τὰς συνθήκας παρὰ τῷ Φωκρίτῳ, εἶτα κελεύσαντος
						τοῦ Φωκρίτου παρʼ ἄλλῳ τινὶ θέσθαι, τίθενται παρὰ τῷ Ἀριστοκλεῖ. καὶ ὡς
						ἀληθῆ λέγω, ἀκούσατε τῶν μαρτυριῶν.</p>
					<p rend="center">
						<label>ΜΑΡΤΥΡΙΑΙ.</label>
					</p>
				</div>
				<div type="textpart" subtype="section" n="16">
					<p rend="indent">ὅτι μὲν ἐτέθησαν αἱ συνθῆκαι παρὰ Ἀριστοκλεῖ καὶ ἡ ἐπιτροπὴ
						ἐγένετο Φωκρίτῳ καὶ Ἀριστοκλεῖ καὶ ἐμοί, οἱ εἰδότες ταῦτα μεμαρτυρήκασιν
						ὑμῖν. δέομαι δέ, ὦ ἄνδρες δικασταί, τὰ μετὰ ταῦτα πραχθέντα ἀκοῦσαί μου·
						ἐντεῦθεν γὰρ ἔσται φανερὸν ὑμῖν, ὅτι συκοφαντοῦμαι ὑπὸ τουτουὶ Ἀπατουρίου.
						ἐπειδὴ γὰρ ᾔσθετο ὁμογνώμονας ὄντας ἐμὲ καὶ τὸν Φώκριτον καὶ ἔγνω
						καταδιαιτήσοντας ἡμᾶς ἑαυτοῦ, λῦσαι βουλόμενος τὴν ἐπιτροπήν, διαφθεῖραι τὰς
						συνθήκας ἐπεχείρησε μετὰ τοῦ ἔχοντος αὐτάς.</p>
				</div>
				<div type="textpart" subtype="section" n="17">
					<p>καὶ ἦλθεν ἐπὶ τὸ ἀμφισβητεῖν ὡς αὑτῷ διαιτητὴς εἴη ὁ Ἀριστοκλῆς, τὸν δὲ
						Φώκριτον καὶ ἐμὲ οὐδενὸς κυρίους ἔφησεν εἶναι ἀλλʼ ἢ τοῦ διαλῦσαι.
						ἀγανακτήσας δὴ τῷ λόγῳ ὁ Παρμένων ἠξίου τὸν Ἀριστοκλέα ἐκφέρειν τὰς
						συνθήκας, οὐ πόρρω φάσκων εἶναι τὸν ἔλεγχον, εἴ τι κακουργοῖτο περὶ τὰ
						γράμματα· γεγραφέναι γὰρ αὐτὰ οἰκέτην ἑαυτοῦ.</p>
				</div>
				<div type="textpart" subtype="section" n="18">
					<p>ὁμολογήσας δὲ ἐξοίσειν τὰς συνθήκας ὁ Ἀριστοκλῆς ἐμφανεῖς μὲν οὔπω καὶ
						τήμερον ἐνήνοχεν, εἰς δὲ τὴν ἡμέραν τὴν συγκειμένην ἀπαντήσας εἰς τὸ
						Ἡφαιστεῖον, προὐφασίζετο ὡς ὁ παῖς περιμένων αὑτὸν ἀπολωλεκὼς εἴη τὸ
						γραμματεῖον καθεύδων. ὁ δὲ ταῦτα κατασκευάζων ἦν Ἐρυξίας ὁ ἰατρὸς ὁ ἐκ
						Πειραιῶς, οἰκείως ἔχων τῷ Ἀριστοκλεῖ· ὅσπερ καὶ ἐμοὶ τοῦ ἀγῶνος αἴτιός
						ἐστιν, διαφόρως ἔχων. καὶ ὡς ἐσκήψατο ἀπολωλέναι ὁ Ἀριστοκλῆς, ἀκούσατε τῶν
						μαρτυριῶν.</p>
					<p rend="center">
						<label>ΜΑΡΤΥΡΙΑΙ.</label>
					</p>
				</div>
				<div type="textpart" subtype="section" n="19">
					<p rend="indent">ἐντεῦθεν τοίνυν τὸ μὲν τῆς ἐπιτροπῆς ἐλέλυτο, ἠφανισμένων τῶν
						συνθηκῶν καὶ τῶν διαιτητῶν ἀντιλεγομένων· ἐπιχειροῦντες δὲ γράφειν ἑτέρας
						συνθήκας περὶ τούτων διηνέχθησαν, οὗτος μὲν ἀξιῶν τὸν Ἀριστοκλέα, ὁ δὲ
						Παρμένων τοὺς τρεῖς, οἷσπερ καὶ ἐξ ἀρχῆς ἡ ἐπιτροπὴ ἐγένετο. οὐ γραφεισῶν δʼ
						ἑτέρων συνθηκῶν, τῶν δὲ ἐξ ἀρχῆς ἀφανισθεισῶν, εἰς τοῦτʼ ἦλθεν ἀναιδείας ὁ
						ἠφανικὼς τὰς συνθήκας, ὥστε εἷς ὢν ἀποφανεῖσθαι ἔφη τὴν δίαιταν. παρακαλέσας
						δὲ ὁ Παρμένων μάρτυρας ἀπεῖπεν τῷ Ἀριστοκλεῖ μὴ ἀποφαίνεσθαι παρὰ τὰς
						συνθήκας καθʼ αὑτοῦ ἄνευ τῶν συνδιαιτητῶν. καὶ ὧν ἐναντίον ἀπεῖπεν, ἀκούσατε
						τῆς μαρτυρίας.</p>
					<p rend="center">
						<label>ΜΑΡΤΥΡΙΑ.</label>
					</p>
				</div>
				<div type="textpart" subtype="section" n="20">
					<p rend="indent">μετὰ ταῦτα τοίνυν τῷ Παρμένοντι συνέβη συμφορὰ δεινή, ὦ ἄνδρες
						δικασταί. οἰκοῦντος γὰρ αὐτοῦ ἐν Ὀφρυνείῳ διὰ τὴν οἴκοθεν φυγήν, ὅτε ὁ
						σεισμὸς ἐγένετο ὁ περὶ Χερρόνησον, συμπεσούσης αὐτῷ τῆς οἰκίας ἀπώλοντο ἡ
						γυνὴ καὶ οἱ παῖδες. καὶ ὁ μὲν πυθόμενος τὴν συμφορὰν ᾤχετο ἐνθένδε ἀποπλέων·
						ὁ δὲ Ἀριστοκλῆς, διαμαρτυραμένου τοῦ ἀνθρώπου ἐναντίον μαρτύρων μὴ
						ἀποφαίνεσθαι καθʼ αὑτοῦ ἄνευ τῶν συνδιαιτητῶν, ἀποδημήσαντος τοῦ ἀνθρώπου
						διὰ τὴν συμφορὰν ἐρήμην κατʼ αὐτοῦ ἀπεφήνατο τὴν δίαιταν.</p>
				</div>
				<div type="textpart" subtype="section" n="21">
					<p>καὶ ἐγὼ μὲν καὶ ὁ Φώκριτος ἐν ταῖς αὐταῖς συνθήκαις γεγραμμένοι, ὅτι
						ἠμφεσβήτησεν οὗτος μὴ εἶναι ἡμᾶς διαιτητὰς αὑτῷ, ἐφύγομεν τὸ διαιτῆσαι· ὁ δὲ
						οὐ μόνον ἀμφισβητηθείς, ἀλλὰ καὶ ἀπορρηθὲν αὐτῷ, οὐδὲν ἧττον τὴν ἀπόφασιν
						ἐποιήσατο. ὃ οὔτε ὑμῶν οὔτε τῶν ἄλλων Ἀθηναίων ὑπομείναι ἂν ποιῆσαι οὐδείς.</p>
				</div>
				<div type="textpart" subtype="section" n="22">
					<p rend="indent">ἃ μὲν οὖν περὶ τὴν ἀφάνισιν τῶν συνθηκῶν καὶ περὶ τὴν γνῶσιν
						τῆς διαίτης Ἀπατουρίῳ καὶ τῷ διαιτητῇ πέπρακται, ἐάν ποτε σωθῇ ὁ ἠδικημένος,
						δίκην παρʼ αὐτῶν λήψεται· ἐπειδὴ δʼ εἰς τοῦτο ἐλήλυθεν Ἀπατούριος ἀναιδείας,
						ὥστε κἀμοὶ δικάζεται, ἐπιφέρων αἰτίαν ὡς ἀνεδεξάμην ἐκτείσειν, εἴ τι
						καταγνωσθείη τοῦ Παρμένοντος, καί φησιν ἐγγραφῆναι εἰς τὰς συνθήκας ἐμὲ
						ἐγγυητήν, ὥσπερ προσήκει τοιαύτην αἰτίαν ἀπολύσασθαι, πρῶτον μὲν ὑμῖν
						μάρτυρας παρασχήσομαι ὡς οὐκ ἠγγυησάμην ἐγὼ τὸν Παρμένοντα, ἀλλʼ Ἄρχιππος
						Μυρρινούσιος, ἔπειτα πειράσομαι καὶ ἐκ τεκμηρίων τὴν ἀπολογίαν ποιήσασθαι, ὦ
						ἄνδρες δικασταί.</p>
				</div>
				<div type="textpart" subtype="section" n="23">
					<p>πρῶτον μὲν οὖν τὸν χρόνον ἐμαυτῷ ἡγοῦμαι μάρτυρα εἶναι τοῦ μὴ ἀληθὲς τὸ
						ἔγκλημα εἶναι. ἡ μὲν γὰρ ἐπιτροπὴ τούτῳ πρὸς τὸν Παρμένοντα τρίτον ἔτος
						γέγονεν καὶ ἡ γνῶσις τοῦ Ἀριστοκλέους· αἱ δὲ λήξεις τοῖς ἐμπόροις τῶν δικῶν
						ἔμμηνοί εἰσιν ἀπὸ τοῦ βοηδρομιῶνος μέχρι τοῦ μουνιχιῶνος, ἵνα παραχρῆμα τῶν
						δικαίων τυχόντες ἀνάγωνται. εἰ δὴ τῇ ἀληθείᾳ ἐγγυητὴς ἦν τοῦ Παρμένοντος,
						διὰ τί πρῶτον μὲν οὐκ εὐθὺς τῆς γνώσεως γενομένης ἐπράττετο τὴν ἐγγύην;</p>
				</div>
				<div type="textpart" subtype="section" n="24">
					<p>οὐ γὰρ δὴ τοῦτό γʼ αὐτῷ ἔνι εἰπεῖν, ὡς διὰ τὴν πρὸς ἐμὲ φιλίαν ὤκνει μοι
						ἀπεχθέσθαι. αὐτὸς γὰρ εἰσεπέπρακτο ὑπʼ ἐμοῦ πρὸς ἔχθραν τὰς χιλίας δραχμὰς
						τὰς τοῦ Παρμένοντος, καὶ ὅτʼ ἐξώρμιζε τὴν ναῦν ἐπιβουλεύων ἀποδρᾶναι καὶ
						ἀποστερῆσαι τὸ ἐπὶ τὴν τράπεζαν χρέως, ἐκωλύθη ὑπʼ ἐμοῦ. ὥστε εἰ ἦν
						ἠγγυημένος ἐγὼ τὸν Παρμένοντα, οὐκ ἂν τρίτῳ ἔτει ὕστερον, ἀλλʼ εὐθὺς τότε
						εἰσέπραττεν ἄν με τὴν ἐγγύην.</p>
				</div>
				<div type="textpart" subtype="section" n="25">
					<p>ἀλλὰ νὴ Δία εὐπόρως διέκειτο, ὥστʼ ἐνεδέχετο αὐτῷ καὶ ὕστερον ἐπʼ ἐμὲ ἐλθεῖν,
						τότε δʼ ἀσχόλως εἶχεν περὶ ἀναγωγὴν ὤν. ἀλλὰ διʼ ἀπορίαν ἐξειστήκει τῶν
						ἑαυτοῦ καὶ τὴν ναῦν ἐπεπράκει. εἰ δʼ ἄρα ἐμποδών τι αὐτῷ ἐγένετο τοῦ μὴ
						εὐθὺς τότε δικάσασθαι, διὰ τί πέρυσιν ἐπιδημῶν, μὴ ὅτι δικάσασθαι, ἀλλʼ οὐδʼ
						ἐγκαλέσαι μοι ἐτόλμησεν; καίτοι προσῆκεν, εἰ ὁ μὲν Παρμένων ὠφλήκει αὐτῷ τὴν
						δίκην, ἐγὼ δὲ ἐγγυητὴς ἦν, προσελθεῖν αὐτόν μοι ἔχοντα μάρτυρας καὶ
						ἀπαιτῆσαι τὴν ἐγγύην, εἰ μὴ προπέρυσιν, ἐν τῷ ἐξελθόντι ἐνιαυτῷ· καὶ εἰ μὲν
						αὐτῷ ἀπεδίδουν, κομίσασθαι, εἰ δὲ μή, δικάζεσθαι.</p>
				</div>
				<div type="textpart" subtype="section" n="26">
					<p>τῶν γὰρ τοιούτων ἐγκλημάτων πρότερον τὰς ἀπαιτήσεις ποιοῦνται ἅπαντες ἢ
						δικάζονται. οὐκ ἔστιν τοίνυν ὅστις μαρτυρήσει παραγενέσθαι, ὅπου οὗτος ἢ
						πέρυσιν ἢ προπέρυσιν ἐδικάσατό μοι ἢ λόγον ὁντινοῦν ἐποιήσατο πρὸς ἐμὲ περὶ
						ὧν νυνί μοι δικάζεται. ὅτι δʼ ἐπεδήμει πέρυσιν, ὅτε αἱ δίκαι ἦσαν, λαβέ μοι
						τὴν μαρτυρίαν.</p>
					<p rend="center">
						<label>ΜΑΡΤΥΡΙΑ.</label>
					</p>
				</div>
				<div type="textpart" subtype="section" n="27">
					<p rend="indent">λαβὲ δή μοι καὶ τὸν νόμον, ὃς κελεύει τὰς ἐγγύας ἐπετείους
						εἶναι. καὶ οὐκ ἰσχυρίζομαι τῷ νόμῳ, ὡς οὐ δεῖ με δίκην δοῦναι εἰ ἠγγυησάμην,
						ἀλλὰ μάρτυρά μοί φημι τὸν νόμον εἶναι τοῦ μὴ ἐγγυήσασθαι καὶ αὐτὸν τοῦτον·
						ἐδεδίκαστο γὰρ ἄν μοι τῆς ἐγγύης ἐν τῷ χρόνῳ τῷ ἐν τῷ νόμῳ γεγραμμένῳ.</p>
					<p rend="center">
						<label>ΝΟΜΟΣ.</label>
					</p>
				</div>
				<div type="textpart" subtype="section" n="28">
					<p rend="indent">γενέσθω τοίνυν καὶ τοῦτο ὑμῖν τεκμήριον τοῦ ψεύδεσθαι
						Ἀπατούριον· εἰ γὰρ ἠγγυησάμην ἐγὼ τούτῳ τὸν Παρμένοντα, οὐκ ἔστιν ὅπως τούτῳ
						μὲν ὑπὲρ ἐκείνου ἀπηχθόμην, πρόνοιαν ποιούμενος ὅπως μὴ ἀπολεῖ ἃ διʼ ἐμοῦ
						τούτῳ συνέβαλεν, αὐτὸς δʼ ἐμαυτὸν περιεῖδον ἂν ὑπʼ ἐκείνου πρὸς τοῦτον ἐν
						ἐγγύῃ καταλειπόμενον. τίνα γὰρ ἐλπίδα ἔσχον τοῦτον ἀποσχήσεσθαί μου, ὃν
						αὐτὸς ἠναγκάκειν ἐκείνῳ τὰ δίκαια ποιῆσαι; καὶ τὴν ἐγγύην αὐτὸν εἰσπράξας
						τὴν πρὸς τὴν τράπεζαν πρὸς ἀπέχθειαν, τί προσεδόκων ὑπὸ τούτου αὐτὸς
						πείσεσθαι;</p>
				</div>
				<div type="textpart" subtype="section" n="29">
					<p rend="indent">ἄξιον τοίνυν καὶ τοῦτʼ ἐνθυμηθῆναι, ὦ ἄνδρες δικασταί, ὅτι οὐκ
						ἄν ποτε ἔξαρνος ἐγενόμην, εἰ ἠγγυήμην· πολὺ γὰρ ὁ λόγος ἦν μοι ἰσχυρότερος
						ὁμολογοῦντι τὴν ἐγγύην ἐπὶ τὰς συνθήκας ἰέναι, καθʼ ἃς ἡ ἐπιτροπὴ ἐγένετο.
						ὅτι μὲν γὰρ τρισὶν ἐπετράπη διαιτηταῖς, μεμαρτύρηται ὑμῖν· ὁπότε δὲ μὴ
						ἔγνωσται ὑπὸ τῶν τριῶν, τί βουλόμενος ἠρνούμην ἂν τὴν ἐγγύην; μὴ γὰρ
						γενομένης τῆς γνώσεως κατὰ τὰς συνθήκας, οὐδʼ ἂν ἐγὼ τῆς ἐγγύης ὑπόδικος ἦν.
						ὥστε οὐκ ἄν ποτε, ὦ ἄνδρες δικασταί, παραλιπὼν τὴν οὖσάν μοι ἀπολογίαν, εἰ
						ἠγγυησάμην, ἐπὶ τὸ ἀρνεῖσθαι ἦλθον.</p>
				</div>
				<div type="textpart" subtype="section" n="30">
					<p rend="indent">ἀλλὰ μὴν καὶ τοῦτο μεμαρτύρηται ὑμῖν, ὅτι ἐπειδὴ ἠφανίσθησαν αἱ
						συνθῆκαι ὑπὸ τούτων, ἐζήτουν ἑτέρας γράφεσθαι οὗτος καὶ ὁ Παρμένων, ὡς
						ἀκύρων ὄντων αὐτοῖς τῶν πρότερον ὡμολογημένων. καίτοι ὁπότε περὶ τῆς
						μελλούσης γνώσεως γενήσεσθαι ἑτέρας ἐνεχείρουν συνθήκας γράφεσθαι, ἐπειδὴ αἱ
						ὑπάρχουσαι ἀπώλοντο, πῶς ἐνῆν μὴ γραφεισῶν συνθηκῶν ἑτέρων ἢ δίαιταν
						γενέσθαι ἢ ἐγγύην; περὶ αὐτοῦ γὰρ τούτου διενεχθέντες οὐκ ἔγραψαν ἕτερα
						γράμματα, ὁ μὲν ἀξιῶν ἕνα διαιτητὴν αὑτῷ εἶναι, ὁ δὲ τρεῖς. ὁπότε δὲ αἱ μὲν
						ἐξ ἀρχῆς συνθῆκαι ἠφανίσθησαν, καθʼ ἃς ἐμέ φησιν γενέσθαι ἐγγυητήν, ἕτεραι
						δὲ μὴ ἐγράφησαν, πῶς ὀρθῶς ἂν ἐμοὶ δικάζοιτο, καθʼ οὗ μὴ ἔχει παρασχέσθαι
						συνθήκας;</p>
				</div>
				<div type="textpart" subtype="section" n="31">
					<p rend="indent">ἀλλὰ μὴν καὶ ὡς ἀπηγόρευεν ὁ Παρμένων τῷ Ἀριστοκλεῖ καθʼ αὑτοῦ
						μὴ γιγνώσκειν ἄνευ τῶν συνδιαιτητῶν, μεμαρτύρηται ὑμῖν. ὅταν δὴ ὁ αὐτὸς
						ἠφανικὼς φαίνηται τὰ γράμματα καθʼ ἃ ἔδει τὴν δίαιταν γενέσθαι, καὶ ἄνευ τῶν
						συνδιαιτητῶν παρὰ τὴν ἀπόρρησιν φῇ δεδιῃτηκέναι, πῶς ἂν τούτῳ τῷ ἀνθρώπῳ
						πιστεύσαντες δικαίως ἐμὲ ἀπολέσαιτε;</p>
				</div>
				<div type="textpart" subtype="section" n="32">
					<p>σκέψασθε γὰρ τοῦτο, ὦ ἄνδρες δικασταί· εἰ μὴ ἐμὲ νυνί, ἀλλὰ τὸν Παρμένοντα
						ἐδίωκεν Ἀπατούριος οὑτοσί, εἰσπράττων τὰς εἴκοσι μνᾶς, ἰσχυριζόμενος τῇ
						Ἀριστοκλέους γνώσει, ὁ δὲ Παρμένων παρὼν ἀπελογεῖτο ὑμῖν καὶ μάρτυρας
						παρείχετο, τοῦτο μὲν ὅτι οὐ μόνῳ τῷ Ἀριστοκλεῖ, ἀλλὰ τρίτῳ ἐπέτρεψεν, </p>
				</div>
				<div type="textpart" subtype="section" n="33">
					<p>εἶθʼ ὅτι ἀπεῖπεν αὐτῷ ἄνευ τῶν συνδιαιτητῶν καθʼ αὑτοῦ μὴ ἀποφαίνεσθαι, καὶ
						ὅτι ἀπολομένης αὑτῷ τῆς γυναικὸς καὶ τῶν παίδων ὑπὸ τοῦ σεισμοῦ καὶ ἐπὶ
						τηλικαύτην συμφορὰν ἀπάραντος οἴκαδε, ὁ τὰς συνθήκας ἠφανικὼς ἐρήμην αὑτοῦ
						ἐν τῇ ἀποδημίᾳ κατέγνω τὴν δίαιταν, ἔστιν ὅστις ἂν ὑμῶν ταῦτα τοῦ
						Παρμένοντος ἀπολογουμένου τὴν οὕτω παρανόμως γνωσθεῖσαν δίαιταν κυρίαν ἔγνω
						εἶναι;</p>
				</div>
				<div type="textpart" subtype="section" n="34">
					<p>μὴ γὰρ ὅτι ἀμφισβητουμένων ἁπάντων, ἀλλʼ εἰ ἦσαν μὲν αἱ συνθῆκαι, ὡμολογεῖτο
						δὲ εἷς εἶναι ὁ διαιτητὴς Ἀριστοκλῆς, μὴ ἀπεῖπεν δὲ ὁ Παρμένων αὐτῷ καθʼ
						αὑτοῦ μὴ διαιτᾶν, ἀλλὰ συνέβη πρὶν τὴν ἀπόφασιν γενέσθαι τῆς διαίτης ἡ
						συμφορὰ τῷ ἀνθρώπῳ, τίς οὕτως ὠμός ἐστιν ἀντίδικος ἢ διαιτητὴς ὃς οὐκ ἂν
						ἀνεβάλετο εἰς τὸ ἐπιδημῆσαι τὸν ἄνθρωπον; εἰ δὲ ὁ Παρμένων εἰς λόγον
						καταστὰς πανταχοῦ δικαιότερʼ ἂν φαίνοιτο λέγων τούτου, πῶς ἂν ὀρθῶς ἐμοῦ
						καταγιγνώσκοιτε, ᾧ τὸ παράπαν πρὸς τὸν ἄνθρωπον τουτονὶ μηδὲν συμβόλαιόν
						ἐστιν;</p>
				</div>
				<div type="textpart" subtype="section" n="35">
					<p rend="indent">ὅτι μὲν οὖν ἐγὼ μὲν ὀρθῶς τὴν παραγραφὴν πεποίημαι, Ἀπατούριος
						δὲ τὰ ψευδῆ ἐγκέκληκε καὶ παρὰ τοὺς νόμους τὴν λῆξιν πεποίηται, ἐκ πολλῶν
						οἶμαι ἐπιδεδεῖχθαι τοῦτο ὑμῖν, ὦ ἄνδρες δικασταί· τὸ δὲ κεφάλαιον, πρὸς ἐμὲ
						οὐδʼ ἐπιχειρήσει λέγειν Ἀπατούριος ὡς συνθῆκαί τινες αὐτῷ εἰσίν. ὅταν δὲ
						λέγῃ ψευδόμενος, ὡς ἐν ταῖς πρὸς τὸν Παρμένοντα συνθήκαις ἐνεγράφην
						ἐγγυητής, ἀπαιτεῖτε αὐτὸν τὰς συνθήκας, </p>
				</div>
				<div type="textpart" subtype="section" n="36">
					<p>καὶ ἐνταῦθα αὐτῷ ἀπαντᾶτε, ὅτι πάντες ἄνθρωποι, ὅταν πρὸς ἀλλήλους ποιῶνται
						συγγραφάς, τούτου ἕνεκα σημηνάμενοι τίθενται παρʼ οἷς ἂν πιστεύσωσιν, ἵνα,
						ἐάν τι ἀντιλέγωσιν, ᾖ αὐτοῖς ἐπανελθοῦσιν ἐπὶ τὰ γράμματα, ἐντεῦθεν τὸν
						ἔλεγχον ποιήσασθαι περὶ τοῦ ἀμφισβητουμένου. ὅταν δʼ ἀφανίσας τις τἀκριβὲς
						λόγῳ ἐξαπατᾶν πειρᾶται, πῶς ἂν δικαίως πιστεύοιτε;</p>
				</div>
				<div type="textpart" subtype="section" n="37">
					<p>ἀλλὰ νὴ Δία (τὸ ῥᾷστον τοῖς ἀδικεῖν καὶ συκοφαντεῖν προῃρημένοις) μαρτυρήσει
						τις αὐτῷ κατʼ ἐμοῦ. ἐὰν οὖν ἐπισκήψωμαι αὐτῷ, πόθεν τὴν ἀπόδειξιν ποιήσεται
						τοῦ ἀληθῆ μαρτυρεῖν; ἐκ τῶν συνθηκῶν; τοῦτο τοίνυν μὴ ἀναβαλλέσθω, ἀλλʼ ἤδη
						φερέτω ὁ ἔχων τὰς συνθήκας. εἰ δʼ ἀπολωλέναι φησίν, πόθεν λάβω ἐγὼ τὸν
						ἔλεγχον καταψευδομαρτυρηθείς; εἰ μὲν γὰρ παρʼ ἐμοὶ ἐτέθη τὸ γραμματεῖον,
						ἐνῆν αἰτιάσασθαι Ἀπατουρίῳ, ὡς ἐγὼ διὰ τὴν ἐγγύην ἠφάνικα τὰς συνθήκας· </p>
				</div>
				<div type="textpart" subtype="section" n="38">
					<p>εἰ δὲ παρὰ τῷ Ἀριστοκλεῖ, διὰ τί, εἴπερ ἄνευ τῆς τούτου γνώμης ἀπολώλασιν αἱ
						συνθῆκαι, τῷ μὲν λαβόντι αὐτὰς καὶ οὐ παρέχοντι οὐ δικάζεται, ἐμοὶ δʼ
						ἐγκαλεῖ, μάρτυρα παρεχόμενος κατʼ ἐμοῦ τὸν ἠφανικότα τὰς συνθήκας, ᾧ
						προσῆκεν αὐτὸν ὀργίζεσθαι, εἴπερ μὴ κοινῇ μετὰ τούτου ἐκακοτέχνει;</p>
					<p rend="indent">εἴρηταί μοι τὰ δίκαια, ὅσα ἐδυνάμην. ὑμεῖς οὖν κατὰ τοὺς νόμους
						γιγνώσκετε τὰ δίκαια.</p>
				</div>

			</div>
		</body>
	</text>
</TEI>