<?xml version="1.0" encoding="UTF-8"?>
<?xml-model href="http://www.stoa.org/epidoc/schema/latest/tei-epidoc.rng" schematypens="http://relaxng.org/ns/structure/1.0"?>
<TEI xmlns="http://www.tei-c.org/ns/1.0">
  <teiHeader>
    <fileDesc>
      <titleStmt>
        <title>Plataicus</title>
        
        <author>Isocrates</author>
        <editor>Larue Van Hook</editor>
        <sponsor>Perseus Project, Tufts University</sponsor>
        <principal>Gregory Crane</principal>
        <respStmt>
          <resp>Prepared under the supervision of</resp>
          <name>Lisa Cerrato</name>
          <name>William Merrill</name>
          <name>Elli Mylonas</name>
          <name>David Smith</name>
        </respStmt>
        <funder n="org:AnnCPB">The Annenberg CPB/Project</funder>

      </titleStmt>
      <publicationStmt>
        <publisher>Trustees of Tufts University</publisher>
        <pubPlace>Medford, MA</pubPlace>
        <authority>Perseus Project</authority>
      </publicationStmt>

      <sourceDesc>
        <bibl>
          <author>Isocrates</author>
          <title>Isocrates with an English Translation in three volumes, by Larue Van Hook, Ph.D.,
            LL.D.</title>
          <publisher>Cambridge, MA, Harvard University Press; London, William Heinemann
            Ltd.</publisher>
          <biblScope unit="volume">3</biblScope>
          <date type="print">1945</date>
          <date type="reprint">1968</date>
        </bibl>
      </sourceDesc>
    </fileDesc>

    <encodingDesc>
      <refsDecl n="CTS">
        <cRefPattern n="section"
          matchPattern="(\\w+)"
          replacementPattern="#xpath(/tei:TEI/tei:text/tei:body/tei:div/tei:div[@n=\'$1\'])">
          <p>This pointer pattern extracts section</p>
        </cRefPattern>
      </refsDecl>
      <refsDecl>
        <refState n="chunk context" unit="section"/>
      </refsDecl>
    </encodingDesc>
    
    <profileDesc>
      <langUsage>
        <language ident="eng">English </language>
        <language ident="grc">Greek </language>
      </langUsage>

      <textClass xml:id="gen.epideictic">
        <keywords>
          <term>Epideictic</term>
        </keywords>
      </textClass>
      <textClass xml:id="gen.forensic.prosecution">
        <keywords>
          <term>Forensic Prosecution</term>
        </keywords>
      </textClass>
      <textClass xml:id="gen.forensic.defense">
        <keywords>
          <term>Forensic Defense</term>
        </keywords>
      </textClass>
      <textClass xml:id="gen.estate.claim">
        <keywords>
          <term>Claim against an Estate</term>
        </keywords>
      </textClass>
    </profileDesc>

    <revisionDesc>
      <!--
      <change><date>April 1992</date>
	<respStmt><name>W. Merrill</name><resp>ed.</resp></respStmt>
	<item>Threw out isoc.gk.sgml because first letter of each line was missing. Started from scratch again from isoc.gk.raw. Change markup in accordance with orator dtd</item>
      </change>
      <change><date>June 1992</date>
	<respStmt><name>W. Merrill</name><resp>ed.</resp></respStmt>
	<item>put speeches in numerical order. Consolidated files.</item>
      </change>
      <change><date>June 1995</date>
	<respStmt><name>Lisa Cerrato</name><resp>ed.</resp></respStmt>
	<item>made section after 11.21 11.22. It was 11.37.</item>
      </change>
      <change><date>1 March 2000</date>
	<respStmt><name>David Smith</name><resp>ed.</resp></respStmt>
	<item>
$Log: isoc.orat_gk.xml,v $
Revision 1.1  2009-11-24 20:08:29  rsingh04
moved more xml files around based on copyright status

Revision 1.4  2009/06/24 16:04:24  lcerrato
fixed bad bibls

Revision 1.3  2009/06/11 17:56:55  student
fixed bibl errors - zr

Revision 1.2  2006/02/10 21:10:24  packel
places/dates now actually tagged

Revision 1.1  2005/08/01 18:01:20  packel
split up letters and speeches

Revision 1.1  2005/07/25 14:37:37  packel
Converted to XML
	
Revision 1.12  2003/07/01 22:17:05  yorkc
Updated texts to TEI P4 and Perseus P4 extensions; minor cleanup (esp. character encodings and typos.)

Revision 1.11  2000/10/24 16:30:03  lcerrato
repetition of end of word in 7.38 eliminated

Revision 1.10  2000/03/22 17:08:04  dasmith
Corrected title of fifth letter.

Revision 1.9  2000/03/04 20:34:40  dasmith
Added separate funder entity to TEI header.

Revision 1.8  2000/03/01 22:22:15  dasmith
Only look up speeches in the orat. subdoc.

Revision 1.7  2000/03/01 22:15:43  dasmith
Can't have tags in change log.

Revision 1.6  2000/03/01 22:14:46  dasmith
Erroneously copied "text xml:lang=eng" from English file.

Revision 1.5  2000/03/01 22:08:47  dasmith
Converted to TEI P3.
Wrap letters in DIV1 so we can cite them as "L. 4.3" within doc.


      </item></change>
    <change><date>July 2014</date>
    <respStmt><name>Stella Dee</name><resp>ed.</resp></respStmt>
    <item>split speeches and converted to unicode</item>
      </change></change>-->
      <change when="2014-10-01" who="Stella Dee">edited markup</change>
    </revisionDesc>
  </teiHeader>
  <text xml:lang="grc">
    <body>
      <div type="edition" n="urn:cts:greekLit:tlg0010.tlg012.perseus-grc2" xml:lang="grc">
      <div subtype="section" type="textpart" n="1">
        <p> εἰδότες ὑμᾶς, ὦ ἄνδρες Ἀθηναῖοι, καὶ τοῖς ἀδικουμένοις προθύμως βοηθεῖν εἰθισμένους καὶ
          τοῖς εὐεργέταις μεγίστην χάριν ἀποδιδόντας, ἥκομεν ἱκετεύσοντες μὴ περιιδεῖν ἡμᾶς εἰρήνης
          οὔσης ἀναστάτους ὑπὸ Θηβαίων γεγενημένους. πολλῶν δʼ ἤδη πρὸς ὑμᾶς καταφυγόντων καὶ
          διαπραξαμένων ἅπανθʼ ὅσων ἐδεήθησαν, ἡγούμεθα μάλισθʼ ὑμῖν προσήκειν περὶ τῆς ἡμετέρας
          πόλεως ποιήσασθαι πρόνοιαν· </p>
      </div>
      <div subtype="section" type="textpart" n="2">
        <p> οὔτε γὰρ ἂν ἀδικώτερον οὐδένας ἡμῶν εὕροιτε τηλικαύταις συμφοραῖς περιπεπτωκότας, οὔτʼ
          ἐκ πλείονος χρόνου πρὸς τὴν ὑμετέραν πόλιν οἰκειότερον διακειμένους. ἔτι δὲ τοιούτων
          δεησόμενοι πάρεσμεν ἐν οἷς κίνδυνος μὲν οὐδεὶς ἔνεστιν, ἅπαντες δʼ ἄνθρωποι νομιοῦσιν ὑμᾶς
          πειθομένους ὁσιωτάτους καὶ δικαιοτάτους εἶναι τῶν Ἑλλήνων. </p>
      </div>
      <div subtype="section" type="textpart" n="3">
        <p>εἰ μὲν οὖν μὴ Θηβαίους ἑωρῶμεν ἐκ παντὸς τρόπου παρεσκευασμένους πείθειν ὑμᾶς,<note
            resp="ed" xml:lang="en" anchored="true"><foreign xml:lang="greek"
              >ὑμᾶς</foreign>after<foreign xml:lang="greek">πείθειν</foreign>deleted, without good
            reason, by Blass.</note> ὡς οὐδὲν εἰς ἡμᾶς ἐξημαρτήκασι, διὰ βραχέων ἂν ἐποιησάμεθα τοὺς
          λόγους· ἐπειδὴ δʼ εἰς τοῦθʼ ἥκομεν ἀτυχίας ὥστε μὴ μόνον ἡμῖν εἶναι τὸν ἀγῶνα πρὸς
          τούτους, ἀλλὰ καὶ τῶν ῥητόρων πρὸς τοὺς δυνατωτάτους, οὓς ἀπὸ τῶν ἡμετέρων αὑτοῖς οὗτοι
          παρεσκευάσαντο συνηγόρους, ἀναγκαῖον διὰ μακροτέρων δηλῶσαι περὶ αὐτῶν. </p>
      </div>
      <div subtype="section" type="textpart" n="4">
        <p>χαλεπὸν μὲν οὖν μηδὲν καταδεέστερον εἰπεῖν ὧν πεπόνθαμεν· ποῖος γὰρ ἂν λόγος ἐξισωθείη
          ταῖς ἡμετέραις δυσπραξίαις, ἢ τίς ἂν ῥήτωρ ἱκανὸς γένοιτο κατηγορῆσαι τῶν Θηβαίοις
          ἡμαρτημένων; ὅμως δὲ πειρατέον οὕτως ὅπως ἂν δυνώμεθα φανερὰν καταστῆσαι τὴν τούτων
          παρανομίαν. </p>
      </div>
      <div subtype="section" type="textpart" n="5">
        <p>πολὺ δὲ μάλιστʼ ἀγανακτοῦμεν ὅτι τοσούτου δέομεν τῶν ἴσων ἀξιοῦσθαι τοῖς ἄλλοις Ἕλλησιν,
          ὥστʼ εἰρήνης οὔσης καὶ συνθηκῶν γεγενημένων οὐχ ὅπως τῆς κοινῆς ἐλευθερίας μετέχομεν, ἀλλʼ
          οὐδὲ δουλείας μετρίας τυχεῖν ἠξιώθημεν. </p>
      </div>
      <div subtype="section" type="textpart" n="6">
        <p>δεόμεθʼ οὖν ὑμῶν, ὦ ἄνδρες Ἀθηναῖοι, μετʼ εὐνοίας ἀκροάσασθαι τῶν λεγομένων, ἐνθυμηθέντας
          ὅτι πάντων ἂν ἡμῖν ἀλογώτατον εἴη συμβεβηκός, εἰ τοῖς μὲν ἅπαντα τὸν χρόνον δυσμενῶς πρὸς
          τὴν πόλιν ὑμῶν διακειμένοις αἴτιοι γεγένησθε τῆς ἐλευθερίας, ἡμεῖς δὲ μηδʼ ἱκετεύοντες
          ὑμᾶς τῶν αὐτῶν τοῖς ἐχθίστοις τύχοιμεν. </p>
      </div>
      <div subtype="section" type="textpart" n="7">
        <p>περὶ μὲν οὖν τῶν γεγενημένων οὐκ οἶδʼ ὅ τι δεῖ μακρολογεῖν· τίς γὰρ οὐκ οἶδεν ὅτι καὶ τὴν
          χώραν ἡμῶν κατανενέμηνται καὶ τὴν πόλιν κατεσκάφασιν; ἃ δὲ λέγοντες ἐλπίζουσιν ἐξαπατήσειν
          ὑμᾶς, περὶ τούτων πειρασόμεθα διδάσκειν. </p>
      </div>
      <div subtype="section" type="textpart" n="8">
        <p>ἐνίοτε μὲν γὰρ ἐπιχειροῦσι λέγειν, ὡς διὰ τοῦτο πρὸς ἡμᾶς οὕτω προσηνέχθησαν, ὅτι
          συντελεῖν αὐτοῖς οὐκ ἠθέλομεν. ὑμεῖς δʼ ἐνθυμεῖσθε πρῶτον μὲν εἰ δίκαιόν ἐστιν ὑπὲρ
          τηλικούτων ἐγκλημάτων οὕτως ἀνόμους καὶ δεινὰς ποιεῖσθαι τὰς τιμωρίας, ἔπειτʼ εἰ προσήκειν
          ὑμῖν δοκεῖ μὴ πεισθεῖσαν τὴν Πλαταιέων πόλιν, ἀλλὰ βιασθεῖσαν Θηβαίοις συντελεῖν. ἐγὼ μὲν
          γὰρ οὐδένας ἡγοῦμαι τολμηροτέρους εἶναι τούτων, οἵτινες τὰς μὲν ἰδίας ἡμῶν ἑκάστων πόλεις
          ἀφανίζουσι, τῆς δὲ σφετέρας αὐτῶν πολιτείας οὐδὲν δεομένους κοινωνεῖν ἀναγκάζουσιν. </p>
      </div>
      <div subtype="section" type="textpart" n="9">
        <p>πρὸς δὲ τούτοις οὐδʼ ὁμολογούμενα φαίνονται διαπραττόμενοι πρός τε τοὺς ἄλλους καὶ πρὸς
          ἡμᾶς. ἐχρῆν γὰρ αὐτούς, ἐπειδὴ πείθειν ἡμῶν τὴν πόλιν οὐχ οἷοί τʼ ἦσαν, ὥσπερ τοὺς
          Θεσπιέας καὶ τοὺς Ταναγραίους, συντελεῖν μόνον εἰς τὰς Θήβας ἀναγκάζειν· οὐδὲν γὰρ ἂν τῶν
          ἀνηκέστων κακῶν ἦμεν πεπονθότες. νῦν δὲ φανεροὶ γεγόνασιν οὐ τοῦτο διαπράξασθαι
          βουληθέντες, ἀλλὰ τῆς χώρας ἡμῶν ἐπιθυμήσαντες. </p>
      </div>
      <div subtype="section" type="textpart" n="10">
        <p>θαυμάζω δὲ πρὸς τί τῶν γεγενημένων ἀναφέροντες καὶ πῶς ποτε τὸ δίκαιον κρίνοντες ταῦτα
          φήσουσι προστάττειν ἡμῖν. εἰ μὲν γὰρ τὰ πάτρια σκοποῦσιν, οὐ τῶν ἄλλων αὐτοῖς ἀρκτέον,
          ἀλλὰ πολὺ μᾶλλον Ὀρχομενίοις φόρον οἰστέον· οὕτω γὰρ εἶχε τὸ παλαιόν· εἰ δὲ τὰς συνθήκας
          ἀξιοῦσιν εἶναι κυρίας, ὅπερ ἐστὶ δίκαιον, πῶς οὐχ ὁμολογήσουσιν ἀδικεῖν καὶ παραβαίνειν
          αὐτάς; ὁμοίως γὰρ τάς τε μικρὰς τῶν πόλεων καὶ τὰς μεγάλας αὐτονόμους εἶναι κελεύουσιν.
        </p>
      </div>
      <div subtype="section" type="textpart" n="11">
        <p>οἶμαι δὲ περὶ μὲν τούτων οὐ τολμήσειν αὐτοὺς ἀναισχυντεῖν, ἐπʼ ἐκεῖνον δὲ τρέψεσθαι τὸν
          λόγον, ὡς μετὰ Λακεδαιμονίων ἐπολεμοῦμεν, καὶ πάσῃ τῇ συμμαχίᾳ διαφθείραντες ἡμᾶς τὰ
          συμφέροντα πεποιήκασιν. </p>
      </div>
      <div subtype="section" type="textpart" n="12">
        <p>ἐγὼ δʼ ἡγοῦμαι μὲν χρῆναι μηδεμίαν μήτʼ αἰτίαν μήτε κατηγορίαν μεῖζον δύνασθαι τῶν ὅρκων
          καὶ τῶν συνθηκῶν· οὐ μὴν ἀλλʼ εἰ δεῖ τινὰς κακῶς παθεῖν διὰ τὴν Λακεδαιμονίων συμμαχίαν,
          οὐκ ἂν Πλαταιεῖς ἐξ ἁπάντων τῶν Ἑλλήνων προὐκρίθησαν δικαίως· οὐ γὰρ ἑκόντες, ἀλλʼ
          ἀναγκασθέντες αὐτοῖς ἐδουλεύομεν. </p>
      </div>
      <div subtype="section" type="textpart" n="13">
        <p>τίς γὰρ ἂν πιστεύσειεν εἰς τοῦθʼ ἡμᾶς ἀνοίας ἐλθεῖν ὥστε περὶ πλείονος ποιήσασθαι τοὺς
          ἐξανδραποδισαμένους ἡμῶν τὴν πατρίδα μᾶλλον ἢ τοὺς τῆς πόλεως τῆς αὑτῶν μεταδόντας; ἀλλὰ
          γάρ, οἶμαι, χαλεπὸν ἦν νεωτερίζειν αὐτοὺς μὲν μικρὰν πόλιν οἰκοῦντας, ἐκείνων δʼ οὕτω
          μεγάλην δύναμιν κεκτημένων, ἔτι δὲ πρὸς τούτοις ἁρμοστοῦ καθεστῶτος καὶ φρουρᾶς ἐνούσης
          καὶ τηλικούτου στρατεύματος ὄντος Θεσπιᾶσιν, </p>
      </div>
      <div subtype="section" type="textpart" n="14">
        <p>ὑφʼ ὧν οὐ μόνον ἂν θᾶττον ἢ Θηβαίων διεφθάρημεν, ἀλλὰ καὶ δικαιότερον· τούτους μὲν γὰρ
          εἰρήνης οὔσης οὐ προσῆκε μνησικακεῖν περὶ τῶν τότε γεγενημένων, ἐκεῖνοι δʼ ἐν τῷ πολέμῳ
          προδοθέντες εἰκότως ἂν παρʼ ἡμῶν τὴν μεγίστην δίκην ἐλάμβανον. </p>
      </div>
      <div subtype="section" type="textpart" n="15">
        <p>ἡγοῦμαι δʼ ὑμᾶς οὐκ ἀγνοεῖν ὅτι πολλοὶ καὶ τῶν ἄλλων Ἑλλήνων τοῖς μὲν σώμασι μετʼ ἐκείνων
          ἀκολουθεῖν ἠναγκάζοντο, ταῖς δʼ εὐνοίαις μεθʼ ὑμῶν ἦσαν. οὓς τίνα χρὴ προσδοκᾶν γνώμην
          ἕξειν, ἢν ἀκούσωσιν ὅτι Θηβαῖοι τὸν δῆμον τὸν Ἀθηναίων πεπείκασιν ὡς οὐδενός ἐστι φειστέον
          τῶν ὑπὸ Λακεδαιμονίοις γενομένων; </p>
      </div>
      <div subtype="section" type="textpart" n="16">
        <p>ὁ γὰρ τούτων λόγος οὐδὲν ἄλλʼ ἢ τοῦτο φανήσεται δυνάμενος· οὐ γὰρ ἰδίαν κατηγορίαν
          ποιούμενοι κατὰ τῆς πόλεως τῆς ἡμετέρας ἀπολωλέκασιν αὐτήν, ἀλλʼ ἣν ὁμοίως καὶ κατʼ
          ἐκείνων ἕξουσιν εἰπεῖν. ὑπὲρ ὧν βουλεύεσθαι χρὴ καὶ σκοπεῖν, ὅπως μὴ τοὺς πρότερον
          μισοῦντας τὴν ἀρχὴν τὴν Λακεδαιμονίων ἡ τούτων ὕβρις διαλλάξει καὶ ποιήσει τὴν ἐκείνων
          συμμαχίαν αὑτῶν νομίζειν εἶναι σωτηρίαν. </p>
      </div>
      <div subtype="section" type="textpart" n="17">
        <p>ἐνθυμεῖσθε δʼ ὅτι τὸν πόλεμον ἀνείλεσθε τὸν ὑπογυιότατον οὐχ ὑπὲρ τῆς ὑμετέρας οὐδʼ ὑπὲρ
          τῆς τῶν συμμάχων ἐλευθερίας, ἅπασι γὰρ ὑπῆρχεν ὑμῖν, ἀλλʼ ὑπὲρ τῶν παρὰ τοὺς ὅρκους καὶ
          τὰς συνθήκας τῆς αὐτονομίας ἀποστερουμένων. ὃ δὴ καὶ πάντων σχετλιώτατον, εἰ τὰς πόλεις ἃς
          οὐκ ᾤεσθε δεῖν Λακεδαιμονίοις δουλεύειν, ταύτας περιόψεσθε νῦν ὑπὸ Θηβαίων ἀπολλυμένας· οἳ
          τοσούτου δέουσι μιμεῖσθαι τὴν πραότητα τὴν ὑμετέραν, ὥσθʼ ὃ δοκεῖ πάντων δεινότατον εἶναι,
        </p>
      </div>
      <div subtype="section" type="textpart" n="18">
        <p>δοριαλώτους γενέσθαι, τοῦτο κρεῖττον ἦν ἡμῖν παθεῖν ὑπὸ ταύτης τῆς πόλεως ἢ τούτων τυχεῖν
          ὁμόρους ὄντας. οἱ μὲν γὰρ ὑφʼ ὑμῶν κατὰ κράτος ἁλόντες εὐθὺς μὲν ἁρμοστοῦ καὶ δουλείας
          ἀπηλλάγησαν, νῦν δὲ τοῦ συνεδρίου καὶ τῆς ἐλευθερίας μετέχουσιν· οἱ δὲ τούτων πλησίον
          οἰκοῦντες οἱ μὲν οὐδὲν ἧττον τῶν ἀργυρωνήτων δουλεύουσι, τοὺς δʼ οὐ πρότερον παύσονται
          πρὶν ἂν οὕτως ὥσπερ ἡμᾶς διαθῶσιν. καὶ Λακεδαιμονίων μὲν κατηγοροῦσιν, </p>
      </div>
      <div subtype="section" type="textpart" n="19">
        <p>ὅτι τὴν Καδμείαν κατέλαβον καὶ φρουρὰς εἰς τὰς πόλεις καθίστασαν, αὐτοὶ δʼ οὐ φύλακας
          εἰσπέμποντες, ἀλλὰ τῶν μὲν τὰ τείχη κατασκάπτοντες, τοὺς δʼ ἄρδην ἀπολλύοντες οὐδὲν
          οἴονται δεινὸν ποιεῖν, ἀλλʼ εἰς τοῦτʼ ἀναισχυντίας ἐληλύθασιν, ὥστε τῆς μὲν αὑτῶν σωτηρίας
          τοὺς συμμάχους ἅπαντας ἀξιοῦσιν ἐπιμελεῖσθαι, τῆς δὲ τῶν ἄλλων δουλείας αὑτοὺς κυρίους
          καθιστᾶσιν. </p>
      </div>
      <div subtype="section" type="textpart" n="20">
        <p>καίτοι τίς οὐκ ἂν μισήσειε τὴν τούτων πλεονεξίαν, οἳ τῶν μὲν ἀσθενεστέρων ἄρχειν ζητοῦσι,
          τοῖς δὲ κρείττοσιν ἴσον ἔχειν οἴονται δεῖν, καὶ τῇ μὲν ὑμετέρᾳ πόλει τῆς γῆς τῆς ὑπʼ
          Ὠρωπίων δεδομένης φθονοῦσιν, αὐτοὶ δὲ βία τὴν ἀλλοτρίαν χώραν κατανέμονται; </p>
      </div>
      <div subtype="section" type="textpart" n="21">
        <p>καὶ πρὸς τοῖς ἄλλοις κακοῖς λέγουσιν ὡς ὑπὲρ τοῦ κοινοῦ τῶν συμμάχων ταῦτʼ ἔπραξαν.
          καίτοι χρῆν αὐτούς, ὄντος ἐνθάδε συνεδρίου καὶ τῆς ὑμετέρας πόλεως ἄμεινον βουλεύεσθαι
          δυναμένης ἢ τῆς Θηβαίων, οὐχ ὑπὲρ τῶν πεπραγμένων ἥκειν ἀπολογησομένους, ἀλλὰ πρὶν ποιῆσαί
          τι τούτων ἐλθεῖν ὡς ὑμᾶς βουλευσομένους. </p>
      </div>
      <div subtype="section" type="textpart" n="22">
        <p>νῦν δὲ τὰς μὲν οὐσίας τὰς ἡμετέρας ἰδίᾳ διηρπάκασι, τῆς δὲ διαβολῆς ἅπασι τοῖς συμμάχοις
          ἥκουσι μεταδώσοντες. ἣν ὑμεῖς, ἢν σωφρονῆτε, φυλάξεσθε· πολὺ γὰρ κάλλιον τούτους ἀναγκάσαι
          μιμήσασθαι τὴν ὁσιότητα τὴν ὑμετέραν ἢ τῆς τούτων παρανομίας αὐτοὺς πεισθῆναι μετασχεῖν,
          οἳ μηδὲν τῶν αὐτῶν τοῖς ἄλλοις γιγνώσκουσιν. </p>
      </div>
      <div subtype="section" type="textpart" n="23">
        <p>οἶμαι γὰρ ἅπασι φανερὸν εἶναι διότι προσήκει τοὺς εὖ φρονοῦντας ἐν μὲν τῷ πολέμῳ σκοπεῖν
          ὅπως ἐκ παντὸς τρόπου πλέον ἕξουσι τῶν ἐχθρῶν, ἐπειδὰν δʼ εἰρήνη γένηται, μηδὲν περὶ
          πλείονος ποιεῖσθαι τῶν ὅρκων καὶ τῶν συνθηκῶν. </p>
      </div>
      <div subtype="section" type="textpart" n="24">
        <p>οὗτοι δὲ τότε μὲν ἐν ἁπάσαις ταῖς πρεσβείαις ὑπὲρ τῆς ἐλευθερίας καὶ τῆς αὐτονομίας
          ἐποιοῦντο τοὺς λόγους· ἐπειδὴ δὲ νομίζουσιν αὑτοῖς ἄδειαν γεγενῆσθαι, πάντων τῶν ἄλλων
          ἀμελήσαντες ὑπὲρ τῶν ἰδίων κερδῶν καὶ τῆς αὑτῶν βίας λέγειν τολμῶσι, </p>
      </div>
      <div subtype="section" type="textpart" n="25">
        <p>καὶ φασὶ τὸ Θηβαίους ἔχειν τὴν ἡμετέραν, τοῦτο συμφέρον εἶναι τοῖς συμμάχοις, κακῶς
          εἰδότες ὡς οὐδʼ αὐτοῖς τοῖς παρὰ τὸ δίκαιον πλεονεκτοῦσιν οὐδὲ πώποτε συνήνεγκεν, ἀλλὰ
          πολλοὶ δὴ τῆς ἀλλοτρίας ἀδίκως ἐπιθυμήσαντες περὶ τῆς αὑτῶν δικαίως εἰς τοὺς μεγίστους
          κινδύνους κατέστησαν. </p>
      </div>
      <div subtype="section" type="textpart" n="26">
        <p>ἀλλὰ μὴν οὐδʼ ἐκεῖνό γʼ ἕξουσι λέγειν, ὡς αὐτοὶ μέν, μεθʼ ὧν ἂν γένωνται, πιστοὶ
          διατελοῦσιν ὄντες, ἡμᾶς δʼ ἄξιον φοβεῖσθαι, μὴ κομισάμενοι τὴν χώραν πρὸς Λακεδαιμονίους
          ἀποστῶμεν· εὑρήσετε γὰρ ἡμᾶς μὲν δὶς ἐκπεπολιορκημένους ὑπὲρ τῆς φιλίας τῆς ὑμετέρας,
          τούτους δὲ πολλάκις εἰς ταύτην τὴν πόλιν ἐξημαρτηκότας. </p>
      </div>
      <div subtype="section" type="textpart" n="27">
        <p>καὶ τὰς μὲν παλαιὰς προδοσίας πολὺ ἂν ἔργον εἴη λέγειν· γενομένου δὲ τοῦ Κορινθιακοῦ
          πολέμου διὰ τὴν ὕβριν τὴν τούτων, καὶ Λακεδαιμονίων μὲν ἐπʼ αὐτοὺς στρατευσάντων, διʼ ὑμᾶς
          δὲ σωθέντες οὐχ ὅπως τούτων χάριν ἀπέδοσαν, ἀλλʼ ἐπειδὴ διελέλυσθε<note resp="ed"
            xml:lang="en" anchored="true"><foreign xml:lang="greek">διελέλυσθε Γ· διελύσασθε Ε·
              διελύεσθε</foreign>Priscian, read by Blass.</note> τὸν πόλεμον, ἀπολιπόντες ὑμᾶς εἰς
          τὴν Λακεδαιμονίων συμμαχίαν εἰσῆλθον. </p>
      </div>
      <div subtype="section" type="textpart" n="28">
        <p>καὶ Χῖοι μὲν καὶ Μυτιληναῖοι καὶ Βυζάντιοι συμπαρέμειναν, οὗτοι δὲ τηλικαύτην πόλιν
          οἰκοῦντες οὐδὲ κοινοὺς σφᾶς αὐτοὺς παρασχεῖν ἐτόλμησαν, ἀλλʼ εἰς τοῦτʼ ἀνανδρίας καὶ
          πονηρίας ἦλθον, ὥστʼ ὤμοσαν ἦ μὴν ἀκολουθήσειν μετʼ ἐκείνων ἐφʼ ὑμᾶς τοὺς διασώσαντας τὴν
          πόλιν αὐτῶν· ὑπὲρ ὧν δόντες τοῖς θεοῖς δίκην καὶ τῆς Καδμείας καταληφθείσης ἠναγκάσθησαν
          ἐνθάδε καταφυγεῖν. ὅθεν καὶ μάλιστʼ ἐπεδείξαντο τὴν αὑτῶν ἀπιστίαν· </p>
      </div>
      <div subtype="section" type="textpart" n="29">
        <p> σωθέντες γὰρ πάλιν διὰ τῆς ὑμετέρας δυνάμεως καὶ κατελθόντες εἰς τὴν αὑτῶν οὐδένα χρόνον
          ἐνέμειναν, ἀλλʼ εὐθὺς εἰς Λακεδαίμονα πρέσβεις ἀπέστελλον, ἕτοιμοι δουλεύειν ὄντες καὶ
          μηδὲν κινεῖν τῶν πρότερον πρὸς αὐτοὺς ὡμολογημένων. καὶ τί δεῖ μακρολογεῖν; εἰ γὰρ μὴ
          προσέταττον ἐκεῖνοι τούς τε φεύγοντας καταδέχεσθαι καὶ τοὺς αὐτόχειρας ἐξείργειν, οὐδὲν ἂν
          ἐκώλυεν αὐτοὺς μετὰ τῶν ἠδικηκότων ἐφʼ ὑμᾶς τοὺς εὐεργέτας στρατεύεσθαι. </p>
      </div>
      <div subtype="section" type="textpart" n="30">
        <p>καὶ τοιοῦτοι μὲν νεωστὶ περὶ τὴν πόλιν τήνδε γεγενημένοι, τὸ δὲ παλαιὸν ἁπάσης τῆς
          Ἑλλάδος προδόται καταστάντες, αὐτοὶ μὲν ὑπὲρ οὕτως ἑκουσίων σίων καὶ μεγάλων ἀδικημάτων
          συγγνώμης τυχεῖν ἠξιώθησαν, ἡμῖν δʼ ὑπὲρ ὧν ἠναγκάσθημεν, οὐδεμίαν ἔχειν οἴονται δεῖν,
          ἀλλὰ τολμῶσιν ὄντες Θηβαῖοι λακωνισμὸν ἑτέροις ὀνειδίζειν, οὓς πάντες ἴσμεν πλεῖστον
          χρόνον Λακεδαιμονίοις δεδουλευκότας καὶ προθυμότερον ὑπὲρ τῆς ἐκείνων ἀρχῆς ἢ τῆς αὑτῶν
          σωτηρίας πεπολεμηκότας. </p>
      </div>
      <div subtype="section" type="textpart" n="31">
        <p>ποίας γὰρ εἰσβολῆς ἀπελείφθησαν τῶν εἰς ταύτην τὴν χώραν γεγενημένων; ἢ τίνων οὐκ ἐχθίους
          ὑμῖν καὶ δυσμενέστεροι διετέλεσαν ὄντες; οὐκ ἐν τῷ Λεκελεικῷ πολέμῳ πλειόνων αἴτιοι κακῶν
          ἐγένοντο τῶν ἄλλων τῶν συνεισβαλόντων; οὐ δυστυχησάντων ὑμῶν μόνοι τῶν συμμάχων ἔθεντο τὴν
          ψῆφον, ὡς χρὴ τήν τε πόλιν ἐξανδραποδίσασθαι καὶ τὴν χώραν ἀνεῖναι μηλόβοτον ὥσπερ τὸ
          Κρισαῖον πεδίον; </p>
      </div>
      <div subtype="section" type="textpart" n="32">
        <p>ὥστʼ εἰ Λακεδαιμόνιοι τὴν αὐτὴν γνώμην ἔσχον Θηβαίοις, οὐδὲν ἂν ἐκώλυε τοὺς ἅπασι τοῖς
          Ἕλλησιν αἰτίους τῆς σωτηρίας γενομένους αὐτοὺς ὑπὸ τῶν Ἑλλήνων ἐξανδραποδισθῆναι καὶ ταῖς
          μεγίσταις συμφοραῖς περιπεσεῖν. καίτοι τίνα τηλικαύτην εὐεργεσίαν ἔχοιεν ἂν εἰπεῖν, ἥτις
          ἱκανὴ γενήσεται διαλῦσαι τὴν ἔχθραν τὴν ἐκ τούτων δικαίως ἂν ὑπάρχουσαν πρὸς αὐτούς; </p>
      </div>
      <div subtype="section" type="textpart" n="33">
        <p>τούτοις μὲν οὖν οὐδεὶς λόγος ὑπολείπεται τηλικαῦτα τὸ μέγεθος ἐξημαρτηκόσι, τοῖς δὲ
          συναγορεύειν βουλομένοις ἐκεῖνος μόνος, ὡς νῦν μὲν ἡ Βοιωτία προπολεμεῖ τῆς ὑμετέρας
          χώρας, ἢν δὲ διαλύσησθε τὴν πρὸς τούτους φιλίαν, ἀσύμφορα τοῖς συμμάχοις διαπράξεσθε·
          μεγάλην γὰρ ἔσεσθαι τὴν ῥοπήν, εἰ μετὰ Λακεδαιμονίων ἡ τούτων γενήσεται πόλις. </p>
      </div>
      <div subtype="section" type="textpart" n="34">
        <p>ἐγὼ δʼ οὔτε τοῖς συμμάχοις ἡγοῦμαι λυσιτελεῖν τοὺς ἀσθενεστέρους τοῖς κρείττοσι
          δουλεύειν, καὶ γὰρ τὸν παρελθόντα χρόνον ὑπὲρ τούτων ἐπολεμήσαμεν, οὔτε Θηβαίους εἰς τοῦτο
          μανίας ἥξειν ὥστʼ ἀποστάντας τῆς συμμαχίας Λακεδαιμονίοις ἐνδώσειν τὴν πόλιν, οὐχ ὡς
          πιστεύων τοῖς τούτων ἤθεσιν, ἀλλʼ οἶδʼ ὅτι γιγνώσκουσιν ὡς δυοῖν θάτερον ἀναγκαῖόν ἐστιν
          αὐτοῖς, ἢ μένοντας ἀποθνῄσκειν καὶ πάσχειν οἷά περ ἐποίησαν, ἢ φεύγοντας ἀπορεῖν καὶ τῶν
          ἐλπίδων ἁπασῶν ἐστερῆσθαι. </p>
      </div>
      <div subtype="section" type="textpart" n="35">
        <p>πότερα γὰρ τὰ πρὸς τοὺς πολίτας αὐτοῖς ἔχει καλῶς, ὧν τοὺς μὲν ἀποκτείναντες, τοὺς δʼ ἐκ
          τῆς πόλεως ἐκβαλόντες διηρπάκασι τὰς οὐσίας, ἢ τὰ πρὸς τοὺς ἄλλους Βοιωτούς, ὧν οὐκ ἄρχειν
          μόνον ἀδίκως ἐπιχειροῦσιν, ἀλλὰ τῶν μὲν τὰ τείχη κατεσκάφασι, τῶν δὲ καὶ τὴν χώραν
          ἀπεστερήκασιν; </p>
      </div>
      <div subtype="section" type="textpart" n="36">
        <p>ἀλλὰ μὴν οὐδʼ ἐπὶ τὴν ὑμετέραν πόλιν οἷόν τʼ αὐτοῖς ἐπανελθεῖν ἐστίν, ἣν οὕτω συνεχῶς
          φανήσονται προδιδόντες. ὥστʼ οὐκ ἔστιν ὅπως βουλήσονται πρὸς ὑμᾶς ὑπὲρ τῆς ἀλλοτρίας
          διενεχθέντες τὴν αὑτῶν πόλιν οὕτως εἰκῇ καὶ προδήλως ἀποβαλεῖν, ἀλλὰ πολὺ κοσμιώτερον
          διακείσονται πρὸς ἁπάσας τὰς πράξεις, καὶ τοσούτῳ πλείω ποιήσονται θεραπείαν ὑμῶν, ὅσῳ περ
          ἂν μᾶλλον περὶ σφῶν αὐτῶν δεδίωσιν. </p>
      </div>
      <div subtype="section" type="textpart" n="37">
        <p>ἐπεδείξαντο δʼ ὑμῖν ὡς χρὴ τῇ φύσει χρῆσθαι τῇ τούτων ἐξ ὧν ἔπραξαν περὶ Ὠρωπόν· ὅτε μὲν
          γὰρ ἐξουσίαν ἤλπισαν αὑτοῖς ἔσεσθαι ποιεῖν, ὅ τι ἂν βουληθῶσιν, οὐχ ὡς συμμάχοις ὑμῖν
          προσηνέχθησαν, ἀλλʼ ἅπερ ἂν εἰς τοὺς πολεμιωτάτους ἐξαμαρτεῖν ἐτόλμησαν· ἐπειδὴ δʼ
          ἐκσπόνδους αὐτοὺς ἀντὶ τούτων ἐψηφίσασθε ποιῆσαι, παυσάμενοι τῶν φρονημάτων ἦλθον ὡς ὑμᾶς
          ταπεινότερον διατεθέντες ἢ νῦν ἡμεῖς τυγχάνομεν ἔχοντες. </p>
      </div>
      <div subtype="section" type="textpart" n="38">
        <p>ὥστʼ ἤν τινες ὑμᾶς ἐκφοβῶσι τῶν ῥητόρων ὡς κίνδυνός ἐστι, μὴ μεταβάλωνται καὶ γένωνται
          μετὰ τῶν πολεμίων, οὐ χρὴ πιστεύειν· τοιαῦται γὰρ αὐτοὺς ἀνάγκαι κατειλήφασιν, ὥστε πολὺ
          ἂν θᾶττον τὴν ὑμετέραν ἀρχὴν ἢ τὴν Λακεδαιμονίων συμμαχίαν ὑπομείναιεν. </p>
      </div>
      <div subtype="section" type="textpart" n="39">
        <p>εἰ δʼ οὖν καὶ τἀναντία μέλλοιεν ἅπαντα πράξειν, οὐδʼ οὕτως ἡγοῦμαι προσήκειν ὑμῖν τῆς
          Θηβαίων πόλεως πλείω ποιήσασθαι λόγον ἢ τῶν ὅρκων καὶ τῶν συνθηκῶν, ἐνθυμουμένους πρῶτον
          μὲν ὡς οὐ τοὺς κινδύνους, ἀλλὰ τὰς ἀδοξίας καὶ τὰς αἰσχύνας φοβεῖσθαι πάτριον ὑμῖν ἐστιν,
          ἔπειθʼ ὅτι συμβαίνει κρατεῖν ἐν τοῖς πολέμοις οὐ τοὺς βίᾳ τὰς πόλεις καταστρεφομένους,
          ἀλλὰ τοὺς ὁσιώτερον καὶ πραότερον τὴν Ἑλλάδα διοικοῦντας. </p>
      </div>
      <div subtype="section" type="textpart" n="40">
        <p>καὶ ταῦτʼ ἐπὶ πλειόνων μὲν ἄν τις παραδειγμάτων ἔχοι διελθεῖν· τὰ δʼ οὖν ἐφʼ ἡμῶν
          γενόμενα τίς οὐκ οἶδεν, ὅτι καὶ Λακεδαιμόνιοι τὴν δύναμιν τὴν ὑμετέραν ἀνυπόστατον
          δοκοῦσαν εἶναι κατέλυσαν, μικρὰς μὲν ἀφορμὰς εἰς τὸν πόλεμον τὸν κατὰ θάλατταν τὸ πρῶτον
          ἔχοντες, διὰ δὲ τὴν δόξαν ταύτην προσαγόμενοι τοὺς Ἕλληνας, καὶ πάλιν ὑμεῖς τὴν ἀρχὴν
          ἀφείλεσθε τὴν ἐκείνων, ἐξ ἀτειχίστου μὲν τῆς πόλεως ὁρμηθέντες καὶ κακῶς πραττούσης, τὸ δὲ
          δίκαιον ἔχοντες σύμμαχον; </p>
      </div>
      <div subtype="section" type="textpart" n="41">
        <p>καὶ τούτων ὡς οὐ βασιλεὺς αἴτιος ἦν ὁ τελευταῖος χρόνος σαφῶς ἐπέδειξεν· ἔξω γὰρ αὐτοῦ
          τῶν πραγμάτων γεγενημένου, καὶ τῶν μὲν ὑμετέρων ἀνελπίστως ἐχόντων, Λακεδαιμονίοις δὲ
          σχεδὸν ἁπασῶν τῶν πόλεων δουλευουσῶν, ὅμως αὐτῶν τοσοῦτον περιεγένεσθε πολεμοῦντες ὥστʼ
          ἐκείνους ἀγαπητῶς ἰδεῖν τὴν εἰρήνην γενομένην. </p>
      </div>
      <div subtype="section" type="textpart" n="42">
        <p>μηδεὶς οὖν ὑμῶν ὀρρωδείτω μετὰ τοῦ δικαίου ποιούμενος τοὺς κινδύνους, μηδʼ οἰέσθω
          συμμάχων ἀπορήσειν, ἂν τοῖς ἀδικουμένοις ἐθέλητε βοηθεῖν ἀλλὰ μὴ Θηβαίοις μόνοις· οἷς νῦν
          τἀναντία ψηφισάμενοι πολλοὺς ἐπιθυμεῖν ποιήσετε τῆς ὑμετέρας φιλίας. ἢν γὰρ ἐνδείξησθʼ ὡς
          ὁμοίως ἅπασιν ὑπὲρ τῶν συνθηκῶν παρεσκεύασθε πολεμεῖν, </p>
      </div>
      <div subtype="section" type="textpart" n="43">
        <p>τίνες εἰς τοῦτʼ ἀνοίας ἥξουσιν ὥστε βούλεσθαι μετὰ τῶν καταδουλουμένων εἶναι μᾶλλον ἢ
          μεθʼ ὑμῶν τῶν ὑπὲρ τῆς αὑτῶν ἐλευθερίας ἀγωνιζομένων; εἰ δὲ μή, τί λέγοντες, ἢν πάλιν
          γένηται πόλεμος, ἀξιώσετε προσάγεσθαι τοὺς Ἕλληνας, εἰ τὴν αὐτονομίαν προτείνοντες
          ἐκδώσετε πορθεῖν Θηβαίοις ἥντινʼ ἂν βούλωνται τῶν πόλεων; </p>
      </div>
      <div subtype="section" type="textpart" n="44">
        <p>πῶς δʼ οὐ τἀναντία φανήσεσθε πράττοντες ὑμῖν αὐτοῖς, εἰ Θηβαίους μὲν μὴ διακωλύσετε
          παραβαίνοντας τοὺς ὅρκους καὶ τὰς συνθήκας, πρὸς δὲ Λακεδαιμονίους ὑπὲρ τῶν αὐτῶν τούτων
          προσποιήσεσθε πολεμεῖν; καὶ τῶν μὲν κτημάτων τῶν ὑμετέρων αὐτῶν ἀπέστητε, βουλόμενοι τὴν
          συμμαχίαν ὡς μεγίστην ποιῆσαι, τούτους δὲ τὴν ἀλλοτρίαν ἔχειν ἐάσετε καὶ τοιαῦτα ποιεῖν ἐξ
          ὧν ἅπαντες χείρους εἶναι νομιοῦσιν ὑμᾶς; </p>
      </div>
      <div subtype="section" type="textpart" n="45">
        <p>ὃ δὲ πάντων δεινότατον, εἰ τοῖς μὲν συνεχῶς μετὰ Λακεδαιμονίων γεγενημένοις δεδογμένον
          ὑμῖν ἐστὶ βοηθεῖν, ἤν τι παράσπονδον αὐτοῖς ἐκεῖνοι προστάττωσιν, ἡμᾶς δʼ οἳ τὸν μὲν
          πλεῖστον χρόνον μεθʼ ὑμῶν ὄντες διατετελέκαμεν, τὸν δὲ τελευταῖον μόνον πόλεμον ὑπὸ
          Λακεδαιμονίοις ἠναγκάσθημεν γενέσθαι, διὰ ταύτην τὴν πρόφασιν ἀθλιώτατα πάντων ἀνθρώπων
          περιόψεσθε διακειμένους. </p>
      </div>
      <div subtype="section" type="textpart" n="46">
        <p>τίνας γὰρ ἂν ἡμῶν εὕροι τις δυστυχεστέρους, οἵτινες καὶ πόλεως καὶ χώρας καὶ χρημάτων ἐν
          μιᾷ στερηθέντες ἡμέρᾳ, πάντων τῶν ἀναγκαίων ὁμοίως ἐνδεεῖς ὄντες ἀλῆται καὶ πτωχοὶ
          καθέσταμεν, ἀποροῦντες ὅποι τραπώμεθα, καὶ πάσας τὰς οἰκήσεις δυσχεραίνοντες· ἤν τε γὰρ
          δυστυχοῦντας καταλάβωμεν, ἀλγοῦμεν ἀναγκαζόμενοι πρὸς τοῖς οἰκείοις κακοῖς καὶ τῶν
          ἀλλοτρίων κοινωνεῖν· </p>
      </div>
      <div subtype="section" type="textpart" n="47">
        <p> ἤν θʼ ὡς εὖ πράττοντας ἔλθωμεν, ἔτι χαλεπώτερον ἔχομεν, οὐ ταῖς ἐκείνων φθονοῦντες
          εὐπορίαις, ἀλλὰ μᾶλλον ἐν τοῖς τῶν πέλας ἀγαθοῖς τὰς ἡμετέρας αὐτῶν συμφορὰς καθορῶντες,
          ἐφʼ αἷς ἡμεῖς οὐδεμίαν ἡμέραν ἀδακρυτὶ διάγομεν ἀλλὰ πενθοῦντες τὴν πατρίδα καὶ θρηνοῦντες
          τὴν μεταβολὴν τὴν γεγενημένην ἅπαντα τὸν χρόνον διατελοῦμεν. </p>
      </div>
      <div subtype="section" type="textpart" n="48">
        <p>τίνα γὰρ ἡμᾶς οἴεσθε γνώμην ἔχειν ὁρῶντας καὶ τοὺς γονέας αὑτῶν ἀναξίως γηροτροφουμένους
          καὶ τοὺς παῖδας οὐκ ἐπὶ ταῖς ἐλπίσιν αἷς ἐποιησάμεθα παιδευομένους, ἀλλὰ πολλοὺς μὲν
          μικρῶν ἕνεκα συμβολαίων δουλεύοντας, ἄλλους δʼ ἐπὶ θητείαν ἰόντας, τοὺς δʼ ὅπως ἕκαστοι
          δύνανται τὰ καθʼ ἡμέραν ποριζομένους, ἀπρεπῶς καὶ τοῖς τῶν προγόνων ἔργοις καὶ ταῖς αὑτῶν
          ἡλικίαις καὶ τοῖς φρονήμασι τοῖς ἡμετέροις; </p>
      </div>
      <div subtype="section" type="textpart" n="49">
        <p>ὃ δὲ πάντων ἄλγιστον, ὅταν τις ἴδῃ χωριζομένους ἀπʼ ἀλλήλων μὴ μόνον πολίτας ἀπὸ πολιτῶν
          ἀλλὰ καὶ γυναῖκας ἀπʼ ἀνδρῶν καὶ θυγατέρας ἀπὸ μητέρων καὶ πᾶσαν τὴν συγγένειαν
          διαλυομένην, ὃ πολλοῖς τῶν ἡμετέρων πολιτῶν διὰ τὴν ἀπορίαν συμβέβηκεν· ὁ γὰρ κοινὸς βίος
          ἀπολωλὼς ἰδίας τὰς ἐλπίδας ἕκαστον ἡμῶν ἔχειν πεποίηκεν. </p>
      </div>
      <div subtype="section" type="textpart" n="50">
        <p>οἶμαι δʼ ὑμᾶς οὐδὲ τὰς ἄλλας αἰσχύνας ἀγνοεῖν τὰς διὰ πενίαν καὶ φυγὴν γιγνομένας, ἃς
          ἡμεῖς τῇ μὲν διανοίᾳ χαλεπώτερον τῶν ἄλλων φέρομεν, τῷ δὲ λόγῳ παραλείπομεν, αἰσχυνόμενοι
          λίαν ἀκριβῶς τὰς ἡμετέρας αὐτῶν ἀτυχίας ἐξετάζειν. </p>
      </div>
      <div subtype="section" type="textpart" n="51">
        <p>ὧν αὐτοὺς ὑμᾶς ἀξιοῦμεν ἐνθυμουμένους ἐπιμέλειάν τινα ποιήσασθαι περὶ ἡμῶν. καὶ γὰρ οὐδʼ
          ἀλλότριοι τυγχάνομεν ὑμῖν ὄντες, ἀλλὰ ταῖς μὲν εὐνοίαις ἅπαντες οἰκεῖοι, τῇ δὲ συγγενείᾳ
          τὸ πλῆθος ἡμῶν· διὰ γὰρ τὰς ἐπιγαμίας τὰς δοθείσας ἐκ πολιτίδων ὑμετέρων γεγόναμεν· ὥστʼ
          οὐχ οἷόν θʼ ὑμῖν ἀμελῆσαι περὶ ὧν ἐληλύθαμεν δεησόμενοι. καὶ γὰρ ἂν πάντων εἴη δεινότατον,
        </p>
      </div>
      <div subtype="section" type="textpart" n="52">
        <p>εἰ πρότερον μὲν ἡμῖν μετέδοτε τῆς πατρίδος τῆς ὑμετέρας αὐτῶν, νῦν δε μηδὲ τὴν ἡμετέραν
          ἀποδοῦναι δόξειεν ὑμῖν. ἔπειτʼ οὐδʼ εἰκὸς ἕνα μὲν ἕκαστον ἐλεεῖσθαι τῶν παρὰ τὸ δίκαιον
          δυστυχούντων, ὅλην δὲ πόλιν οὕτως ἀνόμως διεφθαρμένην μηδὲ κατὰ μικρὸν οἴκτου δυνηθῆναι
          τυχεῖν, ἄλλως τε καὶ παρʼ ὑμᾶς καταφυγοῦσαν, οἷς οὐδὲ τὸ πρότερον αἰσχρῶς οὐδʼ ἀκλεῶς
          ἀπέβη τοὺς ἱκέτας ἐλεήσασιν. </p>
      </div>
      <div subtype="section" type="textpart" n="53">
        <p>ἐλθόντων γὰρ Ἀργείων ὡς τοὺς προγόνους ὑμῶν καὶ δεηθέντων ἀνελέσθαι τοὺς ὑπὸ τῇ Καδμείᾳ
          τελευτήσαντας, πεισθέντες ὑπʼ ἐκείνων καὶ Θηβαίους ἀναγκάσαντες βουλεύσασθαι νομιμώτερον
          οὐ μόνον αὐτοὶ κατʼ ἐκείνους τοὺς καιροὺς εὐδοκίμησαν, ἀλλὰ καὶ τῇ πόλει δόξαν ἀείμνηστον
          εἰς ἅπαντα τὸν χρόνον κατέλιπον, ἧς οὐκ ἄξιον προδότας γενέσθαι. καὶ γὰρ αἰσχρὸν
          φιλοτιμεῖσθαι μὲν ἐπὶ τοῖς τῶν προγόνων ἔργοις, φαίνεσθαι δʼ ἐκείνοις τἀναντία περὶ τῶν
          ἱκετῶν πράττοντας. </p>
      </div>
      <div subtype="section" type="textpart" n="54">
        <p>καίτοι πολὺ περὶ μειζόνων καὶ δικαιοτέρων ἥκομεν ποιησόμενοι τὰς δεήσεις· οἱ μὲν γὰρ ἐπὶ
          τὴν ἀλλοτρίαν στρατεύσαντες ἱκέτευον ὑμᾶς, ἡμεῖς δὲ τὴν ἡμετέραν αὐτῶν ἀπολωλεκότες,
          κἀκεῖνοι μὲν παρεκάλουν ἐπὶ τὴν τῶν νεκρῶν ἀναίρεσιν, ἡμεῖς δʼ ἐπὶ τὴν τῶν λοιπῶν
          σωτηρίαν. </p>
      </div>
      <div subtype="section" type="textpart" n="55">
        <p>ἔστι δʼ οὐκ ἴσον κακὸν οὐδʼ ὅμοιον τοὺς τεθνεῶτας ταφῆς εἴργεσθαι καὶ τοὺς ζῶντας
          πατρίδος ἀποστερεῖσθαι καὶ τῶν ἄλλων ἀγαθῶν ἁπάντων, ἀλλὰ τὸ μὲν δεινότερον τοῖς κωλύουσιν
          ἢ τοῖς ἀτυχοῦσι, τὸ δὲ μηδεμίαν ἔχοντα καταφυγὴν ἀλλʼ ἄπολιν γενόμενον καθʼ ἑκάστην τὴν
          ἡμέραν κακοπαθεῖν καὶ τοὺς αὑτοῦ περιορᾶν μὴ δυνάμενον ἐπαρκεῖν, τί δεῖ λέγειν ὅσον τὰς
          ἄλλας συμφορὰς ὑπερβέβληκεν; </p>
      </div>
      <div subtype="section" type="textpart" n="56">
        <p>ὑπὲρ ὧν ἅπαντας ὑμᾶς ἱκετεύομεν ἀποδοῦναι τὴν χώραν ἡμῖν καὶ τὴν πόλιν, τοὺς μὲν
          πρεσβυτέρους ὑπομιμνῄσκοντες, ὡς οἰκτρὸν τοὺς τηλικούτους ὁρᾶσθαι δυστυχοῦντας καὶ τῶν
          καθʼ ἡμέραν ἀποροῦντας, τοὺς δὲ νεωτέρους ἀντιβολοῦντες καὶ δεόμενοι βοηθῆσαι τοῖς
          ἡλικιώταις καὶ μὴ περιιδεῖν ἔτι πλείω κακὰ τῶν εἰρημένων παθόντας. </p>
      </div>
      <div subtype="section" type="textpart" n="57">
        <p>ὀφείλετε δὲ μόνοι τῶν Ἑλλήνων τοῦτον τὸν ἔρανον, ἀναστάτοις ἡμῖν γεγενημένοις ἐπαμῦναι.
          καὶ γὰρ τοὺς ἡμετέρους προγόνους φασὶν ἐκλιπόντων τῶν ὑμετέρων πατέρων ἐν τῷ Περσικῷ
          πολέμῳ ταύτην τὴν χώραν μόνους τῶν ἔξω Πελοποννήσου κοινωνοὺς ἐκείνοις τῶν κινδύνων
          γενομένους συνανασῶσαι τὴν πόλιν αὐτοῖς· ὥστε δικαίως ἂν τὴν αὐτὴν εὐεργεσίαν ἀπολάβοιμεν
          ἥνπερ αὐτοὶ τυγχάνομεν εἰς ὑμᾶς ὑπάρξαντες. </p>
      </div>
      <div subtype="section" type="textpart" n="58">
        <p>εἰ δʼ οὖν καὶ μηδὲν ὑμῖν τῶν σωμάτων τῶν ἡμετέρων δέδοκται φροντίζειν, ἀλλὰ τήν γε χώραν
          οὐ πρὸς ὑμῶν ἐστὶν ἀνέχεσθαι πεπορθημένην, ἐν ᾗ μέγιστα σημεῖα τῆς ἀρετῆς τῆς ὑμετέρας καὶ
          τῶν ἄλλων τῶν συναγωνισαμένων καταλείπεται· </p>
      </div>
      <div subtype="section" type="textpart" n="59">
        <p> τὰ μὲν γὰρ ἄλλα τρόπαια πόλει πρὸς πόλιν γέγονεν, ἐκεῖνα δʼ ὑπὲρ ἁπάσης τῆς Ἑλλάδος πρὸς
          ὅλην τὴν ἐκ τῆς Ἀσίας δύναμιν ἕστηκεν. ἃ Θηβαῖοι μὲν εἰκότως ἀφανίζουσι, τὰ γὰρ μνημεῖα
          τῶν τότε γενομένων αἰσχύνη τούτοις ἐστίν, ὑμῖν δὲ προσήκει διασῴζειν· ἐξ ἐκείνων γὰρ τῶν
          ἔργων ἡγεμόνες κατέστητε τῶν Ἑλλήνων. </p>
      </div>
      <div subtype="section" type="textpart" n="60">
        <p>ἄξιον δὲ καὶ τῶν θεῶν καὶ τῶν ἡρώων μνησθῆναι τῶν ἐκεῖνον τὸν τόπον κατεχόντων καὶ μὴ
          περιορᾶν τὰς τιμὰς αὐτῶν καταλυομένας, οἷς ὑμεῖς καλλιερησάμενοι τοιοῦτον ὑπέστητε
          κίνδυνον, ὃς καὶ τούτους καὶ τοὺς ἄλλους ἅπαντας Ἕλληνας ἠλευθέρωσεν. χρὴ δὲ καὶ τῶν
          προγόνων ποιήσασθαί τινα πρόνοιαν καὶ μὴ παραμελῆσαι μηδὲ τῆς περὶ ἐκείνους εὐσεβείας,
        </p>
      </div>
      <div subtype="section" type="textpart" n="61">
        <p>οἳ πῶς ἂν διατεθεῖεν, εἴ τις ἄρα τοῖς ἐκεῖ φρόνησίς ἐστι περὶ τῶν ἐνθάδε γιγνομένων, εἰ
          κυρίων ὑμῶν ὄντων αἴσθοιντο τοὺς μὲν δουλεύειν τοῖς βαρβάροις ἀξιώσαντας δεσπότας τῶν
          ἄλλων καθισταμένους, ἡμᾶς δὲ τοὺς ὑπὲρ τῆς ἐλευθερίας συναγωνισαμένους μόνους τῶν Ἑλλήνων
          ἀναστάτους γεγενημένους, καὶ τοὺς μὲν τῶν συγκινδυνευσάντων τάφους μὴ τυγχάνοντας τῶν
          νομιζομένων σπάνει τῶν ἐποισόντων, Θηβαίους δὲ τοὺς τἀναντία παραταξαμένους κρατοῦντας τῆς
          χώρας ἐκείνης; </p>
      </div>
      <div subtype="section" type="textpart" n="62">
        <p>ἐνθυμεῖσθε δʼ ὅτι Λακεδαιμονίων μεγίστην ἐποιεῖσθε κατηγορίαν, ὅτι Θηβαίοις χαριζόμενοι
          τοῖς τῶν Ἑλλήνων προδόταις ἡμᾶς τοὺς εὐεργέτας διέφθειραν. μὴ τοίνυν ἐάσητε ταύτας τὰς
          βλασφημίας περὶ τὴν ὑμετέραν γενέσθαι πόλιν, μηδὲ τὴν ὕβριν τὴν τούτων ἀντὶ τῆς παρούσης
          ἕλησθε δόξης. </p>
      </div>
      <div subtype="section" type="textpart" n="63">
        <p>πολλῶν δʼ ἐνόντων εἰπεῖν ἐξ ὧν ἄν τις ὑμᾶς ἐπαγάγοι μᾶλλον φροντίσαι τῆς ἡμετέρας
          σωτηρίας οὐ δύναμαι πάντα περιλαβεῖν, ἀλλʼ αὐτοὺς χρὴ καὶ τὰ παραλελειμμένα συνιδόντας καὶ
          μνησθέντας μάλιστα μὲν τῶν ὅρκων καὶ τῶν συνθηκῶν, ἔπειτα δὲ καὶ τῆς ἡμετέρας εὐνοίας καὶ
          τῆς τούτων ἔχθρας, ψηφίσασθαί τι περὶ ἡμῶν δίκαιον.<note resp="ed" xml:lang="en"
            anchored="true"><foreign xml:lang="greek">τι περὶ ἡμῶν δίκαιον ΓΕ· τὰ δίκαια περὶ
              ἡμῶν</foreign>vulg.</note></p>
      </div>
      </div>
    </body>
  </text>
</TEI>
