<?xml version="1.0" encoding="UTF-8"?> 
<?xml-model href="http://www.stoa.org/epidoc/schema/latest/tei-epidoc.rng" schematypens="http://relaxng.org/ns/structure/1.0"?>
<TEI xmlns="http://www.tei-c.org/ns/1.0">
	<teiHeader>

		<fileDesc>

			<titleStmt>
				<title>2Olinthikos</title>
				<author>Demosthenes</author>
				<editor>S. H. Butcher</editor>
				<sponsor>Perseus Project, Tufts University</sponsor>
				<principal>Gregory Crane</principal>
				<respStmt>
					<resp>Prepared under the supervision of</resp>
					<name>Lisa Cerrato</name>
					<name>William Merrill</name>
					<name>Elli Mylonas</name>
					<name>David Smith</name>
				</respStmt>
				<funder n="org:AnnCPB">The Annenberg CPB/Project</funder>

			</titleStmt>
			<publicationStmt>
				<publisher>Trustees of Tufts University</publisher>
				<pubPlace>Medford, MA</pubPlace>
				<authority>Perseus Project</authority>
				<date type="release">1996</date>
			</publicationStmt>

			<notesStmt>
				<note>Perseus 2.0</note>
			</notesStmt>
			<sourceDesc>
				<biblStruct>
					<monogr>
						<author>Demosthenes</author>
						<title>Demosthenis. Orationes. Vol. I. ed. S. H. Butcher</title>
						<imprint>
							<publisher>Clarendon Press, Oxford</publisher>
							<date>1903</date>
						</imprint>
					</monogr>
					<ref target="https://archive.org/details/orationesrecogno01demouoft">Internet
						Archive</ref>
				</biblStruct>
			</sourceDesc>
		</fileDesc>

		<encodingDesc>
			<refsDecl n="CTS">
				<cRefPattern n="section"
					matchPattern="(\w+)"
					replacementPattern="#xpath(/tei:TEI/tei:text/tei:body/tei:div/tei:div[@n='$1'])">
					<p>This pointer pattern extracts section</p>
				</cRefPattern>
			</refsDecl>
			<refsDecl>
				<refState unit="section" />
			</refsDecl>
			<editorialDecl>
				<quotation marks="none" />
			</editorialDecl>
		</encodingDesc>
		<profileDesc>
			<langUsage>
				<language ident="grc">Greek</language>
				<language ident="eng">English</language>
			</langUsage>
		</profileDesc>

		<revisionDesc>
			<change when="2018-09-26" who="Lisa Cerrato">CTS and EpiDoc conversion</change>
			<change when="2014-08-01" who="Stella Dee">edited markup</change>
			<change when="2014-07-01" who="Stella Dee">split composite text and converted to unicode</change>
			<change when="1992-06-02" who="David Smith">fixed corrupt passage in 7.33-34, took out
				line-break hyphens, inserted quotedtext tag around verse</change>
			<change when="1992-03-31" who="William Merrill">Removed caps from non-proper nouns at
				beginnings of sections and paragraphs, Demosthenes 1-64.</change>
		</revisionDesc>
	</teiHeader>

	<text xml:lang="grc">
		<body>
			<div type="edition" n="urn:cts:greekLit:tlg0014.tlg002.perseus-grc2" xml:lang="grc">
				<div type="textpart" subtype="section" n="1">
					<p rend="indent">ἐπὶ πολλῶν μὲν ἄν τις ἰδεῖν, ὦ ἄνδρες Ἀθηναῖοι, δοκεῖ μοι τὴν
						παρὰ τῶν θεῶν εὔνοιαν φανερὰν γιγνομένην τῇ πόλει, οὐχ ἥκιστα δʼ ἐν τοῖς
						παροῦσι πράγμασι· τὸ γὰρ τοὺς πολεμήσοντας Φιλίππῳ γεγενῆσθαι καὶ χώραν
						ὅμορον καὶ δύναμίν τινα κεκτημένους, καὶ τὸ μέγιστον ἁπάντων, τὴν ὑπὲρ τοῦ
						πολέμου γνώμην τοιαύτην ἔχοντας ὥστε τὰς πρὸς ἐκεῖνον διαλλαγὰς πρῶτον μὲν
						ἀπίστους, εἶτα τῆς ἑαυτῶν πατρίδος νομίζειν ἀνάστασιν, δαιμονίᾳ τινὶ καὶ
						θείᾳ παντάπασιν ἔοικεν εὐεργεσίᾳ.</p>
				</div>
				<div type="textpart" subtype="section" n="2">
					<p>δεῖ τοίνυν, ὦ ἄνδρες Ἀθηναῖοι, τοῦτʼ ἤδη σκοπεῖν αὐτούς, ὅπως μὴ χείρους περὶ
						ἡμᾶς αὐτοὺς εἶναι δόξομεν τῶν ὑπαρχόντων, ὡς ἔστι τῶν αἰσχρῶν, μᾶλλον δὲ τῶν
						αἰσχίστων, μὴ μόνον πόλεων καὶ τόπων ὧν ἦμέν ποτε κύριοι φαίνεσθαι
						προϊεμένους, ἀλλὰ καὶ τῶν ὑπὸ τῆς τύχης παρασκευασθέντων συμμάχων καὶ
						καιρῶν.</p>
				</div>
				<div type="textpart" subtype="section" n="3">
					<p rend="indent">τὸ μὲν οὖν, ὦ ἄνδρες Ἀθηναῖοι, τὴν Φιλίππου ῥώμην διεξιέναι καὶ
						διὰ τούτων τῶν λόγων προτρέπειν τὰ δέοντα ποιεῖν ὑμᾶς, οὐχὶ καλῶς ἔχειν
						ἡγοῦμαι. διὰ τί; ὅτι μοι δοκεῖ πάνθʼ ὅσʼ ἂν εἴποι τις ὑπὲρ τούτων, ἐκείνῳ
						μὲν ἔχειν φιλοτιμίαν, ἡμῖν δʼ οὐχὶ καλῶς πεπρᾶχθαι. ὁ μὲν γὰρ ὅσῳ πλείονʼ
						ὑπὲρ τὴν ἀξίαν πεποίηκε τὴν αὑτοῦ, τοσούτῳ θαυμαστότερος παρὰ πᾶσι
						νομίζεται· ὑμεῖς δʼ ὅσῳ χεῖρον ἢ προσῆκε κέχρησθε τοῖς πράγμασι, τοσούτῳ
						πλείονʼ αἰσχύνην ὠφλήκατε.</p>
				</div>
				<div type="textpart" subtype="section" n="4">
					<p> ταῦτα μὲν οὖν παραλείψω. καὶ γὰρ εἰ μετʼ ἀληθείας τις, ὦ ἄνδρες Ἀθηναῖοι,
						σκοποῖτο, ἐνθένδʼ ἂν αὐτὸν ἴδοι μέγαν γεγενημένον, οὐχὶ παρʼ αὑτοῦ. ὧν οὖν
						ἐκεῖνος μὲν ὀφείλει τοῖς ὑπὲρ αὐτοῦ πεπολιτευμένοις χάριν, ὑμῖν δὲ δίκην
						προσήκει λαβεῖν, τούτων οὐχὶ νῦν ὁρῶ τὸν καιρὸν τοῦ λέγειν· ἃ δὲ καὶ χωρὶς
						τούτων ἔνι, καὶ βέλτιόν ἐστιν ἀκηκοέναι πάντας ὑμᾶς, καὶ μεγάλʼ, ὦ ἄνδρες
						Ἀθηναῖοι, κατʼ ἐκείνου φαίνοιτʼ ἂν ὀνείδη βουλομένοις ὀρθῶς δοκιμάζειν,
						ταῦτʼ εἰπεῖν πειράσομαι.</p>
				</div>
				<div type="textpart" subtype="section" n="5">
					<p rend="indent">τὸ μὲν οὖν ἐπίορκον κἄπιστον καλεῖν ἄνευ τοῦ τὰ πεπραγμένα
						δεικνύναι λοιδορίαν εἶναί τις ἂν φήσειε κενὴν δικαίως· τὸ δὲ πάνθʼ ὅσα
						πώποτʼ ἔπραξε διεξιόντα ἐφʼ ἅπασι τούτοις ἐλέγχειν, καὶ βραχέος λόγου
						συμβαίνει δεῖσθαι, καὶ δυοῖν ἕνεχʼ ἡγοῦμαι συμφέρειν εἰρῆσθαι, τοῦ τʼ
						ἐκεῖνον, ὅπερ καὶ ἀληθὲς ὑπάρχει, φαῦλον φαίνεσθαι, καὶ τοὺς
						ὑπερεκπεπληγμένους ὡς ἄμαχόν τινα τὸν Φίλιππον ἰδεῖν ὅτι πάντα διεξελήλυθεν
						οἷς πρότερον παρακρουόμενος μέγας ηὐξήθη, καὶ πρὸς αὐτὴν ἥκει τὴν τελευτὴν
						τὰ πράγματʼ αὐτῷ.</p>
				</div>
				<div type="textpart" subtype="section" n="6">
					<p>ἐγὼ γάρ, ὦ ἄνδρες Ἀθηναῖοι, σφόδρʼ ἂν ἡγούμην καὶ αὐτὸς φοβερὸν τὸν Φίλιππον
						καὶ θαυμαστόν, εἰ τὰ δίκαια πράττονθʼ ἑώρων ηὐξημένον· νῦν δὲ θεωρῶν καὶ
						σκοπῶν εὑρίσκω τὴν μὲν ἡμετέραν εὐήθειαν τὸ κατʼ ἀρχάς, ὅτʼ Ὀλυνθίους
						ἀπήλαυνόν τινες ἐνθένδε βουλομένους ὑμῖν διαλεχθῆναι, τῷ τὴν Ἀμφίπολιν
						φάσκειν παραδώσειν καὶ τὸ θρυλούμενόν ποτʼ ἀπόρρητον ἐκεῖνο κατασκευάσαι, </p>
				</div>
				<div type="textpart" subtype="section" n="7">
					<p>τούτῳ προσαγαγόμενον, τὴν δʼ Ὀλυνθίων φιλίαν μετὰ ταῦτα τῷ Ποτείδαιαν οὖσαν
						ὑμετέραν ἐξελεῖν καὶ τοὺς μὲν πρότερον συμμάχους <del>ὑμᾶς</del> ἀδικῆσαι,
						παραδοῦναι δʼ ἐκείνοις, Θετταλοὺς δὲ νῦν τὰ τελευταῖα τῷ Μαγνησίαν
						παραδώσειν ὑποσχέσθαι καὶ τὸν Φωκικὸν πόλεμον πολεμήσειν ὑπὲρ αὐτῶν
						ἀναδέξασθαι. ὅλως δʼ οὐδεὶς ἔστιν ὅντινʼ οὐ πεφενάκικʼ ἐκεῖνος τῶν αὐτῷ
						χρησαμένων· τὴν γὰρ ἑκάστων ἄνοιαν ἀεὶ τῶν ἀγνοούντων αὐτὸν ἐξαπατῶν καὶ
						προσλαμβάνων οὕτως ηὐξήθη.</p>
				</div>
				<div type="textpart" subtype="section" n="8">
					<p>ὥσπερ οὖν διὰ τούτων ἤρθη μέγας, ἡνίχʼ ἕκαστοι συμφέρον αὐτὸν ἑαυτοῖς ᾤοντό
						τι πράξειν, οὕτως ὀφείλει διὰ τῶν αὐτῶν τούτων καὶ καθαιρεθῆναι πάλιν,
						ἐπειδὴ πάνθʼ εἵνεχʼ ἑαυτοῦ ποιῶν ἐξελήλεγκται. καιροῦ μὲν δή, ὦ ἄνδρες
						Ἀθηναῖοι, πρὸς τοῦτο πάρεστι Φιλίππῳ τὰ πράγματα· ἢ παρελθών τις ἐμοί,
						μᾶλλον δʼ ὑμῖν δειξάτω, ἢ ὡς οὐκ ἀληθῆ ταῦτʼ ἐγὼ λέγω, ἢ ὡς οἱ τὰ πρῶτʼ
						ἐξηπατημένοι τὰ λοιπὰ πιστεύσουσιν, ἢ ὡς οἱ παρὰ τὴν αὑτῶν ἀξίαν
						δεδουλωμένοι <del>Θετταλοὶ</del> νῦν οὐκ ἂν ἐλεύθεροι γένοιντʼ ἄσμενοι.</p>
				</div>
				<div type="textpart" subtype="section" n="9">
					<p rend="indent">καὶ μὴν εἴ τις ὑμῶν ταῦτα μὲν οὕτως ἔχειν ἡγεῖται, οἴεται δὲ
						βίᾳ καθέξειν αὐτὸν τὰ πράγματα τῷ τὰ χωρία καὶ λιμένας καὶ τὰ τοιαῦτα
						προειληφέναι, οὐκ ὀρθῶς οἴεται. ὅταν μὲν γὰρ ὑπʼ εὐνοίας τὰ πράγματα συστῇ
						καὶ πᾶσι ταὐτὰ συμφέρῃ τοῖς μετέχουσι τοῦ πολέμου, καὶ συμπονεῖν καὶ φέρειν
						τὰς συμφορὰς καὶ μένειν ἐθέλουσιν ἅνθρωποι· ὅταν δʼ ἐκ πλεονεξίας καὶ
						πονηρίας τις ὥσπερ οὗτος ἰσχύσῃ, ἡ πρώτη πρόφασις καὶ μικρὸν πταῖσμα ἅπαντʼ
						ἀνεχαίτισε καὶ διέλυσεν.</p>
				</div>
				<div type="textpart" subtype="section" n="10">
					<p>οὐ γὰρ ἔστιν, οὐκ ἔστιν, ὦ ἄνδρες Ἀθηναῖοι, ἀδικοῦντα κἀπιορκοῦντα καὶ
						ψευδόμενον δύναμιν βεβαίαν κτήσασθαι, ἀλλὰ τὰ τοιαῦτʼ εἰς μὲν ἅπαξ καὶ
						βραχὺν χρόνον ἀντέχει, καὶ σφόδρα γʼ ἤνθησʼ ἐπὶ ταῖς ἐλπίσιν, ἂν τύχῃ, τῷ
						χρόνῳ δὲ φωρᾶται καὶ περὶ αὑτὰ καταρρεῖ. ὥσπερ γὰρ οἰκίας, οἶμαι, καὶ πλοίου
						καὶ τῶν ἄλλων τῶν τοιούτων τὰ κάτωθεν ἰσχυρότατʼ εἶναι δεῖ, οὕτω καὶ τῶν
						πράξεων τὰς ἀρχὰς καὶ τὰς ὑποθέσεις ἀληθεῖς καὶ δικαίας εἶναι προσήκει.
						τοῦτο δʼ οὐκ ἔνι νῦν ἐν τοῖς πεπραγμένοις Φιλίππῳ.</p>
				</div>
				<div type="textpart" subtype="section" n="11">
					<p rend="indent">φημὶ δὴ δεῖν ἡμᾶς τοῖς μὲν Ὀλυνθίοις βοηθεῖν, καὶ ὅπως τις
						λέγει κάλλιστα καὶ τάχιστα, οὕτως ἀρέσκει μοι· πρὸς δὲ Θετταλοὺς πρεσβείαν
						πέμπειν, ἣ τοὺς μὲν διδάξει ταῦτα, τοὺς δὲ παροξυνεῖ· καὶ γὰρ νῦν εἰσιν
						ἐψηφισμένοι Παγασὰς ἀπαιτεῖν καὶ περὶ Μαγνησίας λόγους ποιεῖσθαι.</p>
				</div>
				<div type="textpart" subtype="section" n="12">
					<p>σκοπεῖσθε μέντοι τοῦτʼ, ὦ ἄνδρες Ἀθηναῖοι, ὅπως μὴ λόγους ἐροῦσιν μόνον οἱ
						παρʼ ἡμῶν πρέσβεις, ἀλλὰ καὶ ἔργον τι δεικνύειν ἕξουσιν ἐξεληλυθότων ὑμῶν
						ἀξίως τῆς πόλεως καὶ ὄντων ἐπὶ τοῖς πράγμασιν, ὡς ἅπας μὲν λόγος, ἂν ἀπῇ τὰ
						πράγματα, μάταιόν τι φαίνεται καὶ κενόν, μάλιστα δʼ ὁ παρὰ τῆς ἡμετέρας
						πόλεως· ὅσῳ γὰρ ἑτοιμότατʼ αὐτῷ δοκοῦμεν χρῆσθαι, τοσούτῳ μᾶλλον ἀπιστοῦσι
						πάντες αὐτῷ.</p>
				</div>
				<div type="textpart" subtype="section" n="13">
					<p>πολλὴν δὴ τὴν μετάστασιν καὶ μεγάλην δεικτέον τὴν μεταβολήν, εἰσφέροντας,
						ἐξιόντας, ἅπαντα ποιοῦντας ἑτοίμως, εἴπερ τις ὑμῖν προσέξει τὸν νοῦν. κἂν
						ταῦτʼ ἐθελήσηθʼ ὡς προσήκει καὶ δὴ περαίνειν, οὐ μόνον, ὦ ἄνδρες Ἀθηναῖοι,
						τὰ συμμαχικὰ ἀσθενῶς καὶ ἀπίστως ἔχοντα φανήσεται Φιλίππῳ, ἀλλὰ καὶ τὰ τῆς
						οἰκείας ἀρχῆς καὶ δυνάμεως κακῶς ἔχοντʼ ἐξελεγχθήσεται.</p>
				</div>
				<div type="textpart" subtype="section" n="14">
					<p rend="indent">ὅλως μὲν γὰρ ἡ Μακεδονικὴ δύναμις καὶ ἀρχὴ ἐν μὲν προσθήκῃ
						μερίς ἐστί τις οὐ μικρά, οἷον ὑπῆρξέ ποθʼ ὑμῖν ἐπὶ Τιμοθέου πρὸς Ὀλυνθίους·
						πάλιν αὖ πρὸς Ποτείδαιαν Ὀλυνθίοις ἐφάνη τι τοῦτο συναμφότερον· νυνὶ δὲ
						Θετταλοῖς νοσοῦσι καὶ τεταραγμένοις ἐπὶ τὴν τυραννικὴν οἰκίαν ἐβοήθησεν· καὶ
						ὅποι τις ἄν, οἶμαι, προσθῇ κἂν μικρὰν δύναμιν, πάντʼ ὠφελεῖ· αὐτὴ δὲ καθʼ
						αὑτὴν ἀσθενὴς καὶ πολλῶν κακῶν ἐστι μεστή.</p>
				</div>
				<div type="textpart" subtype="section" n="15">
					<p>καὶ γὰρ οὗτος ἅπασι τούτοις, οἷς ἄν τις μέγαν αὐτὸν ἡγήσαιτο, τοῖς πολέμοις
						καὶ ταῖς στρατείαις, ἔτʼ ἐπισφαλεστέραν ἢ ὑπῆρχε φύσει κατεσκεύακεν αὑτῷ. μὴ
						γὰρ οἴεσθʼ, ὦ ἄνδρες Ἀθηναῖοι, τοῖς αὐτοῖς Φίλιππόν τε χαίρειν καὶ τοὺς
						ἀρχομένους, ἀλλʼ ὁ μὲν δόξης ἐπιθυμεῖ καὶ τοῦτʼ ἐζήλωκε, καὶ προῄρηται
						πράττων καὶ κινδυνεύων, ἂν συμβῇ τι, παθεῖν, τὴν τοῦ διαπράξασθαι ταῦθʼ ἃ
						μηδεὶς πώποτʼ ἄλλος Μακεδόνων βασιλεὺς δόξαν ἀντὶ τοῦ ζῆν ἀσφαλῶς ᾑρημένος·</p>
				</div>
				<div type="textpart" subtype="section" n="16">
					<p>τοῖς δὲ τῆς μὲν φιλοτιμίας τῆς ἀπὸ τούτων οὐ μέτεστι, κοπτόμενοι δʼ ἀεὶ ταῖς
						στρατείαις ταύταις ταῖς ἄνω κάτω λυποῦνται καὶ συνεχῶς ταλαιπωροῦσιν, οὔτʼ
						ἐπὶ τοῖς ἔργοις οὔτʼ ἐπὶ τοῖς αὑτῶν ἰδίοις ἐώμενοι διατρίβειν, οὔθʼ ὅσʼ ἂν
						ποιήσωσιν οὕτως ὅπως ἂν δύνωνται, ταῦτʼ ἔχοντες διαθέσθαι κεκλειμένων τῶν
						ἐμπορίων τῶν ἐν τῇ χώρᾳ διὰ τὸν πόλεμον.</p>
				</div>
				<div type="textpart" subtype="section" n="17">
					<p>οἱ μὲν οὖν πολλοὶ Μακεδόνων πῶς ἔχουσι Φιλίππῳ, ἐκ τούτων ἄν τις σκέψαιτʼ οὐ
						χαλεπῶς· οἱ δὲ δὴ περὶ αὐτὸν ὄντες ξένοι καὶ πεζέταιροι δόξαν μὲν ἔχουσιν ὡς
						εἰσὶ θαυμαστοὶ καὶ συγκεκροτημένοι τὰ τοῦ πολέμου, ὡς δʼ ἐγὼ τῶν ἐν αὐτῇ τῇ
						χώρᾳ γεγενημένων τινὸς ἤκουον, ἀνδρὸς οὐδαμῶς οἵου τε ψεύδεσθαι, οὐδένων
						εἰσὶν βελτίους.</p>
				</div>
				<div type="textpart" subtype="section" n="18">
					<p>εἰ μὲν γάρ τις ἀνήρ ἐστιν ἐν αὐτοῖς οἷος ἔμπειρος πολέμου καὶ ἀγώνων, τούτους
						μὲν φιλοτιμίᾳ πάντας ἀπωθεῖν αὐτὸν ἔφη, βουλόμενον πάνθʼ αὑτοῦ δοκεῖν εἶναι
						τἄργα (πρὸς γὰρ αὖ τοῖς ἄλλοις καὶ τὴν φιλοτιμίαν ἀνυπέρβλητον εἶναι)· εἰ δέ
						τις σώφρων ἢ δίκαιος ἄλλως, τὴν καθʼ ἡμέραν ἀκρασίαν τοῦ βίου καὶ μέθην καὶ
						κορδακισμοὺς οὐ δυνάμενος φέρειν, παρεῶσθαι καὶ ἐν οὐδενὸς εἶναι μέρει τὸν
						τοιοῦτον.</p>
				</div>
				<div type="textpart" subtype="section" n="19">
					<p>λοιποὺς δὴ περὶ αὐτὸν εἶναι λῃστὰς καὶ κόλακας καὶ τοιούτους ἀνθρώπους οἵους
						μεθυσθέντας ὀρχεῖσθαι τοιαῦθʼ οἷʼ ἐγὼ νῦν ὀκνῶ πρὸς ὑμᾶς ὀνομάσαι. δῆλον δʼ
						ὅτι ταῦτʼ ἐστὶν ἀληθῆ· καὶ γὰρ οὓς ἐνθένδε πάντες ἀπήλαυνον ὡς πολὺ τῶν
						θαυματοποιῶν ἀσελγεστέρους ὄντας, Καλλίαν ἐκεῖνον τὸν δημόσιον καὶ τοιούτους
						ἀνθρώπους, μίμους γελοίων καὶ ποιητὰς αἰσχρῶν ᾀσμάτων, ὧν εἰς τοὺς συνόντας
						ποιοῦσιν εἵνεκα τοῦ γελασθῆναι, τούτους ἀγαπᾷ καὶ περὶ αὑτὸν ἔχει.</p>
				</div>
				<div type="textpart" subtype="section" n="20">
					<p>καίτοι ταῦτα, καὶ εἰ μικρά τις ἡγεῖται, μεγάλʼ, ὦ ἄνδρες Ἀθηναῖοι, δείγματα
						τῆς ἐκείνου γνώμης καὶ κακοδαιμονίας ἐστὶ τοῖς εὖ φρονοῦσιν. ἀλλʼ, οἶμαι,
						νῦν μὲν ἐπισκοτεῖ τούτοις τὸ κατορθοῦν· αἱ γὰρ εὐπραξίαι δειναὶ συγκρύψαι τὰ
						τοιαῦτʼ ὀνείδη· εἰ δέ τι πταίσει, τότʼ ἀκριβῶς αὐτοῦ ταῦτʼ ἐξετασθήσεται.
						δοκεῖ δʼ ἔμοιγʼ, ὦ ἄνδρες Ἀθηναῖοι, δείξειν οὐκ εἰς μακράν, ἂν οἵ τε θεοὶ
						θέλωσι καὶ ὑμεῖς βούλησθε.</p>
				</div>
				<div type="textpart" subtype="section" n="21">
					<p>ὥσπερ γὰρ ἐν τοῖς σώμασιν, τέως μὲν ἂν ἐρρωμένος ᾖ τις, οὐδὲν ἐπαισθάνεται,
						ἐπὰν δʼ ἀρρώστημά τι συμβῇ, πάντα κινεῖται, κἂν ῥῆγμα κἂν στρέμμα κἂν ἄλλο
						τι τῶν ὑπαρχόντων σαθρὸν ᾖ, οὕτω καὶ τῶν πόλεων καὶ τῶν τυράννων, ἕως μὲν ἂν
						ἔξω πολεμῶσιν, ἀφανῆ τὰ κακὰ τοῖς πολλοῖς ἐστιν, ἐπειδὰν δʼ ὅμορος πόλεμος
						συμπλακῇ, πάντʼ ἐποίησεν ἔκδηλα.</p>
				</div>
				<div type="textpart" subtype="section" n="22">
					<p rend="indent">εἰ δέ τις ὑμῶν, ὦ ἄνδρες Ἀθηναῖοι, τὸν Φίλιππον εὐτυχοῦνθʼ ὁρῶν
						ταύτῃ φοβερὸν προσπολεμῆσαι νομίζει, σώφρονος μὲν ἀνθρώπου λογισμῷ χρῆται·
						μεγάλη γὰρ ῥοπή, μᾶλλον δὲ τὸ ὅλον ἡ τύχη παρὰ πάντʼ ἐστὶ τὰ τῶν ἀνθρώπων
						πράγματα· οὐ μὴν ἀλλʼ ἔγωγε, εἴ τις αἵρεσίν μοι δοίη, τὴν τῆς ἡμετέρας
						πόλεως τύχην ἂν ἑλοίμην, ἐθελόντων ἃ προσήκει ποιεῖν ὑμῶν αὐτῶν καὶ κατὰ
						μικρόν, ἢ τὴν ἐκείνου· πολὺ γὰρ πλείους ἀφορμὰς εἰς τὸ τὴν παρὰ τῶν θεῶν
						εὔνοιαν ἔχειν ὁρῶ ὑμῖν ἐνούσας ἢ ʼκείνῳ.</p>
				</div>
				<div type="textpart" subtype="section" n="23">
					<p>ἀλλʼ, οἶμαι, καθήμεθʼ οὐδὲν ποιοῦντες· οὐκ ἔνι δʼ αὐτὸν ἀργοῦντʼ οὐδὲ τοῖς
						φίλοις ἐπιτάττειν ὑπὲρ αὑτοῦ τι ποιεῖν, μή τί γε δὴ τοῖς θεοῖς. οὐ δὴ
						θαυμαστόν ἐστιν, εἰ στρατευόμενος καὶ πονῶν ἐκεῖνος αὐτὸς καὶ παρὼν ἐφʼ
						ἅπασι καὶ μήτε καιρὸν μήθʼ ὥραν παραλείπων ἡμῶν μελλόντων καὶ ψηφιζομένων
						καὶ πυνθανομένων περιγίγνεται. οὐδὲ θαυμάζω τοῦτʼ ἐγώ· τοὐναντίον γὰρ ἂν ἦν
						θαυμαστόν, εἰ μηδὲν ποιοῦντες ἡμεῖς ὧν τοῖς πολεμοῦσι προσήκει τοῦ πάντα
						ποιοῦντος περιῆμεν.</p>
				</div>
				<div type="textpart" subtype="section" n="24">
					<p>ἀλλʼ ἐκεῖνο θαυμάζω, εἰ Λακεδαιμονίοις μέν ποτʼ, ὦ ἄνδρες Ἀθηναῖοι, ὑπὲρ τῶν
						Ἑλληνικῶν δικαίων ἀντήρατε, καὶ πόλλʼ ἰδίᾳ πλεονεκτῆσαι πολλάκις ὑμῖν ἐξὸν
						οὐκ ἠθελήσατε, ἀλλʼ ἵνʼ οἱ ἄλλοι τύχωσι τῶν δικαίων, τὰ ὑμέτερʼ αὐτῶν
						ἀνηλίσκετʼ εἰσφέροντες καὶ προυκινδυνεύετε στρατευόμενοι, νυνὶ δʼ ὀκνεῖτʼ
						ἐξιέναι καὶ μέλλετʼ εἰσφέρειν ὑπὲρ τῶν ὑμετέρων αὐτῶν κτημάτων, καὶ τοὺς μὲν
						ἄλλους σεσώκατε πολλάκις πάντας καὶ καθʼ ἕνʼ αὐτῶν ἐν μέρει, τὰ δʼ ὑμέτερʼ
						αὐτῶν ἀπολωλεκότες κάθησθε.</p>
				</div>
				<div type="textpart" subtype="section" n="25">
					<p>ταῦτα θαυμάζω, κἄτι πρὸς τούτοις, εἰ μηδεὶς ὑμῶν, ὦ ἄνδρες Ἀθηναῖοι, δύναται
						λογίσασθαι πόσον πολεμεῖτε χρόνον Φιλίππῳ, καὶ τί ποιούντων ὑμῶν ὁ χρόνος
						διελήλυθεν οὗτος. ἴστε γὰρ δήπου τοῦθʼ, ὅτι μελλόντων αὐτῶν, ἑτέρους τινὰς
						ἐλπιζόντων πράξειν, αἰτιωμένων ἀλλήλους, κρινόντων, πάλιν ἐλπιζόντων, σχεδὸν
						ταὔθʼ ἅπερ νυνὶ ποιούντων, ἅπας ὁ χρόνος διελήλυθεν.</p>
				</div>
				<div type="textpart" subtype="section" n="26">
					<p>εἶθʼ οὕτως ἀγνωμόνως ἔχετʼ, ὦ ἄνδρες Ἀθηναῖοι, ὥστε διʼ ὧν ἐκ χρηστῶν φαῦλα
						τὰ πράγματα τῆς πόλεως γέγονεν, διὰ τούτων ἐλπίζετε τῶν αὐτῶν πράξεων ἐκ
						φαύλων αὐτὰ χρηστὰ γενήσεσθαι; ἀλλʼ οὔτʼ εὔλογον οὔτʼ ἔχον ἐστὶ φύσιν τοῦτό
						γε· πολὺ γὰρ ῥᾷον ἔχοντας φυλάττειν ἢ κτήσασθαι πάντα πέφυκεν. νῦν δʼ ὅ τι
						μὲν φυλάξομεν, οὐδέν ἐσθʼ ὑπὸ τοῦ πολέμου λοιπὸν τῶν πρότερον, κτήσασθαι δὲ
						δεῖ. αὐτῶν οὖν ἡμῶν ἔργον τοῦτʼ ἤδη.</p>
				</div>
				<div type="textpart" subtype="section" n="27">
					<p>φημὶ δὴ δεῖν εἰσφέρειν χρήματα, αὐτοὺς ἐξιέναι προθύμως, μηδένʼ αἰτιᾶσθαι
						πρὶν ἂν τῶν πραγμάτων κρατήσητε, τηνικαῦτα δʼ ἀπʼ αὐτῶν τῶν ἔργων κρίναντας
						τοὺς μὲν ἀξίους ἐπαίνου τιμᾶν, τοὺς δʼ ἀδικοῦντας κολάζειν, τὰς προφάσεις δʼ
						ἀφελεῖν καὶ τὰ καθʼ ὑμᾶς ἐλλείμματα· οὐ γὰρ ἔστι πικρῶς ἐξετάσαι τί
						πέπρακται τοῖς ἄλλοις, ἂν μὴ παρʼ ὑμῶν αὐτῶν πρῶτον ὑπάρξῃ τὰ δέοντα.</p>
				</div>
				<div type="textpart" subtype="section" n="28">
					<p>τίνος γὰρ εἵνεκʼ, ὦ ἄνδρες Ἀθηναῖοι, νομίζετε τοῦτον μὲν φεύγειν τὸν πόλεμον
						πάντας ὅσους ἂν ἐκπέμψητε στρατηγούς, ἰδίους δʼ εὑρίσκειν πολέμους, εἰ δεῖ
						τι τῶν ὄντων καὶ περὶ τῶν στρατηγῶν εἰπεῖν; ὅτι ἐνταῦθα μέν ἐστι τἆθλʼ ὑπὲρ
						ὧν ἐστιν ὁ πόλεμος ὑμέτερα (Ἀμφίπολίς γʼ ἂν ληφθῇ, παραχρῆμʼ ὑμεῖς
						κομιεῖσθε), οἱ δὲ κίνδυνοι τῶν ἐφεστηκότων ἴδιοι, μισθὸς δʼ οὐκ ἔστιν· ἐκεῖ
						δὲ κίνδυνοι μὲν ἐλάττους, τὰ δὲ λήμματα τῶν ἐφεστηκότων καὶ τῶν στρατιωτῶν,
						Λάμψακος, Σίγειον, τὰ πλοῖʼ ἃ συλῶσιν. ἐπʼ οὖν τὸ λυσιτελοῦν αὑτοῖς ἕκαστοι
						χωροῦσιν.</p>
				</div>
				<div type="textpart" subtype="section" n="29">
					<p>ὑμεῖς δʼ, ὅταν μὲν εἰς τὰ πράγματʼ ἀποβλέψητε φαύλως ἔχοντα, τοὺς ἐφεστηκότας
						κρίνετε, ὅταν δὲ δόντες λόγον τὰς ἀνάγκας ἀκούσητε ταύτας, ἀφίετε. περίεστι
						τοίνυν ὑμῖν ἀλλήλοις ἐρίζειν καὶ διεστάναι, τοῖς μὲν ταῦτα πεπεισμένοις,
						τοῖς δὲ ταῦτα, τὰ κοινὰ δʼ ἔχειν φαύλως. πρότερον μὲν γάρ, ὦ ἄνδρες
						Ἀθηναῖοι, κατὰ συμμορίας εἰσεφέρετε, νυνὶ δὲ πολιτεύεσθε κατὰ συμμορίας.
						ῥήτωρ ἡγεμὼν ἑκατέρων, καὶ στρατηγὸς ὑπὸ τούτῳ καὶ οἱ βοησόμενοι, οἱ
						τριακόσιοι· οἱ δʼ ἄλλοι προσνενέμησθε οἱ μὲν ὡς τούτους, οἱ δʼ ὡς ἐκείνους.</p>
				</div>
				<div type="textpart" subtype="section" n="30">
					<p>δεῖ δὴ ταῦτʼ ἐπανέντας καὶ ὑμῶν αὐτῶν ἔτι καὶ νῦν γενομένους κοινὸν καὶ τὸ
						βουλεύεσθαι καὶ τὸ λέγειν καὶ τὸ πράττειν ποιῆσαι. εἰ δὲ τοῖς μὲν ὥσπερ ἐκ
						τυραννίδος ὑμῶν ἐπιτάττειν ἀποδώσετε, τοῖς δʼ ἀναγκάζεσθαι τριηραρχεῖν,
						εἰσφέρειν, στρατεύεσθαι, τοῖς δὲ ψηφίζεσθαι κατὰ τούτων μόνον, ἄλλο δὲ μηδʼ
						ὁτιοῦν συμπονεῖν, οὐχὶ γενήσεται τῶν δεόντων ἡμῖν οὐδὲν ἐν καιρῷ· τὸ γὰρ
						ἠδικημένον ἀεὶ μέρος ἐλλείψει, εἶθʼ ὑμῖν τούτους κολάζειν ἀντὶ τῶν ἐχθρῶν
						ἐξέσται.</p>
				</div>
				<div type="textpart" subtype="section" n="31">
					<p>λέγω δὴ κεφάλαιον, πάντας εἰσφέρειν ἀφʼ ὅσων ἕκαστος ἔχει τὸ ἴσον· πάντας
						ἐξιέναι κατὰ μέρος, ἕως ἂν ἅπαντες στρατεύσησθε· πᾶσι τοῖς παριοῦσι λόγον
						διδόναι, καὶ τὰ βέλτισθʼ ὧν ἂν ἀκούσηθʼ αἱρεῖσθαι, μὴ ἃν ὁ δεῖνʼ ἢ ὁ δεῖνʼ
						εἴπῃ. κἂν ταῦτα ποιῆτε, οὐ τὸν εἰπόντα μόνον παραχρῆμʼ ἐπαινέσεσθε, ἀλλὰ καὶ
						ὑμᾶς αὐτοὺς ὕστερον, βέλτιον τῶν ὅλων πραγμάτων ὑμῖν ἐχόντων.</p>
				</div>
			</div>
		</body>
	</text>
</TEI>