<?xml version="1.0" encoding="UTF-8"?>
<?xml-model href="http://www.stoa.org/epidoc/schema/latest/tei-epidoc.rng" schematypens="http://relaxng.org/ns/structure/1.0"?>
<TEI xmlns="http://www.tei-c.org/ns/1.0">
  <teiHeader>
    <fileDesc>
      <titleStmt>
        <title>Sophists</title>

        <author>Isocrates</author>
        <editor>George Norlin</editor>
        <sponsor>Perseus Project, Tufts University</sponsor>
        <principal>Gregory Crane</principal>
        <respStmt>
          <resp>Prepared under the supervision of</resp>
          <name>Lisa Cerrato</name>
          <name>William Merrill</name>
          <name>Elli Mylonas</name>
          <name>David Smith</name>
        </respStmt>
        <funder n="org:AnnCPB">The Annenberg CPB/Project</funder>

      </titleStmt>
      <publicationStmt>
        <publisher>Trustees of Tufts University</publisher>
        <pubPlace>Medford, MA</pubPlace>
        <authority>Perseus Project</authority>
      </publicationStmt>

      <sourceDesc>
        <bibl>
          <author>Isocrates</author>
          <title>Isocrates with an English Translation in three volumes, by George Norlin, Ph.D.,
            LL.D.</title>
          <publisher>Cambridge, MA, Harvard University Press; London, William Heinemann
            Ltd.</publisher>
          <biblScope unit="volume">2</biblScope>
          <date type="print">1929</date>
          <date type="reprint">1982</date>
        </bibl>
      </sourceDesc>
    </fileDesc>

    <encodingDesc>
      <refsDecl n="CTS">
        <cRefPattern n="section"
          matchPattern="(\\w+)"
          replacementPattern="#xpath(/tei:TEI/tei:text/tei:body/tei:div/tei:div[@n=\'$1\'])">
          <p>This pointer pattern extracts section</p>
        </cRefPattern>
      </refsDecl>
      <refsDecl>
        <refState n="chunk context" unit="section" />
      </refsDecl>
    </encodingDesc>

    <profileDesc>
      <langUsage>
        <language ident="eng">English </language>
        <language ident="grc">Greek </language>
      </langUsage>

      <textClass xml:id="gen.epideictic">
        <keywords>
          <term>Epideictic</term>
        </keywords>
      </textClass>
      <textClass xml:id="gen.forensic.prosecution">
        <keywords>
          <term>Forensic Prosecution</term>
        </keywords>
      </textClass>
      <textClass xml:id="gen.forensic.defense">
        <keywords>
          <term>Forensic Defense</term>
        </keywords>
      </textClass>
      <textClass xml:id="gen.estate.claim">
        <keywords>
          <term>Claim against an Estate</term>
        </keywords>
      </textClass>
    </profileDesc>

    <revisionDesc>
      <!--
      <change><date>April 1992</date>
	<respStmt><name>W. Merrill</name><resp>ed.</resp></respStmt>
	<item>Threw out isoc.gk.sgml because first letter of each line was missing. Started from scratch
      again from isoc.gk.raw. Change markup in accordance with orator dtd</item>
      </change>
      <change><date>June 1992</date>
	<respStmt><name>W. Merrill</name><resp>ed.</resp></respStmt>
	<item>put speeches in numerical order. Consolidated files.</item>
      </change>
      <change><date>June 1995</date>
	<respStmt><name>Lisa Cerrato</name><resp>ed.</resp></respStmt>
	<item>made section after 11.21 11.22. It was 11.37.</item>
      </change>
      <change><date>1 March 2000</date>
	<respStmt><name>David Smith</name><resp>ed.</resp></respStmt>
	<item>
$Log: isoc.orat_gk.xml,v $
Revision 1.1  2009-11-24 20:08:29  rsingh04
moved more xml files around based on copyright status

Revision 1.4  2009/06/24 16:04:24  lcerrato
fixed bad bibls

Revision 1.3  2009/06/11 17:56:55  student
fixed bibl errors - zr

Revision 1.2  2006/02/10 21:10:24  packel
places/dates now actually tagged

Revision 1.1  2005/08/01 18:01:20  packel
split up letters and speeches

Revision 1.1  2005/07/25 14:37:37  packel
Converted to XML
	
Revision 1.12  2003/07/01 22:17:05  yorkc
Updated texts to TEI P4 and Perseus P4 extensions; minor cleanup (esp. character encodings and
      typos.)

Revision 1.11  2000/10/24 16:30:03  lcerrato
repetition of end of word in 7.38 eliminated

Revision 1.10  2000/03/22 17:08:04  dasmith
Corrected title of fifth letter.

Revision 1.9  2000/03/04 20:34:40  dasmith
Added separate funder entity to TEI header.

Revision 1.8  2000/03/01 22:22:15  dasmith
Only look up speeches in the orat. subdoc.

Revision 1.7  2000/03/01 22:15:43  dasmith
Can't have tags in change log.

Revision 1.6  2000/03/01 22:14:46  dasmith
Erroneously copied "text xml:lang=eng" from English file.

Revision 1.5  2000/03/01 22:08:47  dasmith
Converted to TEI P3.
Wrap letters in DIV1 so we can cite them as "L. 4.3" within doc.


      </item></change>
    <change><date>July 2014</date>
    <respStmt><name>Stella Dee</name><resp>ed.</resp></respStmt>
    <item>split speeches and converted to unicode</item>
      </change></change>-->
      <change when="2014-10-01" who="Stella Dee">edited markup</change>
    </revisionDesc>
  </teiHeader>
  <text xml:lang="grc">
    <body>
      <div type="edition" n="urn:cts:greekLit:tlg0010.tlg008.perseus-grc2" xml:lang="grc">
        <div subtype="section" type="textpart" n="1">
          <p> εἰ πάντες ἤθελον οἱ παιδεύειν ἐπιχειροῦντες ἀληθῆ λέγειν, καὶ μὴ μείζους ποιεῖσθαι τὰς
            ὑποσχέσεις ὧν ἔμελλον ἐπιτελεῖν, οὐκ ἂν κακῶς ἤκουον ὑπὸ τῶν ἰδιωτῶν· νῦν δʼ οἱ
            τολμῶντες
            λίαν ἀπερισκέπτως ἀλαζονεύεσθαι πεποιήκασιν ὥστε δοκεῖν ἄμεινον βουλεύεσθαι τοὺς
            ῥᾳθυμεῖν
            αἱρουμένους τῶν περὶ τὴν φιλοσοφίαν διατριβόντων. τίς γὰρ οὐκ ἃν μισήσειεν ἅμα καὶ
            καταφρονήσειε πρῶτον μὲν τῶν περὶ τὰς ἔριδας διατριβόντων, οἳ προσποιοῦνται μὲν τὴν
            ἀλήθειαν ζητεῖν, εὐθὺς δʼ ἐν ἀρχῇ τῶν ἐπαγγελμάτων ψευδῆ λέγειν ἐπιχειροῦσιν; </p>
        </div>
        <div subtype="section" type="textpart" n="2">
          <p>οἶμαι γὰρ ἅπασιν εἶναι φανερὸν ὅτι τὰ μέλλοντα προγιγνώσκειν οὐ τῆς ἡμετέρας φύσεώς
            ἐστιν, ἀλλὰ τοσοῦτον ἀπέχομεν ταύτης τῆς φρονήσεως, ὥσθʼ Ὅμηρος ὁ μεγίστην ἐπὶ σοφίᾳ
            δόξαν
            εἰληφὼς καὶ τοὺς θεοὺς πεποίηκεν ἔστιν ὅτε βουλευομένους ὑπὲρ αὐτῶν, οὐ τὴν ἐκείνων
            γνώμην
            εἰδώς, ἀλλʼ ἡμῖν ἐνδείξασθαι βουλόμενος ὅτι τοῖς ἀνθρώποις ἓν τοῦτο τῶν ἀδυνάτων ἐστίν.
          </p>
        </div>
        <div subtype="section" type="textpart" n="3">
          <p>οὗτοι τοίνυν εἰς τοῦτο τόλμης ἐληλύθασιν, ὥστε πειρῶνται πείθειν τοὺς νεωτέρους ὡς, ἢν
            αὐτοῖς πλησιάζωσιν, ἅ τε πρακτέον ἐστὶν εἴσονται καὶ διὰ ταύτης τῆς ἐπιστήμης εὐδαίμονες
            γενήσονται. καὶ τηλικούτων ἀγαθῶν αὑτοὺς διδασκάλους καὶ κυρίους καταστήσαντες, οὐκ
            αἰσχύνονται τρεῖς ἢ τέτταρας μνᾶς ὑπὲρ τούτων αἰτοῦντες. </p>
        </div>
        <div subtype="section" type="textpart" n="4">
          <p>ἀλλʼ εἰ μέν τι τῶν ἄλλων κτημάτων πολλοστοῦ μέρους τῆς ἀξίας ἐπώλουν, οὐκ ἂν
            ἠμφεσβήτησαν ὡς<note resp="ed" xml:lang="en" anchored="true"><foreign xml:lang="greek">ὡς
            Γ</foreign>pr.:<foreign xml:lang="greek">ὡς οὐκ Γ(5)ΘΛ</foreign>and most editions.</note>
            εὖ φρονοῦντες τυγχάνουσι, σύμπασαν δὲ τὴν ἀρετὴν καὶ τὴν εὐδαιμονίαν οὕτως ὀλίγου
            τιμῶντες, ὡς νοῦν ἔχοντες διδάσκαλοι τῶν ἄλλων ἀξιοῦσι γίγνεσθαι. καὶ λέγουσι μὲν ὡς
            οὐδὲν δέονται χρημάτων, ἀργυρίδιον καὶ χρυσίδιον τὸν πλοῦτον ἀποκαλοῦντες, μικροῦ δὲ
            κέρδους ὀρεγόμενοι μόνον οὐκ ἀθανάτους ὑπισχνοῦνται τοὺς συνόντας ποιήσειν. </p>
        </div>
        <div subtype="section" type="textpart" n="5">
          <p>ὃ δὲ πάντων καταγελαστότατον, ὅτι παρὰ μὲν ὧν δεῖ λαβεῖν αὐτούς, τούτοις μὲν
            ἀπιστοῦσιν,
            οἷς μέλλουσι τὴν δικαιοσύνην παραδώσειν, ὧν δʼ οὐδεπώποτε διδάσκαλοι γεγόνασι, παρὰ
            τούτοις τὰ παρὰ τῶν μαθητῶν μεσεγγυοῦνται, πρὸς μὲν τὴν ἀσφάλειαν εὖ βουλευόμενοι, τῷ δʼ
            ἐπαγγέλματι τἀναντία πράττοντες. </p>
        </div>
        <div subtype="section" type="textpart" n="6">
          <p>τοὺς μὲν γὰρ ἄλλο τι παιδεύοντας προσήκει διακριβοῦσθαι περὶ τῶν διαφερόντων, οὐδὲν γὰρ
            κωλύει τοὺς περὶ ἕτερα δεινοὺς γενομένους μὴ χρηστοὺς εἶναι περὶ τὰ συμβόλαια· τοὺς δὲ
            τὴν
            ἀρετὴν καὶ τὴν σωφροσύνην ἐνεργαζομένους πῶς οὐκ ἄλογόν ἐστι μὴ τοῖς μαθηταῖς μάλιστα
            πιστεύειν; οὐ γὰρ δή που περὶ τοὺς ἄλλους ὄντες καλοὶ κἀγαθοὶ καὶ δίκαιοι περὶ τούτους
            ἐξαμαρτήσονται, διʼ οὓς τοιοῦτοι γεγόνασιν. </p>
        </div>
        <div subtype="section" type="textpart" n="7">
          <p>ἐπειδὰν οὖν τῶν ἰδιωτῶν τινες, ἅπαντα ταῦτα συλλογισάμενοι, κατίδωσι τοὺς τὴν σοφίαν
            διδάσκοντας καὶ τὴν εὐδαιμονίαν παραδιδόντας αὐτούς τε πολλῶν δεομένους καὶ τοὺς μαθητὰς
            μικρὸν πραττομένους, καὶ τὰς ἐναντιώσεις ἐπὶ μὲν τῶν λόγων τηροῦντας, ἐπὶ δὲ τῶν ἔργων
            μὴ
            καθορῶντας, ἔτι δὲ περὶ μὲν τῶν μελλόντων εἰδέναι προσποιουμένους, </p>
        </div>
        <div subtype="section" type="textpart" n="8">
          <p>περὶ δὲ τῶν παρόντων μηδὲν τῶν δεόντων μήτʼ εἰπεῖν μήτε συμβουλεῦσαι δυναμένους, ἀλλὰ
            μᾶλλον ὁμονοοῦντας καὶ πλείω κατορθοῦντας τοὺς ταῖς δόξαις χρωμένους ἢ τοὺς τὴν
            ἐπιστήμην
            ἔχειν ἐπαγγελλομένους, εἰκότως οἶμαι καταφρονοῦσι, καὶ νομίζουσιν ἀδολεσχίαν καὶ
            μικρολογίαν ἀλλʼ οὐ τῆς ψυχῆς ἐπιμέλειαν εἶναι τὰς τοιαύτας διατριβάς. </p>
        </div>
        <div subtype="section" type="textpart" n="9">
          <p>οὐ μόνον δὲ τούτοις ἀλλὰ καὶ τοῖς τοὺς πολιτικοὺς λόγους ὑπισχνουμένοις ἄξιον
            ἐπιτιμῆσαι
            καὶ γὰρ ἐκεῖνοι τῆς μὲν ἀληθείας οὐδὲν φροντίζουσιν, ἡγοῦνται δὲ τοῦτʼ εἶναι τὴν τέχνην,
            ἢν ὡς πλείστους τῇ μικρότητι τῶν μισθῶν καὶ τῷ μεγέθει τῶν ἐπαγγελμάτων προσαγάγωνται
            καὶ
            λαβεῖν τι παρʼ αὐτῶν δυνηθῶσιν· οὕτω δʼ ἀναισθήτως αὐτοί τε διάκεινται καὶ τοὺς ἄλλους
            ἔχειν ὑπειλήφασιν, ὥστε χεῖρον γράφοντες τοὺς λόγους ἢ τῶν ἰδιωτῶν τινες
            αὐτοσχεδιάζουσιν,
            ὅμως ὑπισχνοῦνται τοιούτους ῥήτορας τοὺς συνόντας ποιήσειν ὥστε μηδὲν τῶν ἐνόντων ἐν
            τοῖς
            πράγμασι παραλιπεῖν. </p>
        </div>
        <div subtype="section" type="textpart" n="10">
          <p>καὶ ταύτης τῆς δυνάμεως οὐδὲν οὔτε ταῖς ἐμπειρίαις οὔτε τῇ φύσει τῇ τοῦ μαθητοῦ
            μεταδιδόασιν, ἀλλά φασιν ὁμοίως τὴν τῶν λόγων ἐπιστήμην ὥσπερ τὴν τῶν γραμμάτων
            παραδώσειν, ὡς μὲν ἔχει τούτων ἑκάτερον, οὐκ ἐξετάσαντες, οἰόμενοι δὲ διὰ τὰς ὑπερβολὰς
            τῶν ἐπαγγελμάτων αὐτοί τε θαυμασθήσεσθαι καὶ τὴν παίδευσιν τὴν τῶν λόγων πλέονος ἀξίαν
            δόξειν εἶναι, κακῶς εἰδότες ὅτι μεγάλας ποιοῦσι τὰς τέχνας οὐχ οἱ τολμῶντες
            ἀλαζονεύεσθαι
            περὶ αὐτῶν, ἀλλʼ οἵτινες ἄν, ὅσον ἔνεστιν ἐν ἑκάστῃ, τοῦτʼ ἐξευρεῖν δυνηθῶσιν. </p>
        </div>
        <div subtype="section" type="textpart" n="11">
          <p>ἐγὼ δὲ πρὸ πολλῶν μὲν ἂν χρημάτων ἐτιμησάμην τηλικοῦτον δύνασθαι τὴν φιλοσοφίαν, ὅσον
            οὗτοι λέγουσιν, ἴσως γὰρ οὐκ ἂν ἡμεῖς πλεῖστον ἀπελείφθημεν, οὐδʼ ἂν ἐλάχιστον μέρος
            ἀπελαύσαμεν αὐτῆς· ἐπειδὴ δʼ οὐχ οὕτως ἔχει, βουλοίμην ἂν παύσασθαι τοὺς φλυαροῦντας·
            ὁρῶ
            γὰρ οὐ μόνον περὶ τοὺς ἐξαμαρτάνοντας τὰς βλασφημίας γιγνομένας, ἀλλὰ καὶ τοὺς ἄλλους
            ἅπαντας συνδιαβαλλομένους τοὺς περὶ τὴν αὐτὴν διατριβὴν ὄντας. </p>
        </div>
        <div subtype="section" type="textpart" n="12">
          <p>θαυμάζω δʼ ὅταν ἴδω τούτους μαθητῶν ἀξιουμένους, οἳ ποιητικοῦ πράγματος τεταγμένην
            τέχνην
            παράδειγμα φέροντες λελήθασι σφᾶς αὐτούς. τίς γὰρ οὐκ οἶδε πλὴν τούτων ὅτι τὸ μὲν τῶν
            γραμμάτων ἀκινήτως ἔχει καὶ μένει κατὰ ταὐτόν, ὥστε τοῖς αὐτοῖς ἀεὶ περὶ τῶν αὐτῶν
            χρώμενοι διατελοῦμεν, τὸ δὲ τῶν λόγων πᾶν τοὐναντίον πέπονθεν· τὸ γὰρ ὑφʼ ἑτέρου ῥηθὲν
            τῷ
            λέγοντι μετʼ ἐκεῖνον οὐχ ὁμοίως χρήσιμόν ἐστιν, ἀλλʼ οὗτος εἶναι δοκεῖ τεχνικώτατος, ὅς
            τις ἂν ἀξίως μὲν λέγῃ τῶν πραγμάτων, μηδὲν δὲ τῶν αὐτῶν τοῖς ἄλλοις εὑρίσκειν δύνηται.
          </p>
        </div>
        <div subtype="section" type="textpart" n="13">
          <p>μέγιστον δὲ σημεῖον τῆς ἀνομοιότητος αὐτῶν· τοὺς μὲν γὰρ λόγους οὐχ οἷόν τε καλῶς
            ἔχειν,
            ἢν μὴ τῶν καιρῶν καὶ τοῦ πρεπόντως καὶ τοῦ καινῶς ἔχειν μετάσχωσιν, τοῖς δὲ γράμμασιν
            οὐδενὸς τούτων προσεδέησεν. ὥσθʼ οἱ χρώμενοι τοῖς τοιούτοις παραδείγμασι πολὺ ἂν
            δικαιότερον ἀποτίνοιεν ἢ λαμβάνοιεν ἀργύριον, ὅτι πολλῆς ἐπιμελείας αὐτοὶ δεόμενοι
            παιδεύειν τοὺς ἄλλους ἐπιχειροῦσιν. </p>
        </div>
        <div subtype="section" type="textpart" n="14">
          <p>εἰ δὲ δεῖ μὴ κατηγορεῖν τῶν ἄλλων ἀλλὰ καὶ τὴν ἐμαυτοῦ δηλῶσαι διάνοιαν, ἡγοῦμαι πάντας
            ἄν μοι τοὺς εὖ φρονοῦντας συνειπεῖν ὅτι πολλοὶ μὲν τῶν φιλοσοφησάντων ἰδιῶται διετέλεσαν
            ὄντες, ἄλλοι δέ τινες οὐδενὶ πώποτε συγγενόμενοι τῶν σοφιστῶν καὶ λέγειν καὶ
            πολιτεύεσθαι
            δεινοὶ γεγόνασιν. αἱ μὲν γὰρ δυνάμεις καὶ τῶν λόγων καὶ τῶν ἄλλων ἔργων ἁπάντων ἐν τοῖς
            εὐφυέσιν ἐγγίγνονται καὶ τοῖς περὶ τὰς ἐμπειρίας γεγυμνασμένοις· </p>
        </div>
        <div subtype="section" type="textpart" n="15">
          <p>ἡ δὲ παίδευσις τοὺς μὲν τοιούτους τεχνικωτέρους καὶ πρὸς τὸ ζητεῖν εὐπορωτέρους
            ἐποίησεν,
            οἷς γὰρ νῦν ἐντυγχάνουσι πλανώμενοι, ταῦτʼ ἐξ ἑτοιμοτέρου λαμβάνειν αὐτοὺς ἐδίδαξεν,
            τοὺς
            δὲ καταδεεστέραν τὴν φύσιν ἔχοντας ἀγωνιστὰς μὲν ἀγαθοὺς ἢ λόγων ποιητὰς οὐκ ἂν
            ἀποτελέσειεν, αὐτοὺς δʼ ἂν αὑτῶν προαγάγοι καὶ πρὸς πολλὰ φρονιμωτέρως διακεῖσθαι
            ποιήσειεν. </p>
        </div>
        <div subtype="section" type="textpart" n="16">
          <p>βούλομαι δʼ, ἐπειδή περ εἰς τοῦτο προῆλθον, ἔτι σαφέστερον εἰπεῖν περὶ αὐτῶν. φημὶ γὰρ
            ἐγὼ τῶν μὲν ἰδεῶν, ἐξ ὧν τοὺς λόγους ἅπαντας καὶ λέγομεν καὶ συντίθεμεν, λαβεῖν τὴν
            ἐπιστήμην οὐκ εἶναι τῶν πάνυ χαλεπῶν, ἤν τις αὑτὸν παραδῷ μὴ τοῖς ῥᾳδίως ὑπισχνουμένοις
            ἀλλὰ τοῖς εἰδόσι τι περὶ αὐτῶν· τὸ δὲ τούτων ἐφʼ ἑκάστῳ τῶν πραγμάτων ἃς δεῖ προελέσθαι
            καὶ μῖξαι πρὸς ἀλλήλας καὶ τάξαι κατὰ τρόπον, ἔτι δὲ τῶν καιρῶν μὴ διαμαρτεῖν, ἀλλὰ καὶ
            τοῖς ἐνθυμήμασι πρεπόντως ὅλον τὸν λόγον καταποικῖλαι καὶ τοῖς ὀνόμασιν εὐρύθμως καὶ
            μουσικῶς εἰπεῖν, </p>
        </div>
        <div subtype="section" type="textpart" n="17">
          <p>ταῦτα δὲ πολλῆς ἐπιμελείας δεῖσθαι καὶ ψυχῆς ἀνδρικῆς καὶ δοξαστικῆς ἔργον εἶναι, καὶ
            δεῖν τὸν μὲν μαθητὴν πρὸς τῷ τὴν φύσιν ἔχειν οἵαν χρὴ τὰ μὲν εἴδη τὰ τῶν λόγων μαθεῖν,
            περὶ δὲ τὰς χρήσεις αὐτῶν γυμνασθῆναι, τὸν δὲ διδάσκαλον τὰ μὲν οὕτως ἀκριβῶς οἷόν τʼ
            εἶναι διελθεῖν ὥστε μηδὲν τῶν διδακτῶν παραλιπεῖν, περὶ δὲ τῶν λοιπῶν τοιοῦτον αὑτὸν
            παράδειγμα παρασχεῖν, </p>
        </div>
        <div subtype="section" type="textpart" n="18">
          <p>ὥστε τοὺς ἐκτυπωθέντας καὶ μιμήσασθαι δυναμένους εὐθὺς ἀνθηρότερον καὶ χαριέστερον τῶν
            ἄλλων φαίνεσθαι λέγοντας. καὶ τούτων μὲν ἁπάντων συμπεσόντων τελείως ἕξουσιν οἱ
            φιλοσοφοῦντες· καθʼ ὃ δʼ ἂν ἐλλειφθῇ τι τῶν εἰρημένων, ἀνάγκη ταύτῃ χεῖρον διακεῖσθαι
            τοὺς
            πλησιάζοντας. </p>
        </div>
        <div subtype="section" type="textpart" n="19">
          <p>οἱ μὲν οὖν ἄρτι τῶν σοφιστῶν ἀναφυόμενοι καὶ νεωστὶ προσπεπτωκότες ταῖς ἀλαζονείαις, εἰ
            καὶ νῦν πλεονάζουσιν, εὖ οἶδʼ ὅτι πάντες ἐπὶ ταύτην κατενεχθήσονται τὴν ὑπόθεσιν. λοιποὶ
            δʼ ἡμῖν εἰσιν οἱ πρὸ ἡμῶν γενόμενοι καὶ τὰς καλουμένας τέχνας γράψαι τολμήσαντες, οὓς
            οὐκ
            ἀφετέον ἀνεπιτιμήτους· οἵ τινες ὑπέσχοντο δικάζεσθαι διδάξειν, ἐκλεξάμενοι τὸ
            δυσχερέστατον τῶν ὀνομάτων, ὃ τῶν φθονούντων ἔργον ἦν λέγειν, ἀλλʼ οὐ τῶν προεστώτων τῆς
            τοιαύτης παιδεύσεως, καὶ ταῦτα τοῦ πράγματος, </p>
        </div>
        <div subtype="section" type="textpart" n="20">
          <p>καθʼ ὅσον ἐστὶ διδακτόν, οὐδὲν μᾶλλον πρὸς τοὺς δικανικοὺς λόγους ἢ πρὸς τοὺς ἄλλους
            ἅπαντας ὠφελεῖν δυναμένου. τοσούτῳ δὲ χείρους ἐγένοντο τῶν περὶ τὰς ἔριδας
            καλινδουμένων,
            ὅσον οὗτοι μὲν τοιαῦτα λογίδια διεξιόντες, οἷς εἴ τις ἐπὶ τῶν πράξεων ἐμμείνειεν
            εὐθὺς ἂν ἐν πᾶσιν εἴη κακοῖς, ὅμως ἀρετὴν ἐπηγγείλαντο καὶ σωφροσύνην περὶ αὐτῶν,
            ἐκεῖνοι
            δʼ ἐπὶ τοὺς πολιτικοὺς λόγους, παρακαλοῦντες, ἀμελήσαντες τῶν ἄλλων τῶν προσόντων αὐτοῖς
            ἀγαθῶν, πολυπραγμοσύνης καὶ πλεονεξίας ὑπέστησαν εἶναι διδάσκαλοι. </p>
        </div>
        <div subtype="section" type="textpart" n="21">
          <p>καίτοι τοὺς βουλομένους πειθαρχεῖν τοῖς ὑπὸ τῆς φιλοσοφίας ταύτης προσταττομένοις πολὺ
            ἂν
            θᾶττον πρὸς ἐπιείκειαν ἢ πρὸς ῥητορείαν ὠφελήσειεν. καὶ μηδεὶς οἰέσθω με λέγειν ὡς ἔστι
            δικαιοσύνη διδακτόν· ὅλως μὲν γὰρ οὐδεμίαν ἡγοῦμαι τοιαύτην εἶναι τέχνην, ἥτις τοῖς
            κακῶς
            πεφυκόσι πρὸς ἀρετὴν σωφροσύνην ἂν καὶ δικαιοσύνην ἐμποιήσειεν· οὐ μὴν ἀλλὰ
            συμπαρακελεύσασθαί γε καὶ συνασκῆσαι μάλιστʼ ἃ οἶμαι τὴν τῶν λόγων τῶν πολιτικῶν
            ἐπιμέλειαν. </p>
        </div>
        <div subtype="section" type="textpart" n="22">
          <p>ἵνα δὲ μὴ δοκῶ τὰς μὲν τῶν ἄλλων ὑποσχέσεις διαλύειν, αὐτὸς δὲ μείζω λέγειν τῶν
            ἐνόντων,
            ἐξ ὧνπερ αὐτὸς ἐπείσθην οὕτω ταῦτʼ ἔχειν, ῥᾳδίως οἶμαι καὶ τοῖς ἄλλοις φανερὸν
            καταστήσειν.</p>
        </div>
      </div>
    </body>
  </text>
</TEI>