<?xml version="1.0" encoding="UTF-8"?> 
<?xml-model href="http://www.stoa.org/epidoc/schema/latest/tei-epidoc.rng" schematypens="http://relaxng.org/ns/structure/1.0"?>
<TEI xmlns="http://www.tei-c.org/ns/1.0">
	<teiHeader>
		<fileDesc>
			<titleStmt>
				<title>AlexandrosSunthekon</title>
				<author>Demosthenes</author>
				<editor>S. H. Butcher</editor>
				<sponsor>Perseus Project, Tufts University</sponsor>
				<principal>Gregory Crane</principal>
				<respStmt>
					<resp>Prepared under the supervision of</resp>
					<name>Lisa Cerrato</name>
					<name>William Merrill</name>
					<name>Elli Mylonas</name>
					<name>David Smith</name>
				</respStmt>
				<funder n="org:AnnCPB">The Annenberg CPB/Project</funder>
			</titleStmt>
			<publicationStmt>
				<publisher>Trustees of Tufts University</publisher>
				<pubPlace>Medford, MA</pubPlace>
				<authority>Perseus Project</authority>
				<date type="release">1996</date>
			</publicationStmt>
			<notesStmt>
				<note>Perseus 2.0</note>
			</notesStmt>
			<sourceDesc>
				<biblStruct>
					<monogr>
						<author>Demosthenes</author>
						<title>Demosthenis. Orationes. Vol. I. ed. S. H. Butcher</title>
						<imprint>
							<publisher>Clarendon Press, Oxford</publisher>
							<date>1903</date>
						</imprint>
					</monogr>
					<ref target="https://archive.org/details/orationesrecogno01demouoft">Internet
						Archive</ref>
				</biblStruct>
			</sourceDesc>
		</fileDesc>
		<encodingDesc>
			<refsDecl n="CTS">
				<cRefPattern n="section"
					matchPattern="(\w+)"
					replacementPattern="#xpath(/tei:TEI/tei:text/tei:body/tei:div/tei:div[@n='$1'])">
					<p>This pointer pattern extracts section</p>
				</cRefPattern>
			</refsDecl>
			<refsDecl>
				<refState unit="section" />
			</refsDecl>
			<editorialDecl>
				<quotation marks="none" />
			</editorialDecl>
		</encodingDesc>
		<profileDesc>
			<langUsage>
				<language ident="grc">Greek</language>
				<language ident="eng">English</language>
			</langUsage>
		</profileDesc>
		<revisionDesc>
			<change when="2018-10-03" who="Lisa Cerrato">CTS and EpiDoc conversion</change>
			<change when="2014-08-01" who="Stella Dee">edited markup</change>
			<change when="2014-07-01" who="Stella Dee">split composite text and converted to unicode</change>
			<change when="1992-06-02" who="David Smith">added quotedtext tags around verse and
				un-capitalized some non-proper nouns</change>
		</revisionDesc>
	</teiHeader>

	<text xml:lang="grc">
		<body>
			<div type="edition" n="urn:cts:greekLit:tlg0014.tlg017.perseus-grc2" xml:lang="grc">
				<div type="textpart" subtype="section" n="1">
					<p rend="indent">ἄξιον ἀποδέχεσθαι, ὦ ἄνδρες Ἀθηναῖοι, σφόδρα τῶν τοῖς ὅρκοις
						καὶ ταῖς συνθήκαις
						διακελευομένων ἐμμένειν, εἴπερ αὐτὸ πεπεισμένοι ποιοῦσιν· οἶμαι γὰρ οὐδὲν
						οὕτω
						τοῖς δημοκρατουμένοις πρέπειν ὡς περὶ τὸ ἴσον καὶ τὸ δίκαιον σπουδάζειν. δεῖ
						τοίνυν τοὺς λίαν ἐπʼ αὐτὰ παρακαλοῦντας μὴ τῷ μὲν λόγῳ καταχρωμένους
						ἐνοχλεῖν,
						πάντα δὲ μᾶλλον πράττειν, ἀλλʼ ὑπομείναντας νυνὶ τὸν ἐξετασμὸν ἢ καὶ τὸ
						λοιπὸν
						πειθομένους ὑμᾶς ἔχειν περὶ αὐτῶν, ἢ παραχωρήσαντας ἐᾶν συμβουλεύειν τοὺς
						ἀληθέστερα περὶ τῶν δικαίων ἀποφαινομένους, </p>
				</div>
				<div type="textpart" subtype="section" n="2">
					<p>ἵνʼ ἢ ἑκόντες ἀδικούμενοι ἀνέχησθε καὶ αὐτὸ τοῦτο χαρίζησθε τῷ ἀδικοῦντι, ἢ
						προελόμενοι περὶ πλείστου ποιήσασθαι τὸ δίκαιον ἀνεγκλήτως πρὸς ἅπαντας
						χρῆσθε
						τῷ συμφέροντι μηκέτι μέλλοντες. ἐξ αὐτῶν δὲ τῶν συνθηκῶν καὶ τῶν ὅρκων
						σκεψαμένους τῶν περὶ τῆς κοινῆς εἰρήνης ἔξεστιν ἰδεῖν ἤδη, τίνες εἰσὶν οἱ
						παραβεβηκότες. ὡς δὲ περὶ μεγάλων συντόμως διδάξω.</p>
				</div>
				<div type="textpart" subtype="section" n="3">
					<p rend="indent">εἰ δή τις ἐρωτήσειεν, ὦ ἄνδρες Ἀθηναῖοι, ἐπὶ τίνι ἂν μάλιστʼ
						ἀγανακτήσαιτʼ εἴ τις
						ἀναγκάζοι, οἶμαι ἄν, εἰ ἦσαν κατὰ τὸν νυνὶ χρόνον οἱ Πεισιστρατίδαι καί τις
						ἐβιάζετο κατάγειν αὐτοὺς δευρί, ἁρπάσαντας ἂν ὑμᾶς τὰ ὅπλα πάντα κίνδυνον
						ὑπομεῖναι ἀντὶ τοῦ παραδέξασθαι, ἢ πεισθέντας γε δουλεύειν ἀντὶ τῶν
						ἀργυρωνήτων,
						καὶ τοσούτῳ μᾶλλον, ὅσῳ τὸν μὲν οἰκέτην οὐδεὶς ἂν ἑκὼν ἀποκτείνειε, τοὺς δὲ
						τυραννουμένους ἀκρίτους ἔστιν ὁρᾶν ἀπολλυμένους ἅμα καὶ ὑβριζομένους εἰς
						παῖδας
						καὶ γυναῖκας.</p>
				</div>
				<div type="textpart" subtype="section" n="4">
					<p>παρὰ τοὺς ὅρκους τοίνυν καὶ τὰς συνθήκας τὰς ἐν τῇ κοινῇ εἰρήνῃ γεγραμμένας
						Ἀλέξανδρος εἰς Μεσσήνην καταγαγὼν τοὺς Φιλιάδου παῖδας, ὄντας τυράννους, ἆρʼ
						ἐφρόντισε τοῦ δικαίου, ἀλλʼ οὐκ ἐχρήσατο τῷ αὑτοῦ ἤθει τῷ τυραννικῷ, βραχὺ
						φροντίσας ὑμῶν καὶ τῆς κοινῆς ὁμολογίας; </p>
				</div>
				<div type="textpart" subtype="section" n="5">
					<p>οὐ δὴ δεῖ, εἰ μέν τις ὑμᾶς ταῦτα βιάζοιτο, μάλιστʼ ἀγανακτῆσαι, εἰ δʼ ἑτέρωθί
						που
						γέγονε παρὰ τοὺς πρὸς ὑμᾶς ὅρκους, μὴ φυλάξασθαι, καὶ ἡμῖν μὲν διακελεύεσθαί
						τινας ἐνταυθὶ ἐμμένειν τοῖς ὅρκοις, τοῖς δʼ αὐτοὺς οὕτω περιβοήτως ἀνῃρηκόσι
						καταλείπειν ταύτην τὴν ἐξουσίαν.</p>
				</div>
				<div type="textpart" subtype="section" n="6">
					<p>ἀλλʼ οὐχ οἷόν τε ταῦθʼ οὕτως ἔχειν, ἐὰν βούλησθε τῷ δικαίῳ χρῆσθαι· καὶ γὰρ
						ἔτι
						προσγέγραπται ἐν ταῖς συνθήκαις πολέμιον εἶναι τὸν ἐκεῖνʼ ἅπερ Ἀλέξανδρος
						ποιοῦντα ἅπασι τοῖς τῆς εἰρήνης κοινωνοῦσι, καὶ τὴν χώραν αὐτοῦ, καὶ
						στρατεύεσθαι ἐπʼ αὐτὸν ἅπαντας. οὐκοῦν ἐὰν ποιῶμεν τὰ συγκείμενα, πολεμίῳ
						χρησόμεθα τῷ καταγαγόντι.</p>
				</div>
				<div type="textpart" subtype="section" n="7">
					<p>ἀλλὰ γὰρ εἴποιεν ἂν οἱ τυραννίζοντες οὗτοι, ὅτι πρὶν τὰς συνθήκας γενέσθαι
						ἐτυράννουν Μεσσηνίων οἱ Φιλιάδου παῖδες· διὸ καὶ καταγαγεῖν τὸν Ἀλέξανδρον
						αὐτούς. ἀλλὰ καταγέλαστος ὁ λόγος, τοὺς μὲν ἐκ Λέσβου τυράννους, οἷον ἐξ
						Ἀντίσσης καὶ Ἐρέσου, ἐκβαλεῖν ὡς ἀδικήματος ὄντος τοῦ πολιτεύματος, τοὺς πρὸ
						τῶν
						ὁμολογιῶν τυραννήσαντας, ἐν δὲ Μεσσήνῃ μηδὲν οἴεσθαι διαφέρειν, τῆς αὐτῆς
						δυσχερείας ὑπαρχούσης.</p>
				</div>
				<div type="textpart" subtype="section" n="8">
					<p>ἔπειτα καὶ ἐπιτάττει ἡ συνθήκη εὐθὺς ἐν ἀρχῇ ἐλευθέρους εἶναι καὶ αὐτονόμους
						τοὺς
						Ἕλληνας. διὸ καὶ πῶς οὐχ ὑπεράτοπον, ἡγεῖσθαι μὲν τῶν συνθηκῶν τὸ αὐτονόμους
						εἶναι καὶ ἐλευθέρους, τὸν δʼ εἰς δουλείαν ἀγαγόντα μὴ οἴεσθαι τἀναντία ταῖς
						κοιναῖς ὁμολογίαις διαπεπρᾶχθαι; οὐκοῦν ἀναγκαῖόν ἐστιν ἡμῖν, ὦ ἄνδρες
						Ἀθηναῖοι,
						εἴπερ ταῖς συνθήκαις καὶ τοῖς ὅρκοις ἐμμενοῦμεν καὶ τὰ δίκαια ποιήσομεν, ἐφʼ
						ἃ
						ὑμᾶς παρακαλοῦσι, καθάπερ ἄρτι εἶπον, λαβοῦσι τὰ ὅπλα στρατεύεσθαι ἐπὶ τοὺς
						παραβεβηκότας μετὰ τῶν βουλομένων.</p>
				</div>
				<div type="textpart" subtype="section" n="9">
					<p>ἢ νομίζετε τὸν μὲν καιρόν ποτʼ ἰσχύειν καὶ ἄνευ τοῦ δικαίου τὸ συμφέρον
						πράττειν·
						νυνὶ δʼ, ὅτʼ εἰς ταὐτὸν τὸ δίκαιον ἅμα καὶ ὁ καιρὸς καὶ τὸ συμφέρον
						συνδεδράμηκεν, ἄλλον ἄρα τινὰ χρόνον ἀναμενεῖτε τῆς ἰδίας ἐλευθερίας ἅμα καὶ
						τῆς
						τῶν ἄλλων Ἑλλήνων ἀντιλαβέσθαι; </p>
				</div>
				<div type="textpart" subtype="section" n="10">
					<p rend="indent">ἐπʼ ἄλλο δὲ δίκαιον ἔρχομαι τῶν κατὰ τὰς συνθήκας. ἔστι γὰρ
						γεγραμμένον, ἐάν
						τινες τὰς πολιτείας τὰς παρʼ ἑκάστοις οὔσας, ὅτε τοὺς ὅρκους τοὺς περὶ τῆς
						εἰρήνης ὤμνυσαν, καταλύωσι, πολεμίους εἶναι πᾶσι τοῖς τῆς εἰρήνης
						μετέχουσιν.
						σκέψασθε δʼ, ὦ ἄνδρες Ἀθηναῖοι, ὅτι Ἀχαιοὶ μὲν οἱ ἐν Πελοποννήσῳ
						ἐδημοκρατοῦντο,
						τούτων δʼ ἐν Πελλήνῃ νῦν καταλέλυκε τὸν δῆμον ὁ Μακεδὼν ἐκβαλὼν τῶν πολιτῶν
						τοὺς
						πλείστους, τὰ δʼ ἐκείνων τοῖς οἰκέταις δέδωκε, Χαίρωνα δὲ τὸν παλαιστὴν
						τύραννον
						ἐγκατέστησεν.</p>
				</div>
				<div type="textpart" subtype="section" n="11">
					<p>ἡμεῖς δὲ τῆς εἰρήνης μετέχομεν τῆς προσταττούσης πολεμίους ἡγεῖσθαι τοὺς
						ταῦτα
						πράττοντας. ἐκ δὴ τούτων πότερα πειθόμεθα τοῖς κοινοῖς προστάγμασι πολεμίοις
						αὐτοῖς χρώμενοι, ἢ βδελυρεύσεταί τις οὐ φάσκων, τούτων τῶν μισθοφορούντων
						παρὰ
						τοῦ Μακεδόνος, τῶν καθʼ ὑμῶν πεπλουτηκότων;</p>
				</div>
				<div type="textpart" subtype="section" n="12">
					<p>οὐ γὰρ δὴ λέληθέ γʼ αὐτοὺς οὐδὲν τούτων· ἀλλʼ εἰς τοῦθʼ ὕβρεως ἥκουσιν ὥστε
						δορυφορούμενοι τοῖς τοῦ τυράννου στρατοπέδοις ἐν μὲν τοῖς παραβεβασμένοις
						ὅρκοις
						ἐμμένειν ὑμῖν διακελεύονται, ὡς καὶ τῆς ἐπιορκίας αὐτοκράτορος ὄντος
						ἐκείνου,
						τοὺς δʼ ἰδίους ὑμᾶς νόμους ἀναγκάζουσι λύειν, τοὺς μὲν κεκριμένους ἐν τοῖς
						δικαστηρίοις ἀφιέντες, ἕτερα δὲ παμπληθῆ τοιαῦτα βιαζόμενοι παρανομεῖν.</p>
				</div>
				<div type="textpart" subtype="section" n="13">
					<p>εἰκότως· τοῖς γὰρ πεπρακόσιν ἑαυτοὺς εἰς τἀναντία τοῖς τῇ πατρίδι συμφέρουσιν
						οὐκ ἔνι μέλειν νόμων οὐδʼ ὅρκων· τοῖς δʼ ὀνόμασι μόνον αὐτῶν ἀποχρώμενοι
						παρακρούονται τοὺς παρέργως ἐνταυθὶ ἀλλʼ οὐκ ἐξεταστικῶς ἐκκλησιάζοντας, καὶ
						νομίζοντας τὴν παραυτίχʼ ἡσυχίαν οὐκ ἔσεσθαί ποτʼ αἰτίαν ταραχῆς ἀτόπου <del>
						μεγάλης</del>.</p>
				</div>
				<div type="textpart" subtype="section" n="14">
					<p>κελεύω δʼ ἔγωγε, καθάπερ ἐν ἀρχῇ προεῖπον, πείθεσθαι τούτοις τοῖς φάσκουσι
						δεῖν
						ἐν ταῖς κοιναῖς ὁμολογίαις ἐμμένειν, εἰ μὴ ἐκεῖνο νομίζουσιν, ὅταν μὲν
						λέγωσιν
						ὡς ἐμμενετέον τοῖς ὅρκοις, οὐ λέγειν αὐτοὺς τὸ μηδὲν ἀδικεῖσθαι, οὐδένα δʼ
						οἴονται αἰσθήσεσθαι, τυραννίδων ἀντὶ δημοκρατιῶν καθισταμένων καὶ τῶν
						πολιτειῶν
						καταλυομένων.</p>
				</div>
				<div type="textpart" subtype="section" n="15">
					<p rend="indent">τὸ δʼ ἔτι καταγελαστότερον· ἔστι γὰρ ἐν ταῖς συνθήκαις
						ἐπιμελεῖσθαι τοὺς
						συνεδρεύοντας καὶ τοὺς ἐπὶ τῇ κοινῇ φυλακῇ τεταγμένους ὅπως ἐν ταῖς
						κοινωνούσαις
						πόλεσι τῆς εἰρήνης μὴ γίγνωνται θάνατοι καὶ φυγαὶ παρὰ τοὺς κειμένους ταῖς
						πόλεσι νόμους, μηδὲ χρημάτων δημεύσεις, μηδὲ γῆς ἀναδασμοί, μηδὲ χρεῶν
						ἀποκοπαί,
						μηδὲ δούλων ἀπελευθερώσεις ἐπὶ νεωτερισμῷ. οἱ δὲ τοσούτου δέουσι τούτων τι
						κωλύειν ὥστε καὶ συγκατασκευάζουσιν· οὓς πῶς οὐ προσήκει ἀπολωλέναι; οἳ
						τηλικαύτας συμφορὰς παρασκευάζουσιν ἐν ταῖς πόλεσιν, ἃς διὰ τὸ μέγεθος
						αὐτοῖς
						τοσούτοις οὖσι μὴ περιορᾶν ἐπέταξαν.</p>
				</div>
				<div type="textpart" subtype="section" n="16">
					<p rend="indent">ἔτι δʼ ἕτερον δείξω τὸ λελυκὸς τὰς συνθήκας. ἔστι γὰρ
						γεγραμμένον, ἐκ τῶν πόλεων
						τῶν κοινωνουσῶν τῆς εἰρήνης μὴ ἐξεῖναι φυγάδας ὁρμήσαντας ὅπλʼ ἐπιφέρειν ἐπὶ
						πολέμῳ ἐπὶ μηδεμίαν πόλιν τῶν μετεχουσῶν τῆς εἰρήνης· εἰ δὲ μή, ἔκσπονδον
						εἶναι
						τὴν πόλιν ἐξ ἧς ἂν ὁρμήσωσιν. οὕτω τοίνυν ῥᾳδίως ἐπήνεγκε τὰ ὅπλʼ ὁ Μακεδὼν
						ὥστʼ
						οὐδὲ κατέθετο πώποτε, ἀλλʼ ἔτι καὶ νῦν ἔχων περιέρχεται καθʼ ὅσον δύναται,
						καὶ
						τοσούτῳ νῦν μᾶλλον ἢ πρότερον, ὅσῳ ἐκ προστάγματος ἄλλους θʼ ἑτέρωσε καὶ τὸν
						παιδοτρίβην εἰς Σικυῶνα κατήγαγεν.</p>
				</div>
				<div type="textpart" subtype="section" n="17">
					<p>οὐκοῦν εἰ δεῖ πείθεσθαι ταῖς κοιναῖς ὁμολογίαις, καθάπερ οὗτοί φασιν,
						ἔκσπονδοι
						ἡμῖν εἰσιν αὗται αἱ πόλεις αἱ ταῦτα διαπεπραγμέναι. εἰ μὲν οὖν δεῖ
						ἐπικρύπτεσθαι
						τἀληθῆ, οὐδὲν δεῖ λέγειν ὅτι εἰσὶν αἱ Μακεδονικαί· εἰ δʼ οὐκ ἀνιᾶσιν οἱ καθʼ
						ὑμῶν τῷ Μακεδόνι ὑπηρέται προστάττοντες πράττειν τὰ ἐν ταῖς κοιναῖς
						ὁμολογίαις,
						πεισθῶμεν αὐτοῖς, ἐπειδὴ τὰ δίκαια λέγουσι, καί, καθάπερ κελεύει ὁ ὅρκος,
						ἐκσπόνδους αὐτοὺς ποιήσαντες βουλευσώμεθα πῶς δεῖ χρῆσθαι τοῖς δεσποτικῶς
						καὶ
						ἀσελγῶς διακειμένοις καὶ διὰ τέλους τὰ μὲν ἐπιβουλεύουσι, τὰ δʼ ἐπιτάττουσι,
						καὶ
						καταγελῶσι τῆς κοινῆς εἰρήνης.</p>
				</div>
				<div type="textpart" subtype="section" n="18">
					<p>διὰ τί γὰρ οὐ φήσουσιν οὗτοι δεῖν ταῦθʼ οὕτως ἔχειν; ἢ ὁμολογίαν τὴν μὲν κατὰ
						τῆς
						πόλεως οὖσαν βεβαίαν ἀξιοῦσιν εἶναι, τὴν δὲ σῴζουσαν οὐ συγχωρήσουσιν; ἆρα
						δίκαιον ταῦτα γίγνεσθαι; κἂν μέν τι ᾖ πρὸς τῶν ἐχθρῶν κατὰ τῆς πόλεως ἐν
						τοῖς
						ὅρκοις, τοῦτο μὲν ἰσχυρὸν ἀεὶ ποιήσουσιν· ἐὰν δέ τι ἡμέτερον ᾖ κατʼ ἐκείνων
						ἅμα
						δίκαιον καὶ συμφέρον, πρὸς τοῦτο δὲ μαχομένους οὐδέποτε παύσασθαι οἰήσονται
						δεῖν
						ἑαυτούς; </p>
				</div>
				<div type="textpart" subtype="section" n="19">
					<p rend="indent">ἵνα δʼ εἰδῆτʼ ἔτι σαφέστερον ὅτι οὐδεὶς ὑμῖν ἐγκαλεῖ ποτε τῶν
						Ἑλλήνων ὡς ἄρα
						παρέβητέ τι τῶν κοινῇ ὁμολογηθέντων, ἀλλὰ καὶ χάριν ἕξουσιν ὅτι μόνοι
						ἐξηλέγξατε
						τοὺς ταῦτα ποιοῦντας, μικρὰ ἐπιδραμοῦμαι περὶ αὐτῶν πολλῶν ὄντων. ἔστι γὰρ
						δήπου
						ἐν ταῖς συνθήκαις τὴν θάλατταν πλεῖν τοὺς μετέχοντας τῆς εἰρήνης, καὶ μηδένα
						κωλύειν αὐτοὺς μηδὲ κατάγειν πλοῖον μηδενὸς τούτων· ἐὰν δέ τις παρὰ ταῦτα
						ποιῇ,
						πολέμιον εἶναι πᾶσι τοῖς τῆς εἰρήνης μετέχουσιν.</p>
				</div>
				<div type="textpart" subtype="section" n="20">
					<p>οὐκοῦν, ὦ ἄνδρες Ἀθηναῖοι, ἐναργέστατα ἑοράκατε τοῦθʼ ὑπὸ τῶν Μακεδόνων
						γεγενημένον· εἰς τοῦτο γὰρ ὑπεροψίας ἦλθον ὥστε εἰς Τένεδον ἅπαντα τὰ ἐκ τοῦ
						Πόντου πλοῖα κατήγαγον, καὶ σκευωρούμενοι περὶ αὐτὰ οὐ πρότερον ἀνεῖσαν,
						πρὶν
						ὑμεῖς ἐψηφίσασθε τριήρεις ἑκατὸν πληροῦν καὶ καθέλκειν εὐθὺς τότε, καὶ
						στρατηγὸν
						ἐπʼ αὐταῖς ἐτάξατε Μενεσθέα.</p>
				</div>
				<div type="textpart" subtype="section" n="21">
					<p>πῶς οὖν οὐκ ἄτοπον τοσαῦτα μὲν εἶναι καὶ τηλικαῦτα τὰ ἡμαρτημένʼ ἑτέροις,
						τοὺς δʼ
						ἐνταῦθα φίλους αὐτῶν μὴ ἐκείνους ἀποτρέπειν τοὺς παραβαίνοντας, ἀλλʼ ὑμῖν
						συμβουλεύειν ἐμμένειν τοῖς οὕτως ὠλιγωρημένοις; ὥσπερ καὶ τούτου
						προσγεγραμμένου, τοῖς μὲν ἐξεῖναι πλημμελεῖν, τοῖς δὲ μηδʼ ἀμύνεσθαι.</p>
				</div>
				<div type="textpart" subtype="section" n="22">
					<p>πῶς δʼ οὐχ ἅμα τε παρενόμουν ἐκεῖνοι καὶ ἀναίσθητοι ἦσαν, οἵ γε τηλικοῦτον
						παρέβησαν τῶν ὅρκων, ὃ παρʼ ἐλάχιστον ἐποίησεν αὐτοὺς ἀφαιρεθῆναι δικαίως
						τὴν
						κατὰ θάλατταν ἡγεμονίαν; καὶ νῦν ἔτι παραδεδώκασι τοῦτο τὸ δίκαιον
						ἀνεγκλήτως
						ἡμῖν, ὅταν βουληθῶμεν πράττειν· οὐ γὰρ ὅτι ἐπαύσαντʼ ἐξαμαρτάνοντες, ἧττόν
						τι
						δήπου παραβεβήκασι τὰς κοινὰς ὁμολογίας.</p>
				</div>
				<div type="textpart" subtype="section" n="23">
					<p>ἀλλʼ εὐτυχοῦσιν, ὅτι ἐναποχρῶνται τῇ ὑμετέρᾳ ῥᾳθυμίᾳ τῇ οὐδὲ τῶν δικαίων
						ἀπολαύειν προαιρουμένῃ. ὃ καὶ ὑβριστικώτατον συμβέβηκεν, εἰ οἱ μὲν ἄλλοι
						Ἕλληνες
						καὶ βάρβαροι ἅπαντες τὴν πρὸς ὑμᾶς ἔχθραν φοβοῦνται, οὗτοι δʼ οἱ νεόπλουτοι
						μόνοι καταφρονεῖν ὑμᾶς ὑμῶν αὐτῶν ἀναγκάζουσι, τὰ μὲν πείθοντες, τὰ δὲ
						βιαζόμενοι, ὥσπερ ἐν Ἀβδηρίταις ἢ Μαρωνείταις, ἀλλʼ οὐκ ἐν Ἀθηναίοις
						πολιτευόμενοι.</p>
				</div>
				<div type="textpart" subtype="section" n="24">
					<p>καὶ ἅμα μικρὰ μὲν τὰ ὑμέτερα ποιοῦσι, τὰ δὲ τῶν ἐχθρῶν ἰσχυρά, ἅμα δὲ
						λανθάνουσιν
						ἑαυτοὺς ἀνυπόστατον τὴν πόλιν ὁμολογοῦντες εἶναι, διακελευόμενοι τὸ δίκαιον
						οὐ
						δικαίως διαφυλάττειν, ὡς τῷ συμφέροντί γε προελομένην χρῆσθαι κρατεῖν ἂν τῶν
						πολεμίων ῥᾳδίως δυνηθεῖσαν.</p>
				</div>
				<div type="textpart" subtype="section" n="25">
					<p>εἰκότως δʼ αὐτὸ πεπόνθασιν· ἕως γὰρ ἂν ἐξῇ τῶν κατὰ θάλατταν καὶ μόνοις
						ἀναμφισβητήτως εἶναι κυρίοις, τοῖς γε κατὰ γῆν πρὸς τῇ ὑπαρχούσῃ δυνάμει
						ἔστι
						προβολὰς ἑτέρας ἰσχυροτέρας εὑρέσθαι, ἄλλως τε καὶ πεπαυμένων ὑπὸ τῆς τύχης
						τῶν
						δορυφορουμένων ὑπὸ τῶν τυραννικῶν στρατοπέδων, καὶ τῶν μὲν ἐφθαρμένων, τῶν
						δὲ
						ἐξεληλεγμένων οὐδενὸς ἀξίων ὄντων.</p>
				</div>
				<div type="textpart" subtype="section" n="26">
					<p rend="indent">τὸ μὲν οὖν περὶ τὰ πλοῖα πρὸς τοῖς ἄλλοις τοῖς προειρημένοις ὁ
						Μακεδὼν τηλικοῦτον
						παρέβη· τὸ δὲ ὑβριστικώτατον καὶ ὑπεροπτικώτατον τῶν Μακεδόνων τὸ πρώην
						γεγενημένον ἐστί, τὸ τολμῆσαι εἰσπλεῦσαι εἰς τὸν Πειραιᾶ παρὰ τὰς κοινὰς
						ἡμῖν
						πρὸς αὐτοὺς ὁμολογίας. καὶ τοῦτʼ, ὦ ἄνδρες Ἀθηναῖοι, οὐχ ὅτι μία τριήρης ἦν,
						μικρὸν ὑποληπτέον, ἀλλʼ ὅτι ἀπόπειρα ἐγένετο, εἰ περιοψόμεθα, ἵνα μετὰ
						πλειόνων
						αὐτοῖς ἐγγένηται τοῦτο πράττειν, καὶ ὅτι οὐκ ἐφρόντισαν τῶν κοινῶν δογμάτων,
						καθάπερ οὐδὲ τῶν προειρημένων.</p>
				</div>
				<div type="textpart" subtype="section" n="27">
					<p>ἐπεὶ ὅτι γε τοῦτο παράδυσις ἦν κατὰ μικρὸν καὶ ἐθισμὸς τοῦ ἀνέχεσθαι ἡμᾶς
						τοὺς
						τοιούτους εἴσπλους, κἀκεῖθεν δῆλον· τῷ γὰρ τὸν τότε ἐπὶ τῆς νεὼς
						εἰσπλεύσαντα,
						ὃν ἔδει εὐθὺς μετὰ τῆς τριήρους ὑφʼ ὑμῶν ἀπολωλέναι, αἰτεῖσθαι ναυπηγήσασθαι
						μικρὰ πλοῖα ἐν τοῖς ἡμετέροις λιμέσι πῶς οὐ καταφανὲς ὅτι ἀντὶ τοῦ εἰσπλεῖν
						τὸ
						εὐθὺς ἔνδον εἶναι ἐμηχανῶντο; καὶ εἰ λεπτὰ πλοῖα ὑπομενοῦμεν, ὀλίγον ὕστερον
						καὶ
						τριήρεις· καὶ εἰ τὸ πρῶτον ὀλίγας, μικρῷ ὕστερον πολλάς.</p>
				</div>
				<div type="textpart" subtype="section" n="28">
					<p>οὐ γὰρ δὴ ἔστι γʼ εἰπεῖν ὡς Ἀθήνησι μὲν ἀφθόνων ὄντων τῶν ναυπηγησίμων ξύλων,
						τῶν μόγις καὶ πόρρωθεν εἰσκομιζομένων, ἐν δὲ τῇ Μακεδονίᾳ ἐπιλελοιπότων, τῇ
						καὶ τοῖς ἄλλοις τοῖς βουλομένοις εὐτελέστατα καθισταμένῃ, ἀλλʼ ᾤονθʼ ἅμα τε
						ναυπηγήσεσθαι ἐνταῦθα καὶ πληρώσεσθαι ἐν τῷ λιμένι <del>τῷ προειρημένῳ</del>,
						ἐν ταῖς κοιναῖς ὁμολογίαις διειρημένον μηδὲν τοιοῦτον εἰσδέχεσθαι, καὶ τοῦτʼ
						ἐξέσεσθαι ἐπὶ πλέον ἀεὶ ποιεῖν.</p>
				</div>
				<div type="textpart" subtype="section" n="29">
					<p>οὕτω πανταχόθεν καταπεφρονηκότως ἐκεῖνοι τῇ πόλει χρῶνται διὰ τοὺς ἐντεῦθεν
						διδασκάλους τοὺς ὑπαγορεύοντας αὐτοῖς ἃ δεῖ ποιεῖν· οὕτω δὲ κατεγνώκασι μετὰ
						τούτων ἀδιήγητόν τινα τῆς πόλεως ἔκλυσιν καὶ μαλακίαν, καὶ οὔτε πρόνοιαν
						περὶ
						τῶν μελλόντων εἶναι, οὔτε λογισμὸν οὐδένα παραγίγνεσθαι τίνα τρόπον χρῆται ὁ
						τύραννος ταῖς κοιναῖς ὁμολογίαις.</p>
				</div>
				<div type="textpart" subtype="section" n="30">
					<p>/div>αἷς ἐγὼ διακελεύομαι, ὦ ἄνδρες Ἀθηναῖοι, πείθεσθαι, καθάπερ ἐδίδαξα, καὶ
						διαβεβαιωσαίμην ἄν, ὡς τοῦθʼ ἡλικίας ἔχων, ἅμα καὶ τῷ δικαίῳ ἡμᾶς ἀνεγκλήτως
						καὶ τοῖς καιροῖς ἀσφαλέστατα χρήσεσθαι τοῖς ἐπὶ τὸ συμφέρον κατεπείγουσιν.
						καὶ γὰρ ἔτι προσγέγραπται <add>ἐν</add> ταῖς συνθήκαις, <q>ἐὰν βουλώμεθα τῆς
						κοινῆς
							εἰρήνης μετέχειν</q>· τὸ δʼ <q>ἐὰν βουλώμεθα</q> ἐστὶν ἅμα καὶ
						τοὐναντίον, εἰ ἄρα ποτὲ δεῖ παύσασθαι αἰσχρῶς ἑτέροις ἀκολουθοῦντας, ἢ μηδʼ
						ἀναμνησθῆναι μηδεμιᾶς φιλοτιμίας τῶν ἐξ ἀρχαιοτάτου καὶ πλείστων καὶ μάλιστα
						πάντων ἀνθρώπων ἡμῖν ὑπαρχουσῶν. ἐὰν οὖν κελεύητʼ, ὦ ἄνδρες Ἀθηναῖοι, γράψω,
						καθάπερ αἱ συνθῆκαι κελεύουσι, πολεμεῖν τοῖς παραβεβηκόσιν.</p>
				</div>

			</div>
		</body>
	</text>
</TEI>