<?xml version="1.0" encoding="UTF-8"?>
<?xml-model href="http://www.stoa.org/epidoc/schema/latest/tei-epidoc.rng" schematypens="http://relaxng.org/ns/structure/1.0"?>
<TEI xmlns="http://www.tei-c.org/ns/1.0">
  <teiHeader>
    <fileDesc>
      <titleStmt>
        <title>Evagoras</title>
        
        <author>Isocrates</author>
        <editor>Larue Van Hook</editor>
        <sponsor>Perseus Project, Tufts University</sponsor>
        <principal>Gregory Crane</principal>
        <respStmt>
          <resp>Prepared under the supervision of</resp>
          <name>Lisa Cerrato</name>
          <name>William Merrill</name>
          <name>Elli Mylonas</name>
          <name>David Smith</name>
        </respStmt>
        <funder n="org:AnnCPB">The Annenberg CPB/Project</funder>

      </titleStmt>
      <publicationStmt>
        <publisher>Trustees of Tufts University</publisher>
        <pubPlace>Medford, MA</pubPlace>
        <authority>Perseus Project</authority>
      </publicationStmt>

      <sourceDesc>
        <bibl>
          <author>Isocrates</author>
          <title>Isocrates with an English Translation in three volumes, by Larue Van Hook, Ph.D.,
            LL.D.</title>
          <publisher>Cambridge, MA, Harvard University Press; London, William Heinemann
            Ltd.</publisher>
          <biblScope unit="volume">3</biblScope>
          <date type="print">1945</date>
          <date type="reprint">1968</date>
        </bibl>
      </sourceDesc>
    </fileDesc>

    <encodingDesc>
      <refsDecl n="CTS">
        <cRefPattern n="section"
          matchPattern="(\\w+)"
          replacementPattern="#xpath(/tei:TEI/tei:text/tei:body/tei:div/tei:div[@n=\'$1\'])">
          <p>This pointer pattern extracts section</p>
        </cRefPattern>
      </refsDecl>
      <refsDecl>
        <refState n="chunk context" unit="section"/>
      </refsDecl>
    </encodingDesc>
    
    <profileDesc>
      <langUsage>
        <language ident="eng">English </language>
        <language ident="grc">Greek </language>
      </langUsage>

      <textClass xml:id="gen.epideictic">
        <keywords>
          <term>Epideictic</term>
        </keywords>
      </textClass>
      <textClass xml:id="gen.forensic.prosecution">
        <keywords>
          <term>Forensic Prosecution</term>
        </keywords>
      </textClass>
      <textClass xml:id="gen.forensic.defense">
        <keywords>
          <term>Forensic Defense</term>
        </keywords>
      </textClass>
      <textClass xml:id="gen.estate.claim">
        <keywords>
          <term>Claim against an Estate</term>
        </keywords>
      </textClass>
    </profileDesc>

    <revisionDesc>
      <!--
      <change><date>April 1992</date>
	<respStmt><name>W. Merrill</name><resp>ed.</resp></respStmt>
	<item>Threw out isoc.gk.sgml because first letter of each line was missing. Started from scratch again from isoc.gk.raw. Change markup in accordance with orator dtd</item>
      </change>
      <change><date>June 1992</date>
	<respStmt><name>W. Merrill</name><resp>ed.</resp></respStmt>
	<item>put speeches in numerical order. Consolidated files.</item>
      </change>
      <change><date>June 1995</date>
	<respStmt><name>Lisa Cerrato</name><resp>ed.</resp></respStmt>
	<item>made section after 11.21 11.22. It was 11.37.</item>
      </change>
      <change><date>1 March 2000</date>
	<respStmt><name>David Smith</name><resp>ed.</resp></respStmt>
	<item>
$Log: isoc.orat_gk.xml,v $
Revision 1.1  2009-11-24 20:08:29  rsingh04
moved more xml files around based on copyright status

Revision 1.4  2009/06/24 16:04:24  lcerrato
fixed bad bibls

Revision 1.3  2009/06/11 17:56:55  student
fixed bibl errors - zr

Revision 1.2  2006/02/10 21:10:24  packel
places/dates now actually tagged

Revision 1.1  2005/08/01 18:01:20  packel
split up letters and speeches

Revision 1.1  2005/07/25 14:37:37  packel
Converted to XML
	
Revision 1.12  2003/07/01 22:17:05  yorkc
Updated texts to TEI P4 and Perseus P4 extensions; minor cleanup (esp. character encodings and typos.)

Revision 1.11  2000/10/24 16:30:03  lcerrato
repetition of end of word in 7.38 eliminated

Revision 1.10  2000/03/22 17:08:04  dasmith
Corrected title of fifth letter.

Revision 1.9  2000/03/04 20:34:40  dasmith
Added separate funder entity to TEI header.

Revision 1.8  2000/03/01 22:22:15  dasmith
Only look up speeches in the orat. subdoc.

Revision 1.7  2000/03/01 22:15:43  dasmith
Can't have tags in change log.

Revision 1.6  2000/03/01 22:14:46  dasmith
Erroneously copied "text xml:lang=eng" from English file.

Revision 1.5  2000/03/01 22:08:47  dasmith
Converted to TEI P3.
Wrap letters in DIV1 so we can cite them as "L. 4.3" within doc.


      </item></change>
    <change><date>July 2014</date>
    <respStmt><name>Stella Dee</name><resp>ed.</resp></respStmt>
    <item>split speeches and converted to unicode</item>
      </change></change>-->
      <change when="2014-10-01" who="Stella Dee">edited markup</change>
    </revisionDesc>
  </teiHeader>
  <text xml:lang="grc">
    <body>
      <div type="edition" n="urn:cts:greekLit:tlg0010.tlg015.perseus-grc2" xml:lang="grc">
      <div subtype="section" type="textpart" n="1">
        <p> ὁρῶν, ὦ Νικόκλεις, τιμῶντά σε τὸν τάφον τοῦ πατρὸς οὐ μόνον τῷ πλήθει καὶ τῷ κάλλει τῶν
          ἐπιφερομένων, ἀλλὰ καὶ χοροῖς καὶ μουσικῇ καὶ γυμνικοῖς ἀγῶσιν, ἔτι δὲ πρὸς τούτοις ἵππων
          τε καὶ τριήρων ἁμίλλαις, καὶ λείποντʼ οὐδεμίαν τῶν τοιούτων ὑπερβολήν, </p>
      </div>
      <div subtype="section" type="textpart" n="2">
        <p>ἡγησάμην Εὐαγόραν, εἴ τίς ἐστιν αἴσθησις τοῖς τετελευτηκόσι περὶ τῶν ἐνθάδε γιγνομένων,
          εὐμενῶς μὲν ἀποδέχεσθαι καὶ ταῦτα, καὶ χαίρειν ὁρῶντα τήν τε περὶ αὑτὸν ἐπιμέλειαν καὶ τὴν
          σὴν μεγαλοπρέπειαν, πολὺ δʼ ἂν ἔτι πλείω χάριν ἔχειν ἢ τοῖς ἄλλοις ἅπασιν, εἴ τις δυνηθείη
          περὶ τῶν ἐπιτηδευμάτων αὐτοῦ καὶ τῶν κινδύνων ἀξίως διελθεῖν τῶν ἐκείνῳ πεπραγμένων· </p>
      </div>
      <div subtype="section" type="textpart" n="3">
        <p>εὑρήσομεν γὰρ τοὺς φιλοτίμους καὶ μεγαλοψύχους τῶν ἀνδρῶν οὐ μόνον ἀντὶ τῶν τοιούτων
          ἐπαινεῖσθαι βουλομένους, ἀλλʼ ἀντὶ τοῦ ζῆν ἀποθνῄσκειν εὐκλεῶς αἱρουμένους, καὶ μᾶλλον
          περὶ τῆς δόξης ἢ τοῦ βίου σπουδάζοντας, καὶ πάντα ποιοῦντας, ὅπως ἀθάνατον τὴν περὶ αὑτῶν
          μνήμην καταλείψουσιν. </p>
      </div>
      <div subtype="section" type="textpart" n="4">
        <p>αἱ μὲν οὖν δαπάναι τῶν μὲν τοιούτων οὐδὲν ἐξεργάζονται, τοῦ δὲ πλούτου σημεῖόν εἰσιν· οἱ
          δὲ περὶ τὴν μουσικὴν καὶ τὰς ἄλλας ἀγωνίας ὄντες, οἱ μὲν τὰς δυνάμεις τὰς αὑτῶν, οἱ δὲ τὰς
          τέχνας ἐπιδειξάμενοι, σφᾶς αὐτοὺς ἐντιμοτέρους κατέστησαν· ὁ δὲ λόγος εἰ καλῶς διέλθοι τὰς
          ἐκείνου πράξεις, ἀείμνηστον ἂν τὴν ἀρετὴν τὴν Εὐαγόρου παρὰ πᾶσιν ἀνθρώποις ποιήσειεν.
        </p>
      </div>
      <div subtype="section" type="textpart" n="5">
        <p>ἐχρῆν μὲν οὖν καὶ τοὺς ἄλλους ἐπαινεῖν τοὺς ἐφʼ αὑτῶν ἄνδρας ἀγαθοὺς γεγενημένους, ἵνʼ οἵ
          τε δυνάμενοι τὰ τῶν ἄλλων ἔργα κοσμεῖν ἐν εἰδόσι ποιούμενοι τοὺς λόγους ταῖς ἀληθείαις
          ἐχρῶντο περὶ αὐτῶν, οἵ τε νεώτεροι φιλοτιμοτέρως διέκειντο πρὸς τὴν ἀρετήν, εἰδότες ὅτι
          τούτων εὐλογήσονται μᾶλλον ὧν ἂν ἀμείνους σφᾶς αὐτοὺς παράσχωσιν. νῦν δὲ τίς οὐκ ἂν
          ἀθυμήσειεν, </p>
      </div>
      <div subtype="section" type="textpart" n="6">
        <p>ὅταν ὁρᾷ τοὺς μὲν περὶ τὰ Τρωϊκὰ καὶ τοὺς ἐπέκεινα γενομένους ὑμνουμένους καὶ
          τραγῳδουμένους, αὑτὸν δὲ προειδῇ, μηδʼ ἂν ὑπερβάλλῃ τὰς ἐκείνων ἀρετάς, μηδέποτε τοιούτων
          ἐπαίνων ἀξιωθησόμενον; τούτων δʼ αἴτιος ὁ φθόνος, ᾧ τοῦτο μόνον ἀγαθὸν πρόσεστιν, ὅτι
          μέγιστον κακὸν τοῖς ἔχουσίν ἐστιν. οὕτω γάρ τινες δυσκόλως πεφύκασιν, ὥσθʼ ἥδιον ἂν
          εὐλογουμένων ἀκούοιεν οὓς οὐκ ἴσασιν εἰ γεγόνασιν, ἢ τούτων, ὑφʼ ὧν εὖ πεπονθότες αὐτοὶ
          τυγχάνουσιν. </p>
      </div>
      <div subtype="section" type="textpart" n="7">
        <p>οὐ μὴν δουλευτέον τοὺς νοῦν ἔχοντας τοῖς οὕτω κακῶς φρονοῦσιν, ἀλλὰ τῶν μὲν τοιούτων
          ἀμελητέον, τοὺς δʼ ἄλλους ἐθιστέον ἀκούειν περὶ ὧν καὶ λέγειν δίκαιόν ἐστιν, ἄλλως τʼ
          ἐπειδὴ καὶ τὰς ἐπιδόσεις ἴσμεν γιγνομένας καὶ τῶν τεχνῶν καὶ τῶν ἄλλων ἁπάντων οὐ διὰ τοὺς
          ἐμμένοντας τοῖς καθεστῶσιν, ἀλλὰ διὰ τοὺς ἐπανορθοῦντας καὶ τολμῶντας ἀεί τι κινεῖν τῶν μὴ
          καλῶς ἐχόντων. </p>
      </div>
      <div subtype="section" type="textpart" n="8">
        <p>οἶδα μὲν οὖν ὅτι χαλεπόν ἐστιν ὃ μέλλω ποιεῖν, ἀνδρὸς ἀρετὴν διὰ λόγων ἐγκωμιάζειν.
          σημεῖον δὲ μέγιστον· περὶ μὲν γὰρ ἄλλων πολλῶν καὶ παντοδαπῶν λέγειν τολμῶσιν οἱ περὶ τὴν
          φιλοσοφίαν ὄντες, περὶ δὲ τῶν τοιούτων οὐδεὶς πώποτʼ αὐτῶν συγγράφειν ἐπεχείρησεν. καὶ
          πολλὴν αὐτοῖς ἔχω συγγνώμην. τοῖς μὲν γὰρ ποιηταῖς πολλοὶ δέδονται κόσμοι· </p>
      </div>
      <div subtype="section" type="textpart" n="9">
        <p>καὶ γὰρ πλησιάζοντας τοὺς θεοὺς τοῖς ἀνθρώποις οἷόν τʼ αὐτοῖς ποιῆσαι καὶ διαλεγομένους
          καὶ συναγωνιζομένους οἷς ἂν βουληθῶσι, καὶ περὶ τούτων δηλῶσαι μὴ μόνον τοῖς τεταγμένοις
          ὀνόμασιν, ἀλλὰ τὰ μὲν ξένοις, τὰ δὲ καινοῖς, τὰ δὲ μεταφοραῖς, καὶ μηδὲν παραλιπεῖν, ἀλλὰ
          πᾶσι τοῖς εἴδεσι διαποικῖλαι τὴν ποίησιν· </p>
      </div>
      <div subtype="section" type="textpart" n="10">
        <p>τοῖς δὲ περὶ τοὺς λόγους οὐδὲν ἔξεστι τῶν τοιούτων, ἀλλʼ ἀποτόμως καὶ τῶν ὀνομάτων τοῖς
          πολιτικοῖς μόνον καὶ τῶν ἐνθυμημάτων τοῖς περὶ αὐτὰς τὰς πράξεις ἀναγκαῖόν ἐστι χρῆσθαι.
          πρὸς δὲ τούτοις οἱ μὲν μετὰ μέτρων καὶ ῥυθμῶν ἅπαντα ποιοῦσιν, οἱ δʼ οὐδενὸς τούτων
          κοινωνοῦσιν· ἃ τοσαύτην ἔχει χάριν, ὥστʼ ἂν καὶ τῇ λέξει καὶ τοῖς ἐνθυμήμασιν ἔχῃ κακῶς,
          ὅμως αὐταῖς ταῖς εὐρυθμίαις καὶ ταῖς συμμετρίαις ψυχαγωγοῦσι τοὺς ἀκούοντας. </p>
      </div>
      <div subtype="section" type="textpart" n="11">
        <p>γνοίη δʼ ἄν τις ἐκεῖθεν τὴν δύναμιν αὐτῶν· ἢν γάρ τις τῶν ποιημάτων τῶν εὐδοκιμούντων τὰ
          μὲν ὀνόματα καὶ τὰς διανοίας καταλίπῃ, τὸ δὲ μέτρον διαλύσῃ, φανήσεται πολὺ καταδεέστερα
          τῆς δόξης ἧς νῦν ἔχομεν περὶ αὐτῶν. ὅμως δὲ καίπερ τοσοῦτον πλεονεκτούσης τῆς ποιήσεως,
          οὐκ ὀκνητέον, ἀλλʼ ἀποπειρατέον τῶν λόγων ἐστίν, εἰ καὶ τοῦτο δυνήσονται, τοὺς ἀγαθοὺς
          ἄνδρας εὐλογεῖν μηδὲν χεῖρον τῶν ἐν ταῖς ᾠδαῖς καὶ τοῖς μέτροις ἐγκωμιαζόντων. </p>
      </div>
      <div subtype="section" type="textpart" n="12">
        <p>πρῶτον μὲν οὖν περὶ τῆς φύσεως τῆς Εὐαγόρου, καὶ τίνων ἦν ἀπόγονος, εἰ καὶ πολλοὶ
          προεπίστανται, δοκεῖ μοι πρέπειν κἀμὲ τῶν ἄλλων ἕνεκα διελθεῖν περὶ αὐτῶν, ἵνα πάντες
          εἰδῶσιν ὅτι καλλίστων αὐτῷ καὶ μεγίστων παραδειγμάτων καταλειφθέντων οὐδὲν καταδεέστερον
          αὑτὸν ἐκείνων παρέσχεν. </p>
      </div>
      <div subtype="section" type="textpart" n="13">
        <p>ὁμολογεῖται μὲν γὰρ τοὺς ἀπὸ Διὸς εὐγενεστάτους τῶν ἡμιθέων εἶναι, τούτων δʼ αὐτῶν οὐκ
          ἔστιν ὅστις οὐκ ἂν Αἰακίδας προκρίνειεν· ἐν μὲν γὰρ τοῖς ἄλλοις γένεσιν εὑρήσομεν τοὺς μὲν
          ὑπερβάλλοντας, τοὺς δὲ καταδεεστέρους ὄντας, οὗτοι δʼ ἅπαντες ὀνομαστότατοι τῶν καθʼ
          αὑτοὺς γεγόνασιν. </p>
      </div>
      <div subtype="section" type="textpart" n="14">
        <p>τοῦτο μὲν γὰρ Αἰακὸς ὁ Διὸς μὲν ἔκγονος, τοῦ δὲ γένους τοῦ Τευκριδῶν πρόγονος, τοσοῦτον
          διήνεγκεν ὥστε γενομένων αὐχμῶν ἐν τοῖς Ἕλλησι καὶ πολλῶν ἀνθρώπων διαφθαρέντων, ἐπειδὴ τὸ
          μέγεθος τῆς συμφορᾶς ὑπερέβαλλεν, ἦλθον οἱ προεστῶτες τῶν πόλεων ἱκετεύοντες αὐτόν,
          νομίζοντες διὰ τῆς συγγενείας καὶ τῆς εὐσεβείας τῆς ἐκείνου τάχιστʼ ἂν εὑρέσθαι παρὰ τῶν
          θεῶν τῶν παρόντων κακῶν ἀπαλλαγήν. </p>
      </div>
      <div subtype="section" type="textpart" n="15">
        <p>σωθέντες δὲ καὶ τυχόντες ὧν ἐδεήθησαν, ἱερὸν ἐν Αἰγίνῃ κατεστήσαντο κοινὸν τῶν Ἑλλήνων,
          οὗπερ ἐκεῖνος ἐποιήσατο τὴν εὐχήν. καὶ κατʼ ἐκεῖνόν τε τὸν χρόνον ἕως ἦν μετʼ ἀνθρώπων,
          μετὰ καλλίστης ὢν δόξης διετέλεσεν· ἐπειδή τε μετήλλαξε τὸν βίον, λέγεται παρὰ Πλούτωνι
          καὶ Κόρῃ μεγίστας τιμὰς ἔχων παρεδρεύειν ἐκείνοις. </p>
      </div>
      <div subtype="section" type="textpart" n="16">
        <p>τούτου δὲ παῖδες ἦσαν Τελαμὼν καὶ Πηλεύς, ὧν ὁ μὲν ἕτερος μεθʼ Ἡρακλέους ἐπὶ Λαομέδοντα
          στρατευσάμενος ἀριστείων ἠξιώθη, Πηλεὺς δʼ ἔν τε τῇ μάχῃ τῇ πρὸς Κενταύρους ἀριστεύσας καὶ
          κατὰ πολλοὺς ἄλλους κινδύνους εὐδοκιμήσας Θέτιδι τῇ Νηρέως, θνητὸς ὢν ἀθανάτῃ, συνῴκησε,
          καὶ μόνου τούτου φασὶ τῶν προγεγενημένων ὑπὸ θεῶν ἐν τοῖς γάμοις ὑμέναιον ᾀσθῆναι. </p>
      </div>
      <div subtype="section" type="textpart" n="17">
        <p>τούτοιν δʼ ἑκατέρου, Τελαμῶνος μὲν Αἴας καὶ Τεῦκρος ἐγενέσθην, Πηλέως δʼ Ἀχιλλεύς, οἳ
          μέγιστον καὶ σαφέστατον ἔλεγχον ἔδοσαν τῆς αὑτῶν ἀρετῆς· οὐ γὰρ ἐν ταῖς αὑτῶν πόλεσι μόνον
          ἐπρώτευσαν, οὐδʼ ἐν τοῖς τόποις ἐν οἷς κατῴκουν, ἀλλὰ στρατείας τοῖς Ἕλλησιν ἐπὶ τοὺς
          βαρβάρους γενομένης, καὶ πολλῶν μὲν ἑκατέρων ἀθροισθέντων, </p>
      </div>
      <div subtype="section" type="textpart" n="18">
        <p>οὐδενὸς δὲ τῶν ὀνομαστῶν ἀπολειφθέντος, ἐν τούτοις τοῖς κινδύνοις Ἀχιλλεὺς μὲν ἁπάντων
          διήνεγκεν. Αἴας δὲ μετʼ ἐκεῖνον ἠρίστευσε, Τεῦκρος δὲ τῆς τε τούτων συγγενείας ἄξιος καὶ
          τῶν ἄλλων οὐδενὸς χείρων γενόμενος, ἐπειδὴ Τροίαν συνεξεῖλεν, ἀφικόμενος εἰς Κύπρον
          Σαλαμῖνά τε κατῴκισεν, ὁμώνυμον ποιήσας τῆς πρότερον αὑτῷ πατρίδος οὔσης, καὶ τὸ γένος τὸ
          νῦν βασιλεῦον κατέλιπεν. </p>
      </div>
      <div subtype="section" type="textpart" n="19">
        <p>τὰ μὲν οὖν ἐξ ἀρχῆς Εὐαγόρᾳ παρὰ τῶν προγόνων ὑπάρξαντα τηλικαῦτα τὸ μέγεθός ἐστιν.
          τοῦτον δὲ τὸν τρόπον τῆς πόλεως κατοικισθείσης κατὰ μὲν ἀρχὰς οἱ γεγονότες ἀπὸ Τεύκρου τὴν
          βασιλείαν εἶχον, χρόνῳ δʼ ὕστερον ἀφικόμενος ἐκ Φοινίκης ἀνὴρ φυγὰς καὶ πιστευθεὶς ὑπὸ τοῦ
          τότε βασιλεύοντος καὶ μεγάλας δυναστείας λαβὼν οὐ χάριν ἔσχε τούτων, </p>
      </div>
      <div subtype="section" type="textpart" n="20">
        <p>ἀλλὰ κακὸς μὲν γενόμενος περὶ τὸν ὑποδεξάμενον, δεινὸς δὲ πρὸς τὸ πλεονεκτῆσαι, τὸν μὲν
          εὐεργέτην ἐξέβαλεν, αὐτὸς δὲ τὴν βασιλείαν κατέσχεν. ἀπιστῶν δὲ τοῖς πεπραγμένοις καὶ
          βουλόμενος ἀσφαλῶς κατασκευάσασθαι τὰ περὶ αὑτὸν τήν τε πόλιν ἐξεβαρβάρωσε καὶ τὴν νῆσον
          ὅλην βασιλεῖ τῷ μεγάλῳ κατεδούλωσεν. </p>
      </div>
      <div subtype="section" type="textpart" n="21">
        <p>οὕτω δὲ τῶν πραγμάτων καθεστώτων καὶ τῶν ἐκγόνων τῶν ἐκείνου τὴν ἀρχὴν ἐχόντων Εὐαγόρας
          γίγνεται· περὶ οὗ τὰς μὲν φήμας καὶ τὰς μαντείας καὶ τὰς ὄψεις τὰς ἐν τοῖς ὕπνοις
          γενομένας, ἐξ ὧν μειζόνως ἂν φανείη γεγονὼς ἢ κατʼ ἄνθρωπον, αἱροῦμαι παραλιπεῖν, οὐκ
          ἀπιστῶν τοῖς λεγομένοις, ἀλλʼ ἵνα πᾶσι ποιήσω φανερὸν ὅτι τοσούτου δέω πλασάμενος εἰπεῖν
          τι περὶ τῶν ἐκείνῳ πεπραγμένων, ὥστε καὶ τῶν ὑπαρχόντων ἀφίημι τὰ τοιαῦτα περὶ ὧν ὀλίγοι
          τινὲς ἐπίστανται καὶ μὴ πάντες οἱ πολῖται συνίσασιν. ἄρξομαι δʼ ἐκ τῶν ὁμολογουμένων
          λέγειν περὶ αὐτοῦ. </p>
      </div>
      <div subtype="section" type="textpart" n="22">
        <p>παῖς μὲν γὰρ ὢν ἔσχε κάλλος καὶ ῥώμην καὶ σωφροσύνην, ἅπερ τῶν ἀγαθῶν πρεπωδέστατα τοῖς
          τηλικούτοις ἐστίν. καὶ τούτων μάρτυρας ἄν τις ποιήσαιτο, τῆς μὲν σωφροσύνης τοὺς
          συμπαιδευθέντας τῶν πολιτῶν, τοῦ δὲ κάλλους ἅπαντας τοὺς ἰδόντας, τῆς δὲ ῥώμης ἅπαντας
          τοὺς ἀγῶνας<note resp="ed" xml:lang="en" anchored="true"><foreign xml:lang="greek">πρᾶξιν
              ΔΘΛ</foreign>vulg.:<foreign xml:lang="greek">πόλιν Γ.</foreign></note> ἐν οἷς ἐκεῖνος
          τῶν ἡλικιωτῶν ἐκρατίστευσεν. </p>
      </div>
      <div subtype="section" type="textpart" n="23">
        <p>ἀνδρὶ δὲ γενομένῳ ταῦτά τε πάντα συνηυξήθη καὶ πρὸς τούτοις ἀνδρία προσεγένετο καὶ σοφία
          καὶ δικαιοσύνη, καὶ ταῦτʼ οὐ μέσως οὐδʼ ὥσπερ ἑτέροις τισίν, ἀλλʼ ἕκαστον αὐτῶν εἰς
          ὑπερβολήν· τοσοῦτον γὰρ καὶ ταῖς τοῦ σώματος καὶ ταῖς τῆς ψυχῆς ἀρεταῖς διήνεγκεν, </p>
      </div>
      <div subtype="section" type="textpart" n="24">
        <p>ὥσθʼ ὁπότε μὲν αὐτὸν ὁρῷεν οἱ τότε βασιλεύοντες, ἐκπλήττεσθαι καὶ φοβεῖσθαι περὶ τῆς
          ἀρχῆς, ἡγουμένους οὐχ οἷόν τʼ εἶναι τὸν τοιοῦτον τὴν φύσιν ἐν ἰδιώτου μέρει διαγαγεῖν,
          ὁπότε δʼ εἰς τοὺς τρόπους ἀποβλέψειαν, οὕτω σφόδρα πιστεύειν, ὥστʼ εἰ καί τις ἄλλος τολμῴη
          περὶ αὐτοὺς ἐξαμαρτάνειν, νομίζειν Εὐαγόραν αὑτοῖς ἔσεσθαι βοηθόν. </p>
      </div>
      <div subtype="section" type="textpart" n="25">
        <p>καὶ τοσοῦτον τῆς δόξης παραλλαττούσης οὐδετέρου τούτων ἐψεύσθησαν· οὔτε γὰρ ἰδιώτης ὢν
          διετέλεσεν οὔτε περὶ ἐκείνους ἐξήμαρτεν, ἀλλὰ τοσαύτην ὁ δαίμων ἔσχεν αὐτοῦ πρόνοιαν, ὅπως
          καλῶς λήψεται τὴν βασιλείαν, ὥσθʼ ὅσα μὲν ἀναγκαῖον ἦν παρασκευασθῆναι διʼ ἀσεβείας, </p>
      </div>
      <div subtype="section" type="textpart" n="26">
        <p>ταῦτα μὲν ἕτερος ἔπραξεν, ἐξ ὧν δʼ οἷόν τʼ ἦν ὁσίως καὶ δικαίως λαβεῖν τὴν ἀρχήν, Εὐαγόρᾳ
          διεφύλαξεν. εἷς γὰρ τῶν δυναστευόντων ἐπιβουλεύσας τόν τε τύραννον ἀπέκτεινε καὶ συλλαβεῖν
          Εὐαγόραν ἐπεχείρησεν, ἡγούμενος οὐ δυνήσεσθαι κατασχεῖν τὴν ἀρχήν, εἰ μὴ κἀκεῖνον ἐκποδὼν
          ποιήσαιτο. </p>
      </div>
      <div subtype="section" type="textpart" n="27">
        <p>διαφυγὼν δὲ τὸν κίνδυνον καὶ σωθεὶς εἰς Σόλους τῆς Κιλικίας οὐ τὴν αὐτὴν γνώμην ἔσχε τοῖς
          ταῖς τοιαύταις συμφοραῖς περιπίπτουσιν. οἱ μὲν γὰρ ἄλλοι, κἂν ἐκ τυραννίδος ἐκπέσωσι, διὰ
          τὰς παρούσας τύχας ταπεινοτέρας τὰς ψυχὰς ἔχουσιν· ἐκεῖνος δʼ εἰς τοσοῦτον μεγαλοφροσύνης
          ἦλθεν, ὥστε τὸν ἄλλον χρόνον ἰδιώτης ὤν, ἐπειδὴ φεύγειν ἠναγκάσθη, </p>
      </div>
      <div subtype="section" type="textpart" n="28">
        <p>τυραννεῖν ᾠήθη δεῖν. καὶ τοὺς μὲν πλάνους τοὺς φυγαδικοὺς καὶ τὸ διʼ ἑτέρων ζητεῖν τὴν
          κάθοδον καὶ θεραπεύειν αὑτοῦ χείρους ὑπερεῖδεν, λαβὼν δὲ ταύτην ἀφορμήν, ἥνπερ χρὴ τοὺς
          εὐσεβεῖν βουλομένους, ἀμύνεσθαι καὶ μὴ προτέρους ὑπάρχειν, καὶ προελόμενος ἢ κατορθώσας
          τυραννεῖν ἢ διαμαρτὼν ἀποθανεῖν, παρακαλέσας ἀνθρώπους, ὡς οἱ τοὺς πλείστους λέγοντες,
          περὶ πεντήκοντα, μετὰ τούτων παρεσκευάζετο ποιεῖσθαι τὴν κάθοδον. </p>
      </div>
      <div subtype="section" type="textpart" n="29">
        <p>ὅθεν καὶ μάλιστʼ ἄν τις καὶ τὴν φύσιν τὴν ἐκείνου καὶ τὴν δόξαν ἣν εἶχε παρὰ τοῖς ἄλλοις
          θεωρήσειεν· μέλλοντος γὰρ πλεῖν μετὰ τοσούτων ἐπὶ τηλικαύτην πρᾶξιν<note resp="ed"
            xml:lang="en" anchored="true"><foreign xml:lang="greek">πρᾶξιν ΔΘΛ</foreign> vulg.:
              <foreign xml:lang="greek">πόλιν Γ.</foreign></note> τὸ μέγεθος καὶ πάντων τῶν δεινῶν
          πλησίον ὄντων οὔτʼ ἐκεῖνος ἠθύμησεν οὔτε τῶν παρακληθέντων οὐδεὶς ἀποστῆναι τῶν κινδύνων
          ἠξίωσεν, ἀλλʼ οἱ μὲν ὥσπερ θεῷ συνακολουθοῦντες ἅπαντες ἐνέμειναν τοῖς ὡμολογημένοις, ὁ δʼ
          ὥσπερ ἢ στρατόπεδον ἔχων κρεῖττον τῶν ἀντιπάλων ἢ προειδὼς τὸ συμβησόμενον οὕτω διέκειτο
          τὴν γνώμην. </p>
      </div>
      <div subtype="section" type="textpart" n="30">
        <p>δῆλον δʼ ἐκ τῶν ἔργων· ἀποβὰς γὰρ εἰς τὴν νῆσον οὐχ ἡγήσατο δεῖν χωρίον ἐχυρὸν καταλαβὼν
          καὶ τὸ σῶμʼ ἐν ἀσφαλείᾳ καταστήσας περιιδεῖν εἴ τινες αὑτῷ τῶν πολιτῶν βοηθήσουσιν· ἀλλʼ
          εὐθύς, ὥσπερ εἶχε, ταύτης τῆς νυκτὸς διελὼν τοῦ τείχους πυλίδα καὶ ταύτῃ τοὺς μεθʼ αὑτοῦ
          διαγαγὼν προσέβαλλε πρὸς τὸ βασίλειον. </p>
      </div>
      <div subtype="section" type="textpart" n="31">
        <p>καὶ τοὺς μὲν θορύβους τοὺς ἐν τοῖς τοιούτοις καιροῖς γιγνομένους καὶ τοὺς φόβους τοὺς τῶν
          ἄλλων καὶ τὰς παρακελεύσεις τὰς ἐκείνου τί δεῖ λέγοντα διατρίβειν; γενομένων δʼ αὐτῷ τῶν
          μὲν περὶ τὸν τύραννον ἀνταγωνιστῶν, τῶν δʼ ἄλλων πολιτῶν θεατῶν, δεδιότες γὰρ τοῦ μὲν τὴν
          ἀρχήν, τοῦ δὲ τὴν ἀρετήν, </p>
      </div>
      <div subtype="section" type="textpart" n="32">
        <p>ἡσυχίαν εἶχον, οὐ πρότερον ἐπαύσατο μαχόμενος καὶ μόνος πρὸς πολλοὺς καὶ μετʼ ὀλίγων πρὸς
          ἅπαντας τοὺς ἐχθροὺς,<note resp="ed" xml:lang="en" anchored="true"><foreign
              xml:lang="greek">τοὺς ἐχθρούς ΘΛ</foreign>vulg. is bracketed by Blass.</note> πρὶν
          ἑλεῖν τὸ βασίλειον, καὶ τούς τʼ ἐχθροὺς ἐτιμωρήσατο καὶ τοῖς φίλοις ἐβοήθησεν, ἔτι δὲ τῷ
          γένει τὰς τιμὰς τὰς πατρίους ἐκομίσατο, καὶ τύραννον αὑτὸν τῆς πόλεως κατέστησεν. </p>
      </div>
      <div subtype="section" type="textpart" n="33">
        <p>ἡγοῦμαι μὲν οὖν, εἰ καὶ μηδενὸς ἄλλου μνησθείην, ἀλλʼ ἐνταῦθα καταλίποιμι τὸν λόγον,
          ῥᾴδιον ἐκ τούτων εἶναι γνῶναι τήν τʼ ἀρετὴν τὴν Εὐαγόρου καὶ τὸ μέγεθος τῶν πεπραγμένων·
          οὐ μὴν ἀλλʼ ἔτι γε σαφέστερον περὶ ἀμφοτέρων τούτων ἐκ τῶν ἐχομένων οἶμαι δηλώσειν. </p>
      </div>
      <div subtype="section" type="textpart" n="34">
        <p>τοσούτων γὰρ τυράννων ἐν ἅπαντι τῷ χρόνῳ γεγενημένων οὐδεὶς φανήσεται τὴν τιμὴν ταύτην
          κάλλιον ἐκείνου κτησάμενος. εἰ μὲν οὖν πρὸς ἕκαστον αὐτῶν τὰς πράξεις τὰς Εὐαγόρου
          παραβάλλοιμεν, οὔτʼ ἂν ὁ λόγος ἴσως τοῖς καιροῖς ἁρμόσειεν οὔτʼ ἂν ὁ χρόνος τοῖς
          λεγομένοις ἀρκέσειεν· ἢν δὲ προελόμενοι τοὺς εὐδοκιμωτάτους ἐπὶ τούτων σκοπῶμεν, οὐδὲν μὲν
          χεῖρον ἐξετῶμεν, πολὺ δὲ συντομώτερον διαλεχθησόμεθα περὶ αὐτῶν. </p>
      </div>
      <div subtype="section" type="textpart" n="35">
        <p>τῶν μὲν οὖ τὰς πατρικὰς βασιλείας παραλαβόντων τίς οὐκ ἂν τοὺς Εὐαγόρου κινδύνους
          προκρίνειεν; οὐδεὶς γάρ ἐστιν οὕτω ῥᾴθυμος, ὅστις ἂν δέξαιτο παρὰ τῶν προγόνων τὴν ἀρχὴν
          ταύτην παραλαβεῖν μᾶλλον ἢ κτησάμενος ὥσπερ ἐκεῖνος τοῖς παισὶ τοῖς αὑτοῦ καταλιπεῖν. </p>
      </div>
      <div subtype="section" type="textpart" n="36">
        <p>καὶ μὴν τῶν γε παλαιῶν καθόδων αὗται μάλιστʼ εὐδοκιμοῦσιν ἃς παρὰ τῶν ποιητῶν ἀκούομεν·
          οὗτοι γὰρ οὐ μόνον τῶν γεγενημένων τὰς καλλίστας ἡμῖν ἀπαγγέλλουσιν, ἀλλὰ καὶ παρʼ αὑτῶν
          καινὰς συντιθέασιν. ἀλλʼ ὅμως οὐδεὶς αὐτῶν μεμυθολόγηκεν, ὅστις οὕτω δεινοὺς καὶ φοβεροὺς
          ποιησάμενος τοὺς κινδύνους εἰς τὴν αὑτοῦ κατῆλθεν· ἀλλʼ οἱ μὲν πλεῖστοι πεποίηνται διὰ
          τύχην λαβόντες τὰς βασιλείας, οἱ δὲ μετὰ δόλου καὶ τέχνης περιγενόμενοι τῶν ἐχθρῶν. </p>
      </div>
      <div subtype="section" type="textpart" n="37">
        <p>ἀλλὰ μὴν τῶν γʼ ἐπὶ τάδε γεγενημένων, ἴσως δὲ καὶ τῶν ἁπάντων, Κῦρον τὸν Μήδων μὲν
          ἀφελόμενον τὴν ἀρχήν, Πέρσαις δὲ κτησάμενον, καὶ πλεῖστοι καὶ μάλιστα θαυμάζουσιν. ἀλλʼ ὁ
          μὲν τῷ Περσῶν στρατοπέδῳ τὸ Μήδων ἐνίκησεν, ὃ πολλοὶ καὶ τῶν Ἑλλήνων καὶ τῶν βαρβάρων
          ῥᾳδίως ἂν ποιήσειαν· ὁ δὲ διὰ τῆς ψυχῆς τῆς αὑτοῦ καὶ τοῦ σώματος τὰ πλεῖστα φαίνεται τῶν
          προειρημένων διαπραξάμενος. </p>
      </div>
      <div subtype="section" type="textpart" n="38">
        <p>ἔπειτʼ ἐκ μὲν τῆς Κύρου στρατηγίας οὔπω δῆλον ὅτι καὶ τοὺς Εὐαγόρου κινδύνους ἂν
          ὑπέμεινεν, ἐκ δὲ τῶν τούτῳ πεπραγμένων ἅπασι φανερόν, ὅτι ῥᾳδίως ἂν κἀκείνοις τοῖς ἔργοις
          ἐπεχείρησεν. πρὸς δὲ τούτοις τῷ μὲν ὁσίως καὶ δικαίως ἅπαντα πέπρακται, τῷ δʼ οὐκ εὐσεβῶς
          ἔνια συμβέβηκεν· ὁ μὲν γὰρ τοὺς ἐχθροὺς ἀπώλεσε, Κῦρος δὲ τὸν πατέρα τὸν τῆς μητρὸς
          ἀπέκτεινεν. ὥστʼ εἴ τινες βούλοιντο μὴ τὸ μέγεθος τῶν συμβάντων ἀλλὰ τὴν ἀρετὴν τὴν
          ἑκατέρου κρίνειν, δικαίως ἂν Εὐαγόραν καὶ τούτου μᾶλλον ἐπαινέσειαν. </p>
      </div>
      <div subtype="section" type="textpart" n="39">
        <p>εἰ δὲ δεῖ συντόμως καὶ μηδὲν ὑποστειλάμενον μηδὲ δείσαντα τὸν φθόνον, ἀλλὰ παρρησίᾳ
          χρησάμενον εἰπεῖν, οὐδεὶς οὔτε θνητὸς οὔθʼ ἡμίθεος οὔτʼ ἀθάνατος εὑρεθήσεται κάλλιον οὐδὲ
          λαμπρότερον οὐδʼ εὐσεβέστερον λαβὼν ἐκείνου τὴν βασιλείαν. καὶ τούτοις ἐκείνως ἄν τις
          μάλιστα πιστεύσειεν, εἰ σφόδρα τοῖς λεγομένοις ἀπιστήσας ἐξετάζειν ἐπιχειρήσειεν, ὅπως
          ἕκαστος ἐτυράννευσεν. φανήσομαι γὰρ οὐκ ἐκ παντὸς τρόπου μεγάλα λέγειν προθυμούμενος, ἀλλὰ
          διὰ τὴν τοῦ πράγματος ἀλήθειαν οὕτω περὶ αὐτοῦ θρασέως εἰρηκώς. </p>
      </div>
      <div subtype="section" type="textpart" n="40">
        <p>εἰ μὲν οὖν ἐπὶ μικροῖς διήνεγκε, τοιούτων ἂν καὶ τῶν λόγων αὐτῷ προσῆκεν ἀξιοῦσθαι· νῦν
          δʼ ἅπαντες ἂν ὁμολογήσειαν τυραννίδα καὶ τῶν θείων ἀγαθῶν καὶ τῶν ἀνθρωπίνων μέγιστον καὶ
          σεμνότατον καὶ περιμαχητότατον εἶναι. τὸν δὴ τὸ κάλλιστον τῶν ὄντων κάλλιστα κτησάμενον
          τίς ἂν ἢ ποιητὴς ἢ λόγων εὑρετὴς ἀξίως τῶν πεπραγμένων ἐπαινέσειεν; </p>
      </div>
      <div subtype="section" type="textpart" n="41">
        <p>οὐ τοίνυν ἐν τούτοις ὑπερβαλόμενος ἐν τοῖς ἄλλοις εὑρεθήσεται καταδεέστερος γενόμενος,
          ἀλλὰ πρῶτον μὲν εὐφυέστατος ὢν τὴν γνώμην καὶ πλεῖστα κατορθοῦν δυνάμενος ὅμως οὐκ ᾠήθη
          δεῖν ὀλιγωρεῖν οὐδʼ αὐτοσχεδιάζειν περὶ τῶν πραγμάτων, ἀλλʼ ἐν τῷ ζητεῖν καὶ φροντίζειν
          καὶ βουλεύεσθαι τὸν πλεῖστον τοῦ χρόνου διέτριβεν, ἡγούμενος μέν, εἰ καλῶς τὴν αὑτοῦ
          φρόνησιν παρασκευάσειεν, καλῶς<note resp="ed" xml:lang="en" anchored="true"><foreign
              xml:lang="greek">καλῶς Γ· ὁμοίως</foreign>Blass.</note> αὑτῷ καὶ τὴν βασιλείαν ἕξειν,
          θαυμάζων δʼ ὅσοι τῶν μὲν ἄλλων ἕνεκα τῆς ψυχῆς ποιοῦνται τὴν ἐπιμέλειαν, αὐτῆς δὲ ταύτης
          μηδὲν τυγχάνουσι φροντίζοντες. </p>
      </div>
      <div subtype="section" type="textpart" n="42">
        <p>ἔπειτα καὶ περὶ τῶν πραγμάτων τὴν αὐτὴν διάνοιαν εἶχεν· ὁρῶν γὰρ τοὺς ἄριστα τῶν ὄντων
          ἐπιμελουμένους ἐλάχιστα λυπουμένους, καὶ τὰς ἀληθινὰς τῶν ῥᾳθυμιῶν οὐκ ἐν ταῖς ἀργίαις
          ἀλλʼ ἐν ταῖς εὐπραγίαις καὶ καρτερίαις ἐνούσας, οὐδὲν ἀνεξέταστον παρέλειπεν, ἀλλʼ οὕτως
          ἀκριβῶς καὶ τὰς πράξεις ᾔδει καὶ τῶν πολιτῶν ἕκαστον ἐγίγνωσκεν ὥστε μήτε τοὺς
          ἐπιβουλεύοντας αὐτῷ φθάνειν μήτε τοὺς ἐπιεικεῖς ὄντας λανθάνειν, ἀλλὰ πάντας τυγχάνειν τῶν
          προσηκόντων· οὐ γὰρ ἐξ ὧν ἑτέρων ἤκουεν οὔτʼ ἐκόλαζεν οὔτʼ ἐτίμα τοὺς πολίτας, ἀλλʼ ἐξ ὧν
          αὐτὸς συνῄδει τὰς κρίσεις ἐποιεῖτο περὶ αὐτῶν. </p>
      </div>
      <div subtype="section" type="textpart" n="43">
        <p>ἐν τοιαύταις δʼ ἐπιμελείαις αὑτὸν καταστήσας οὐδὲ περὶ τῶν κατὰ τὴν ἡμέραν ἑκάστην
          προσπιπτόντων οὐδὲ περὶ ἓν πεπλανημένως εἶχεν, ἀλλʼ οὕτω θεοφιλῶς καὶ φιλανθρώπως διῴκει
          τὴν πόλιν ὥστε τοὺς εἰσαφικνουμένους μὴ μᾶλλον Εὐαγόραν τῆς ἀρχῆς ζηλοῦν ἢ τοὺς ἄλλους τῆς
          ὑπʼ ἐκείνου βασιλείας· ἅπαντα γὰρ τὸν χρόνον διετέλεσεν οὐδένα μὲν ἀδικῶν, τοὺς δὲ
          χρηστοὺς τιμῶν, καὶ σφόδρα μὲν ἁπάντων ἄρχων, νομίμως δὲ τοὺς ἐξαμαρτόντας κολάζων· </p>
      </div>
      <div subtype="section" type="textpart" n="44">
        <p>οὐδὲν μὲν συμβούλων δεόμενος, ὅμως δὲ τοῖς φίλοις συμβουλευόμενος· πολλὰ μὲν τῶν χρωμένων
          ἡττώμενος, ἅπαντα δὲ τῶν ἐχθρῶν περιγιγνόμενος· σεμνὸς ὢν οὐ ταῖς τοῦ προσώπου συναγωγαῖς
          ἀλλὰ ταῖς τοῦ βίου κατασκευαῖς· οὐδὲ πρὸς ἓν ἀτάκτως οὐδʼ ἀνωμάλως διακείμενος, ἀλλʼ
          ὁμοίως τὰς ἐν τοῖς ἔργοις ὁμολογίας ὥσπερ τὰς ἐν τοῖς λόγοις διαφυλάττων· </p>
      </div>
      <div subtype="section" type="textpart" n="45">
        <p>μέγα φρονῶν οὐκ ἐπὶ τοῖς διὰ τύχην ἀλλʼ ἐπὶ τοῖς διʼ αὑτὸν γιγνομένοις· τοὺς μὲν φίλους
          ταῖς εὐεργεσίαις ὑφʼ αὑτῷ ποιούμενος, τοὺς δʼ ἄλλους τῇ μεγαλοψυχίᾳ καταδουλούμενος·
          φοβερὸς ὢν οὐ τῷ πολλοῖς χαλεπαίνειν, ἀλλὰ τῷ πολὺ τὴν τῶν ἄλλων φύσιν ὑπερβάλλειν·
          ἡγούμενος τῶν ἡδονῶν, ἀλλʼ οὐκ ἀγόμενος ὑπʼ αὐτῶν· ὀλίγοις πόνοις πολλὰς ῥᾳστώνας
          κτώμενος, ἀλλʼ οὐ διὰ μικρὰς ῥᾳθυμίας μεγάλους πόνους ὑπολειπόμενος· </p>
      </div>
      <div subtype="section" type="textpart" n="46">
        <p>ὅλως οὐδὲν παραλείπων ὧν προσεῖναι δεῖ τοῖς βασιλεῦσιν, ἀλλʼ ἐξ ἑκάστης τῆς πολιτείας
          ἐξειλεγμένος τὸ βέλτιστον, καὶ δημοτικὸς μὲν ὢν τῇ τοῦ πλήθους θεραπείᾳ, πολιτικὸς δὲ τῇ
          τῆς πόλεως ὅλης διοικήσει, στρατηγικὸς δὲ τῇ πρὸς τοὺς κινδύνους εὐβουλίᾳ, τυραννικὸς<note
            resp="ed" xml:lang="en" anchored="true"><foreign xml:lang="greek">τυραννικὸς ΘΛ·
              μεγαλόφρων ΓΔ.</foreign></note> δὲ τῷ πᾶσι τούτοις διαφέρειν. καὶ ταῦθʼ ὅτι προσῆν
          Εὐαγόρᾳ, καὶ πλείω τούτων, ἐξ αὐτῶν τῶν ἔργων ῥᾴδιον καταμαθεῖν. </p>
      </div>
      <div subtype="section" type="textpart" n="47">
        <p>παραλαβὼν γὰρ τὴν πόλιν ἐκβεβαρβαρωμένην καὶ διὰ τὴν Φοινίκων ἀρχὴν οὔτε τοὺς Ἕλληνας
          προσδεχομένην οὔτε τέχνας ἐπισταμένην οὔτʼ ἐμπορίῳ χρωμένην οὔτε λιμένα κεκτημένην ταῦτά
          τε πάντα διώρθωσε καὶ πρὸς τούτοις καὶ χώραν πολλὴν προσεκτήσατο καὶ τείχη προσπεριεβάλετο
          καὶ τριήρεις ἐναυπηγήσατο καὶ ταῖς ἄλλαις κατασκευαῖς οὕτως ηὔξησε τὴν πόλιν ὥστε μηδεμιᾶς
          τῶν Ἑλληνίδων ἀπολελεῖφθαι, καὶ δύναμιν τοσαύτην ἐνεποίησεν ὥστε πολλοὺς φοβεῖσθαι τῶν
          πρότερον καταφρονούντων αὐτῆς. </p>
      </div>
      <div subtype="section" type="textpart" n="48">
        <p>καίτοι τηλικαύτας ἐπιδόσεις τὰς πόλεις λαμβάνειν οὐχ οἷόν τʼ ἐστίν, ἢν μὴ τις αὐτὰς
          διοικῇ τοιούτοις ἤθεσιν οἵοις Εὐαγόρας μὲν εἶχεν ἐγὼ δʼ ὀλίγῳ πρότερον ἐπειράθην διελθεῖν.
          ὥστʼ οὐ δέδοικα μὴ φανῶ μείζω λέγων τῶν ἐκείνῳ προσόντων, ἀλλὰ μὴ πολὺ λίαν ἀπολειφθῶ τῶν
          πεπραγμένων αὐτῷ. </p>
      </div>
      <div subtype="section" type="textpart" n="49">
        <p>τίς γὰρ ἂν ἐφίκοιτο τοιαύτης φύσεως, ὃς οὐ μόνον τὴν αὑτοῦ πόλιν πλείονος ἀξίαν ἐποίησεν
          ἀλλὰ καὶ τὸν τόπον ὅλον τὸν περιέχοντα τὴν νῆσον ἐπὶ πραότητα καὶ μετριότητα προήγαγεν;
          πρὶν μέν γε λαβεῖν Εὐαγόραν τὴν ἀρχὴν οὕτως ἀπροσοίστως καὶ χαλεπῶς εἶχον, ὥστε καὶ τῶν
          ἀρχόντων τούτους ἐνόμιζον εἶναι βελτίστους οἵτινες ὠμότατα πρὸς τοὺς Ἕλληνας διακείμενοι
          τυγχάνοιεν· </p>
      </div>
      <div subtype="section" type="textpart" n="50">
        <p>νῦν δὲ τοσοῦτον μεταπεπτώκασιν ὥσθʼ ἁμιλλᾶσθαι μὲν οἵτινες αὐτῶν δόξουσι φιλέλληνες εἶναι
          μάλιστα, παιδοποιεῖσθαι δὲ τοὺς πλείστους αὐτῶν γυναῖκας λαμβάνοντας παρʼ ἡμῶν, χαίρειν δὲ
          καὶ τοῖς κτήμασι καὶ τοῖς ἐπιτηδεύμασι τοῖς Ἑλληνικοῖς μᾶλλον ἢ τοῖς παρὰ σφίσιν αὐτοῖς,
          πλείους δὲ καὶ τῶν περὶ τὴν μουσικὴν καὶ τῶν περὶ τὴν ἄλλην παίδευσιν ἐν τούτοις τοῖς
          τόποις διατρίβειν ἢ παρʼ οἷς πρότερον εἰωθότες ἦσαν. καὶ τούτων ἁπάντων οὐδεὶς ὅστις οὐκ
          ἂν Εὐαγόραν αἴτιον εἶναι προσομολογήσειεν. </p>
      </div>
      <div subtype="section" type="textpart" n="51">
        <p>μέγιστον δὲ τεκμήριον καὶ τοῦ τρόπου καὶ τῆς ὁσιότητος τῆς ἐκείνου· τῶν γὰρ Ἑλλήνων
          πολλοὶ καὶ καλοὶ κἀγαθοὶ τὰς αὑτῶν πατρίδας ἀπολιπόντες ἦλθον εἰς Κύπρον οἰκήσοντες,
          ἡγούμενοι κουφοτέραν καὶ νομιμωτέραν εἶναι τὴν Εὐαγόρου βασιλείαν τῶν οἴκοι πολιτειῶν· ὧν
          τοὺς μὲν ἄλλους ὀνομαστὶ διελθεῖν πολὺ ἂν ἔργον εἴη· </p>
      </div>
      <div subtype="section" type="textpart" n="52">
        <p>Κόνωνα δὲ τὸν διὰ πλείστας ἀρετὰς πρωτεύσαντα τῶν Ἑλλήνων τίς οὐκ οἶδεν ὅτι δυστυχησάσης
          τῆς πόλεως<note resp="ed" xml:lang="en" anchored="true"><foreign xml:lang="greek"
              >δυστυχησάσης τῆς πόλεως Γ(2)ΘΛ· δυστυχήσας,</foreign>omitting<foreign
              xml:lang="greek">τῆς πόλεως, Γ(1),</foreign>
            <bibl n="Aristot. Rh. 1399a 5">αριστοτ. ρηετ. 1399 α 5</bibl>, Blass.</note> ἐξ ἁπάντων
          ἐκλεξάμενος ὡς Εὐαγόραν ἦλθε, νομίσας καὶ τῷ σώματι βεβαιοτάτην εἶναι τὴν παρʼ ἐκείνῳ
          καταφυγὴν καὶ τῇ πόλει τάχιστʼ ἂν αὐτὸν γενέσθαι βοηθόν. καὶ πολλὰ πρότερον ἤδη κατωρθωκὼς
          οὐδὲ περὶ ἑνὸς πώποτε πράγματος ἔδοξεν ἄμεινον ἢ περὶ τούτου βουλεύσασθαι· </p>
      </div>
      <div subtype="section" type="textpart" n="53">
        <p>συνέβη γὰρ αὐτῷ διὰ τὴν ἄφιξιν τὴν εἰς Κύπρον καὶ ποιῆσαι καὶ παθεῖν πλεῖστʼ ἀγαθά.
          πρῶτον μὲν γὰρ οὐκ ἔφθασαν ἀλλήλοις πλησιάσαντες καὶ περὶ πλείονος ἐποιήσαντο σφᾶς αὐτοὺς
          ἢ τοὺς πρότερον οἰκείους ὄντας. ἔπειτα περί τε τῶν ἄλλων ὁμονοοῦντες ἅπαντα τὸν χρόνον
          διετέλεσαν καὶ περὶ τῆς ἡμετέρας πόλεως τὴν αὐτὴν γνώμην εἶχον. </p>
      </div>
      <div subtype="section" type="textpart" n="54">
        <p>ὁρῶντες γὰρ αὐτὴν ὑπὸ Λακεδαιμονίοις οὖσαν καὶ μεγάλῃ μεταβολῇ κεχρημένην λυπηρῶς καὶ
          βαρέως ἔφερον, ἀμφότεροι προσήκοντα ποιοῦντες· τῷ μὲν γὰρ ἦν φύσει πατρίς, τὸν δὲ διὰ
          πολλὰς καὶ μεγάλας εὐεργεσίας νόμῳ πολίτην ἐπεποίηντο. σκοπουμένοις δʼ αὐτοῖς ὅπως τῶν
          συμφορῶν αὐτὴν ἀπαλλάξουσι, ταχὺν τὸν καιρὸν Λακεδαιμόνιο παρεσκεύασαν· ἄρχοντες γὰρ τῶν
          Ἑλλήνων καὶ κατὰ γῆν καὶ κατὰ θάλατταν εἰς τοῦτʼ ἀπληστίας ἦλθον, ὥστε καὶ τὴν Ἀσίαν κακῶς
          ποιεῖν ἐπεχείρησαν. </p>
      </div>
      <div subtype="section" type="textpart" n="55">
        <p>λαβόντες δʼ ἐκεῖνοι τοῦτον τὸν καιρὸν καὶ τῶν στρατηγῶν τῶν βασιλέως ἀπορούντων ὅ τι
          χρήσωνται τοῖς πράγμασιν, ἐδίδασκον αὐτοὺς μὴ κατὰ γῆν ἀλλὰ κατὰ θάλατταν ποιεῖσθαι τὸν
          πόλεμον τὸν πρὸς Λακεδαιμονίους, νομίζοντες, εἰ μὲν πεζὸν στρατόπεδον καταστήσαιντο καὶ
          τούτῳ περιγένοιντο, τὰ περὶ τὴν ἤπειρον μόνον καλῶς ἕξειν, εἰ δὲ κατὰ θάλατταν κρατήσειαν,
          ἅπασαν τὴν Ἑλλάδα τῆς νίκης ταύτης μεθέξειν. </p>
      </div>
      <div subtype="section" type="textpart" n="56">
        <p>ὅπερ συνέβη· πεισθέντων γὰρ ταῦτα τῶν στρατηγῶν καὶ ναυτικοῦ συλλεγέντος Λακεδαιμόνιοι
          μὲν κατεναυμαχήθησαν καὶ τῆς ἀρχῆς ἀπεστερήθησαν, οἱ δʼ Ἕλληνες ἠλευθερώθησαν, ἡ δὲ πόλις
          ἡμῶν τῆς τε παλαιᾶς δόξης μέρος τι πάλιν ἀνέλαβε καὶ τῶ συμμάχων ἡγεμὼν κατέστη. καὶ ταῦτʼ
          ἐπράχθη Κόνωνος μὲν στρατηγοῦντος, Εὐαγόρου δὲ τοῦτό τε παρασχόντος καὶ τῆς δυνάμεως τὴν
          πλείστην παρασκευάσαντος. </p>
      </div>
      <div subtype="section" type="textpart" n="57">
        <p>ὑπὲρ ὧν ἡμεῖς μὲν αὐτοὺς ἐτιμήσαμεν ταῖς μεγίσταις τιμαῖς καὶ τὰς εἰκόνας αὐτῶν ἐστήσαμεν
          οὗπερ τὸ τοῦ Διὸς ἄγαλμα τοῦ σωτῆρος, πλησίον ἐκείνου τε καὶ σφῶν αὐτῶν, ἀμφοτέρων
          ὑπόμνημα καὶ τοῦ μεγέθους τῆς εὐεργεσίας καὶ τῆς φιλίας τῆς πρὸς ἀλλήλους. βασιλεὺς δʼ οὐ
          τὴν αὐτὴν γνώμην ἔσχε περὶ αὐτῶν, ἀλλʼ ὅσῳ μείζω καὶ πλείονος ἄξια κατειργάσαντο, τοσούτῳ
          μᾶλλον ἔδεισεν αὐτούς. περὶ μὲν οὖν Κόνωνος ἄλλος ἡμῖν ἔσται λόγος· ὅτι δὲ πρὸς Εὐαγόραν
          οὕτως ἔσχεν, οὐδʼ αὐτὸς λαθεῖν ἐζήτησεν. </p>
      </div>
      <div subtype="section" type="textpart" n="58">
        <p>φαίνεται γὰρ μᾶλλον μὲν σπουδάσας περὶ τὸν ἐν Κύπρῳ πόλεμον ἢ περὶ τοὺς ἄλλους ἅπαντας,
          μείζω δὲ καὶ χαλεπώτερον ἐκεῖνον ἀνταγωνιστὴν νομίσας ἢ Κῦρον τὸν περὶ τῆς βασιλείας
          ἀμφισβητήσαντα. μέγιστον δὲ τεκμήριον· τοῦ μὲν γὰρ ἀκούων τὰς παρασκευὰς τοσοῦτον
          κατεφρόνησεν ὥστε διὰ τὸ μὴ φροντίζειν μικροῦ δεῖν ἔλαθεν αὐτὸν ἐπὶ τὸ βασίλειον ἐπιστάς·
          πρὸς δὲ τοῦτον οὕτως ἐκ πολλοῦ περιδεῶς ἔσχεν, ὥστε μεταξὺ πάσχων εὖ πολεμεῖν πρὸς αὐτὸν
          ἐπεχείρησε, δίκαια μὲν οὐ ποιῶν, οὐ μὴν παντάπασιν ἀλόγως βουλευσάμενος. </p>
      </div>
      <div subtype="section" type="textpart" n="59">
        <p>ἠπίστατο μὲν γὰρ πολλοὺς καὶ τῶν Ἑλλήνων καὶ τῶν βαρβάρων ἐκ ταπεινῶν καὶ φαύλων
          πραγμάτων μεγάλας δυναστείας κατεργασαμένους, ᾐσθάνετο δὲ τὴν Εὐαγόρου μεγαλοψυχίαν καὶ
          τὰς ἐπιδόσεις αὐτῷ καὶ τῆς δόξης καὶ τῶν πραγμάτων οὐ κατὰ μικρὸν γιγνομένας, ἀλλὰ καὶ τὴν
          φύσιν ἀνυπέρβλητον ἔχοντα καὶ τὴν τύχην αὐτῷ συναγωνιζομένην· </p>
      </div>
      <div subtype="section" type="textpart" n="60">
        <p> ὥστʼ οὐχ ὑπὲρ τῶν γεγενημένων ὀργιζόμενος ἀλλὰ περὶ τῶν μελλόντων φοβούμενος, οὐδὲ περὶ
          Κύπρου μόνον δεδιώς, ἀλλὰ πολὺ περὶ μειζόνων ἐποιήσατο τὸν πόλεμον πρὸς αὐτόν. οὕτω δʼ οὖν
          ὥρμησεν ὥστʼ εἰς τὴν στρατείαν ταύτην πλέον ἢ τάλαντα πεντακισχίλια καὶ μύρια κατηνάλωσεν.
        </p>
      </div>
      <div subtype="section" type="textpart" n="61">
        <p>ἀλλʼ ὅμως Εὐαγόρας πάσαις ἀπολελειμμένος ταῖς δυνάμεσιν, ἀντιτάξας τὴν αὑτοῦ γνώμην πρὸς
          τὰς οὕτως ὑπερμεγέθεις παρασκευάς, ἐπέδειξεν αὑτὸν ἐν τούτοις πολὺ θαυμαστότερον ἢ τοῖς
          ἄλλοις τοῖς προειρημένοις. ὅτε μὲν γὰρ αὐτὸν εἴων εἰρήνην ἄγειν, </p>
      </div>
      <div subtype="section" type="textpart" n="62">
        <p>τὴν αὑτοῦ πόλιν μόνην εἶχεν· ἐπειδὴ δʼ ἠναγκάσθη πολεμεῖν, τοιοῦτος ἦν καὶ τοιοῦτον εἶχε
          Πνυταγόραν τὸν υἱὸν τὸν αὑτοῦ συναγωνιστὴν ὥστε μικροῦ μὲν ἐδέησε Κύπρον ἅπασαν κατασχεῖν,
          Φοινίκην δʼ ἐπόρθησε, Τύρον δὲ κατὰ κράτος εἷλε, Κιλικίαν δὲ βασιλέως ἀπέστησε, τοσούτους
          δὲ τῶν πολεμίων ἀπώλεσεν ὥστε πολλοὺς Περσῶν πενθοῦντας τὰς αὑτῶν συμφορὰς μεμνῆσθαι τῆς
          ἀρετῆς τῆς ἐκείνου· </p>
      </div>
      <div subtype="section" type="textpart" n="63">
        <p> τελευτῶν δʼ οὕτως ἐνέπλησεν αὐτοὺς τοῦ πολεμεῖν, ὥστʼ εἰθισμένων τὸν ἄλλον χρόνον τῶν
          βασιλέων μὴ διαλλάττεσθαι τοῖς ἀποστᾶσι πρὶν κύριοι γένοιντο τῶν σωμάτων, ἄσμενοι τὴν
          εἰρήνην ἐποιήσαντο, λύσαντες μὲν τὸν νόμον τοῦτον, οὐδὲν δὲ κινήσαντες τῆς Εὐαγόρου
          τυραννίδος. </p>
      </div>
      <div subtype="section" type="textpart" n="64">
        <p>καὶ Λακεδαιμονίων μὲν τῶν καὶ δόξαν καὶ δύναμιν μεγίστην ἐχόντων κατʼ ἐκεῖνον τὸν χρόνον
          ἐντὸς τριῶν ἐτῶν ἀφείλετο τὴν ἀρχήν, Εὐαγόρα δὲ πολεμήσας ἔτη δέκα τῶν αὐτῶν κύριον αὐτὸν
          κατέλιπεν, ὧνπερ ἦν καὶ πρὶν εἰς τὸν πόλεμον εἰσελθεῖν. ὃ δὲ πάντων δεινότατον· τὴν γὰρ
          πόλιν, ἣν Εὐαγόρας ἑτέρου τυραννοῦντος μετὰ πεντήκοντʼ ἀνδρῶν εἷλε, ταύτην βασιλεὺς ὁ
          μέγας τοσαύτην δύναμιν ἔχων οὐχ οἷός τʼ ἐγένετο χειρώσασθαι. </p>
      </div>
      <div subtype="section" type="textpart" n="65">
        <p>καίτοι πῶς ἄν τις τὴν ἀνδρίαν ἢ τὴν φρόνησιν ἢ σύμπασαν τὴν ἀρετὴν τὴν Εὐαγόρου
          φανερώτερον ἐπιδείξειεν ἢ διὰ τοιούτων ἔργων καὶ κινδύνων; οὐ γὰρ μόνον φανεῖται τοὺς
          ἄλλους πολέμους, ἀλλὰ καὶ τὸν τῶν ἡρώων ὑπερβαλόμενος, τὸν ὑπὸ πάντων ἀνθρώπων ὑμνούμενον.
          οἱ μὲν γὰρ μεθʼ ἁπάσης τῆς Ἑλλάδος Τροίαν μόνην εἷλον, ὁ δὲ μίαν πόλιν ἔχων πρὸς ἅπασαν
          τὴν Ἀσίαν ἐπολέμησεν· ὥστʼ εἰ τοσοῦτοι τὸ πλῆθος ἐγκωμιάζειν αὐτὸν ἠβουλήθησαν ὅσοι περ
          ἐκείνους, πολὺ ἂν μείζω καὶ τὴν δόξαν αὐτῶν ἔλαβεν. </p>
      </div>
      <div subtype="section" type="textpart" n="66">
        <p>τίνα γὰρ εὑρήσομεν τῶν τότε γενομένων, εἰ τοὺς μύθους ἀφέντες τὴν ἀλήθειαν σκοποῖμεν,
          τοιαῦτα διαπεπραγμένον, ἢ τίνα τοσούτων μεταβολῶν ἐν τοῖς πράγμασιν αἴτιον γεγενημένον; ὃς
          αὑτὸν μὲν ἐξ ἰδιώτου τύραννον κατέστησε, τὸ δὲ γένος ἅπαν ἀπεληλαμένον τῆς πολιτείας εἰς
          τὰς προσηκούσας τιμὰς πάλιν ἐπανήγαγε, τοὺς δὲ πολίτας ἐκ βαρβάρων μὲν Ἕλληνας ἐποίησεν,
        </p>
      </div>
      <div subtype="section" type="textpart" n="67">
        <p>ἐξ ἀνάνδρων δὲ πολεμικούς, ἐξ ἀδόξων δʼ ὀνομαστούς, τὸν δὲ τόπον ἄμικτον ὅλον παραλαβὼν
          καὶ παντάπασιν ἐξηγριωμένον ἡμερώτερον καὶ πραότερον κατέστησεν, ἔτι δὲ πρὸς τούτοις εἰς
          ἔχθραν μὲν βασιλεῖ καταστὰς οὕτως αὐτὸν ἠμύνατο καλῶς ὥστʼ ἀείμνηστον γεγενῆσθαι τὸν
          πόλεμον τὸν περὶ Κύπρον, ὅτε δʼ ἦν αὐτῷ σύμμαχος, τοσούτῳ χρησιμώτερον αὑτὸν παρέσχε τῶν
          ἄλλων </p>
      </div>
      <div subtype="section" type="textpart" n="68">
        <p>ὥσθʼ ὁμολογουμένως μεγίστην αὐτῷ συμβαλέσθαι δύναμιν εἰς τὴν ναυμαχίαν τὴν περὶ Κνίδον,
          ἧς γενομένης βασιλεὺς μὲν ἁπάσης τῆς Ἀσίας κύριος κατέστη, Λακεδαιμόνιοι δʼ ἀντὶ τοῦ τὴν
          ἤπειρον πορθεῖν περὶ τῆς αὑτῶν κινδυνεύειν ἠναγκάσθησαν, οἱ δʼ Ἕλληνες ἀντὶ δουλείας
          αὐτονομίας ἔτυχον, Ἀθηναῖοι δὲ τοσοῦτον ἐπέδοσαν ὥστε τοὺς πρότερον αὐτῶν ἄρχοντας ἐλθεῖν
          αὐτοῖς τὴν ἀρχὴν δώσοντας. </p>
      </div>
      <div subtype="section" type="textpart" n="69">
        <p>ὥστʼ εἴ τις ἔροιτό με, τί νομίζω μέγιστον εἶναι τῶν Εὐαγόρᾳ πεπραγμένων, πότερον τὰς
          ἐπιμελείας καὶ τὰς παρασκευὰς τὰς πρὸς Λακεδαιμονίους ἐξ ὧν τὰ προειρημένα γέγονεν, ἢ τὸν
          τελευταῖον πόλεμον, ἢ τὴν κατάληψιν τῆς βασιλείας, ἢ τὴν ὅλην τῶν πραγμάτων διοίκησιν, εἰς
          πολλὴν ἀπορίαν ἂν κατασταίην· ἀεὶ γάρ μοι δοκεῖ μέγιστον εἶναι καὶ θαυμαστότατον καθʼ ὅ τι
          ἂν αὐτῶν ἐπιστήσω τὴν διάνοιαν. </p>
      </div>
      <div subtype="section" type="textpart" n="70">
        <p>ὥστʼ εἴ τινες τῶν προγεγενημένων διʼ ἀρετὴν ἀθάνατοι γεγόνασιν, οἶμαι κἀκεῖνον ἠξιῶσθαι
          ταύτης τῆς δωρεᾶς, σημείοις χρώμενος ὅτι καὶ τὸν ἐνθάδε χρόνον εὐτυχέστερον καὶ
          θεοφιλέστερον ἐκείνων διαβεβίωκεν. τῶν μὲν γὰρ ἡμιθέων τοὺς πλείστους καὶ τοὺς
          ὀνομαστοτάτους εὑρήσομεν ταῖς μεγίσταις συμφοραῖς περιπεσόντας, Εὐαγόρας δʼ οὐ μόνον
          θαυμαστότατος ἀλλὰ καὶ μακαριστότατος ἐξ ἀρχῆς ὢν διετέλεσεν. </p>
      </div>
      <div subtype="section" type="textpart" n="71">
        <p>τί γὰρ ἀπέλιπεν εὐδαιμονίας, ὃς τοιούτων μὲν προγόνων ἔτυχεν οἵων οὐδεὶς ἄλλος, πλὴν εἴ
          τις ἀπὸ τῶν αὐτῶν ἐκείνῳ γέγονεν, τοσοῦτον δὲ καὶ τῷ σώματι καὶ τῇ γνώμῃ τῶν ἄλλων
          διήνεγκεν ὥστε μὴ μόνον Σαλαμῖνος ἀλλὰ καὶ τῆς Ἀσίας ἁπάσης ἄξιος εἶναι τυραννεῖν,
          κάλλιστα δὲ κτησάμενος τὴν βασιλείαν ἐν ταύτῃ τὸν βίον διετέλεσε, θνητὸς δὲ γενόμενος
          ἀθάνατον τὴν περὶ αὑτοῦ μνήμην κατέλιπε, τοσοῦτον δʼ ἐβίω χρόνον ὥστε μήτε τοῦ γήρως
          ἄμοιρος γενέσθαι μήτε τῶν νόσων μετασχεῖν τῶν διὰ ταύτην τὴν ἡλικίαν γιγνομένων. </p>
      </div>
      <div subtype="section" type="textpart" n="72">
        <p>πρὸς δὲ τούτοις, ὃ δοκεῖ σπανιώτατον εἶναι καὶ χαλεπώτατον, εὐπαιδίας τυχεῖν ἅμα καὶ
          πολυπαιδίας, οὐδὲ τούτου διήμαρτεν, ἀλλὰ καὶ τοῦτʼ αὐτῷ συνέπεσεν. καὶ τὸ μέγιστον, ὅτι
          τῶν ἐξ αὑτοῦ γεγονότων οὐδένα<note resp="ed" xml:lang="en" anchored="true"><foreign
              xml:lang="greek">οὐδένα</foreign>MSS.:<foreign xml:lang="greek">οὐδὲν
            Γ(1)</foreign>and Blass.</note> κατέλιπεν ἰδιωτικοῖς ὀνόμασι προσαγορευόμενον, ἀλλὰ τὸν
          μὲν βασιλέα καλούμενον, τοὺς δʼ ἄνακτας, τὰς δʼ ἀνάσσας. ὥστʼ εἴ τινες τῶν ποιητῶν περί
          τινος τῶν προγεγενημένων ὑπερβολαῖς κέχρηνται, λέγοντες ὡς ἦν θεὸς ἐν ἀνθρώποις ἢ δαίμων
          θνητός, ἅπαντα τὰ τοιαῦτα περὶ τὴν ἐκείνου φύσιν ῥηθῆναι μάλιστʼ ἂν ἁρμόσειεν. </p>
      </div>
      <div subtype="section" type="textpart" n="73">
        <p>τῶν μὲν οὖν εἰς Εὐαγόραν πολλὰ μὲν οἶμαι παραλιπεῖν· ὑστερίζω γὰρ τῆς ἀκμῆς τῆς ἐμαυτοῦ,
          μεθʼ ἧς ἀκριβέστερον καὶ φιλοπονώτερον ἐξειργασάμην ἂν τὸν ἔπαινον τοῦτον· οὐ μὴν ἀλλὰ καὶ
          νῦν, ὅσον κατὰ τὴν ἐμὴν δύναμιν, οὐκ ἀνεγκωμίαστός ἐστιν. ἐγὼ δʼ, ὦ Νικόκλεις, ἡγοῦμαι
          καλὰ μὲν εἶναι μνημεῖα καὶ τὰς τῶν σωμάτων εἰκόνας, πολὺ μέντοι πλείονος ἀξίας τὰς τῶν
          πράξεων καὶ τῆς διανοίας, ἃς ἐν τοῖς λόγοις ἄν τις μόνον τοῖς τεχνικῶς ἔχουσι θεωρήσειεν.
        </p>
      </div>
      <div subtype="section" type="textpart" n="74">
        <p>προκρίνω δὲ ταύτας πρῶτον μὲν εἰδὼς τοὺς καλοὺς κἀγαθοὺς τῶν ἀνδρῶν οὐχ οὕτως ἐπὶ τῷ
          κάλλει τοῦ σώματος σεμνυνομένους ὡς ἐπὶ τοῖς ἔργοις καὶ τῇ γνώμῃ φιλοτιμουμένους· ἔπειθʼ
          ὅτι τοὺς μὲν τύπους ἀναγκαῖον παρὰ τούτοις εἶναι μόνοις, παρʼ οἷς ἂν σταθῶσι, τοὺς δὲ
          λόγους ἐξενεχθῆναί θʼ οἷόν τʼ ἐστὶν εἰς τὴν Ἑλλάδα καί, διαδοθέντας ἐν ταῖς τῶν εὖ
          φρονούντων διατριβαῖς, ἀγαπᾶσθαι παρʼ οἷς κρεῖττόν ἐστιν ἢ παρὰ τοῖς ἄλλοις ἅπασιν
          εὐδοκιμεῖν· </p>
      </div>
      <div subtype="section" type="textpart" n="75">
        <p>πρὸς δὲ τούτοις ὅτι τοῖς μὲν πεπλασμένοις καὶ τοῖς γεγραμμένοις οὐδεὶς ἂν τὴν τοῦ σώματος
          φύσιν ὁμοιώσειε, τοὺς δὲ τρόπους τοὺς ἀλλήλων καὶ τὰς διανοίας τὰς ἐν τοῖς λεγομένοις
          ἐνούσας ῥᾴδιόν ἐστι μιμεῖσθαι τοῖς μὴ ῥᾳθυμεῖν αἱρουμένοις, ἀλλὰ χρηστοῖς εἶναι
          βουλομένοις. </p>
      </div>
      <div subtype="section" type="textpart" n="76">
        <p>ὧν ἕνεκα καὶ μᾶλλον ἐπεχείρησα γράφειν τὸν λόγον τοῦτον, ἡγούμενος καὶ σοὶ καὶ τοῖς σοῖς
          παισὶ καὶ τοῖς ἄλλοις τοῖς ἀπʼ Εὐαγόρου γεγονόσι πολὺ καλλίστην ἂν γενέσθαι ταύτην
          παράκλησιν, εἴ τις ἀθροίσας τὰς ἀρετὰς τὰς ἐκείνου καὶ τῷ λόγῳ κοσμήσας παραδοίη θεωρεῖν
          ὑμῖν καὶ συνδιατρίβειν αὐταῖς. </p>
      </div>
      <div subtype="section" type="textpart" n="77">
        <p>τοὺς μὲν γὰρ ἄλλους προτρέπομεν ἐπὶ τὴν φιλοσοφίαν ἑτέρους ἐπαινοῦντες, ἵνα ζηλοῦντες
          τοὺς εὐλογουμένους τῶν αὐτῶν ἐκείνοις ἐπιτηδευμάτων ἐπιθυμῶσιν, ἐγὼ δὲ σὲ καὶ τοὺς σοὺς
          οὐκ ἀλλοτρίοις παραδείγμασι χρώμενος ἀλλʼ οἰκείοις παρακαλῶ, καὶ συμβουλεύω προσέχειν τὸν
          νοῦν, ὅπως καὶ λέγειν καὶ πράττειν μηδενὸς ἧττον δυνήσει τῶν Ἑλλήνων. </p>
      </div>
      <div subtype="section" type="textpart" n="78">
        <p>καὶ μὴ νόμιζέ με καταγιγνώσκειν, ὡς νῦν ἀμελεῖς, ὅτι πολλάκις σοι διακελεύομαι περὶ τῶν
          αὐτῶν. οὐ γὰρ οὔτʼ ἐμὲ λέληθας οὔτε τοὺς ἄλλους ὅτι καὶ πρῶτος καὶ μόνος τῶν ἐν τυραννίδι
          καὶ πλούτῳ καὶ τρυφαῖς ὄντων φιλοσοφεῖν καὶ πονεῖν ἐπικεχείρηκας, οὐδʼ ὅτι πολλοὺς τῶν
          βασιλέων ποιήσεις ζηλώσαντας τὴν σὴν παίδευσιν τούτων τῶν διατριβῶν ἐπιθυμεῖν, ἀφεμένους
          ἐφʼ οἷς νῦν λίαν χαίρουσιν. </p>
      </div>
      <div subtype="section" type="textpart" n="79">
        <p>ἀλλʼ ὅμως ἐγὼ ταῦτʼ εἰδὼς οὐδὲν ἧττον καὶ ποιῶ καὶ ποιήσω ταὐτὸν ὅπερ ἐν τοῖς γυμνικοῖς
          ἀγῶσιν οἱ θεαταί· καὶ γὰρ ἐκεῖνοι παρακελεύονται τῶν δρομέων οὐ τοῖς ἀπολελειμμένοις ἀλλὰ
          τοῖς περὶ τῆς νίκης ἁμιλλωμένοις. </p>
      </div>
      <div subtype="section" type="textpart" n="80">
        <p>ἐμὸν μὲν οὖν ἔργον καὶ τῶν ἄλλων φίλων τοιαῦτα καὶ λέγειν καὶ γράφειν ἐξ ὧν μέλλομέν σε
          παροξύνειν ὀρέγεσθαι τούτων, ὧνπερ καὶ νῦν τυγχάνεις ἐπιθυμῶν· σοὶ δὲ προσήκει μηδὲν
          ἐλλείπειν ἀλλʼ ὥσπερ ἐν τῷ παρόντι καὶ τὸν λοιπὸν χρόνον ἐπιμελεῖσθαι καὶ τὴν ψυχὴν
          ἀσκεῖν, ὅπως ἄξιος ἔσει καὶ τοῦ πατρὸς καὶ τῶν ἄλλων προγόνων. ὡς ἅπασι μὲν προσήκει περὶ
          πολλοῦ ποιεῖσθαι τὴν φρόνησιν, μάλιστα δʼ ὑμῖν τοῖς πλείστων καὶ μεγίστων κυρίοις οὖσιν.
        </p>
      </div>
      <div subtype="section" type="textpart" n="81">
        <p>χρὴ δʼ οὐκ ἀγαπᾶν, εἰ τῶν παρόντων τυγχάνεις ὢν ἤδη κρείττων, ἀλλʼ ἀγανακτεῖν, εἰ
          τοιοῦτος μὲν ὢν αὐτὸς τὴν φύσιν, γεγονὼς δὲ τὸ μὲν παλαιὸν ἀπὸ Διός, τὸ δʼ ὑπογυιότατον ἐξ
          ἀνδρὸς τοιούτου τὴν ἀρετήν, μὴ πολὺ διοίσεις καὶ τῶν ἄλλων καὶ τῶν ἐν ταῖς αὐταῖς σοι
          τιμαῖς ὄντων. ἔστι δʼ ἐπὶ σοὶ μὴ διαμαρτεῖν τούτων· ἂν γὰρ ἐμμένῃς τῇ φιλοσοφίᾳ καὶ
          τοσοῦτον ἐπιδιδῷς ὅσον περ νῦν, ταχέως γενήσει τοιοῦτος οἷόν σε προσήκει.</p>
      </div>
      </div>
    </body>
  </text>
</TEI>
