<?xml version="1.0" encoding="UTF-8"?> 
<?xml-model href="http://www.stoa.org/epidoc/schema/latest/tei-epidoc.rng" schematypens="http://relaxng.org/ns/structure/1.0"?>
<TEI xmlns="http://www.tei-c.org/ns/1.0">
	<teiHeader>
		<fileDesc>
			<titleStmt>
				<title>Zenothemi</title>
				<author>Demosthenes</author>
				<editor>W. Rennie</editor>
				<sponsor>Perseus Project, Tufts University</sponsor>
				<principal>Gregory Crane</principal>
				<respStmt>
					<resp>Prepared under the supervision of</resp>
					<name>Lisa Cerrato</name>
					<name>William Merrill</name>
					<name>Elli Mylonas</name>
					<name>David Smith</name>
				</respStmt>
				<funder n="org:AnnCPB">The Annenberg CPB/Project</funder>
			</titleStmt>
			<publicationStmt>
				<publisher>Trustees of Tufts University</publisher>
				<pubPlace>Medford, MA</pubPlace>
				<authority>Perseus Project</authority>
				<date type="release">1996</date>
			</publicationStmt>
			<notesStmt>
				<note>Perseus 2.0</note>
			</notesStmt>
			<sourceDesc>
				<biblStruct>
					<monogr>
						<author>Demosthenes</author>
						<title>Demosthenis. Orationes. Vol. II, Part 2. ed W. Rennie</title>
						<imprint>
							<publisher>Clarendon Press, Oxford</publisher>
							<date>1921</date>
						</imprint>
					</monogr>
					<ref target="https://archive.org/details/p2orationesrecog02demouoft">Internet
						Archive</ref>
				</biblStruct>
			</sourceDesc>
		</fileDesc>
		<encodingDesc>
			<refsDecl n="CTS">
				<cRefPattern n="section"
					matchPattern="(\w+)"
					replacementPattern="#xpath(/tei:TEI/tei:text/tei:body/tei:div/tei:div[@n='$1'])">
					<p>This pointer pattern extracts section</p>
				</cRefPattern>
			</refsDecl>
			<refsDecl>
				<refState unit="section" />
			</refsDecl>
			<editorialDecl>
				<quotation marks="none" />
			</editorialDecl>
		</encodingDesc>
		<profileDesc>
			<langUsage>
				<language ident="grc">Greek</language>
				<language ident="eng">English</language>
			</langUsage>
		</profileDesc>
		<revisionDesc>
			<change when="2018-10-23" who="Lisa Cerrato">CTS and EpiDoc conversion</change>
			<change when="2014-08-01" who="Stella Dee">edited markup</change>
			<change when="2014-07-01" who="Stella Dee">split composite text and converted to unicode</change>
		</revisionDesc>
	</teiHeader>

	<text xml:lang="grc">
		<body>
			<div type="edition" n="urn:cts:greekLit:tlg0014.tlg032.perseus-grc2" xml:lang="grc">

				<div type="textpart" subtype="section" n="1">
					<p rend="indent">ἄνδρες δικασταί, βούλομαι παραγεγραμμένος μὴ εἰσαγώγιμον εἶναι
						τὴν δίκην, περὶ τῶν νόμων πρῶτον εἰπεῖν, καθʼ οὓς παρεγραψάμην. οἱ νόμοι
						κελεύουσιν, ὦ ἄνδρες δικασταί, τὰς δίκας εἶναι τοῖς ναυκλήροις καὶ τοῖς
						ἐμπόροις τῶν Ἀθήναζε καὶ τῶν Ἀθήνηθεν συμβολαίων, καὶ περὶ ὧν ἂν ὦσι
						συγγραφαί· ἂν δέ τις παρὰ ταῦτα δικάζηται, μὴ εἰσαγώγιμον εἶναι τὴν δίκην.</p>
				</div>
				<div type="textpart" subtype="section" n="2">
					<p>τουτῳὶ τοίνυν Ζηνοθέμιδι πρὸς μὲν ἐμὲ ὅτι οὐδὲν ἦν συμβόλαιον οὐδὲ συγγραφή,
						καὐτὸς ὁμολογεῖ ἐν τῷ ἐγκλήματι· δανεῖσαι δέ φησιν Ἡγεστράτῳ ναυκλήρῳ,
						τούτου δʼ ἀπολομένου ἐν τῷ πελάγει, ἡμᾶς τὸ ναῦλον σφετερίσασθαι· τουτὶ τὸ
						ἔγκλημʼ ἐστίν. ἐκ δὴ τοῦ αὐτοῦ λόγου τήν τε δίκην οὐκ εἰσαγώγιμον οὖσαν
						μαθήσεσθε, καὶ τὴν ὅλην ἐπιβουλὴν καὶ πονηρίαν τουτουὶ τοῦ ἀνθρώπου ὄψεσθε.</p>
				</div>
				<div type="textpart" subtype="section" n="3">
					<p>δέομαι δʼ ὑμῶν πάντων, ὦ ἄνδρες δικασταί, εἴπερ ἄλλῳ τινὶ πώποτε πράγματι τὸν
						νοῦν προσέσχετε, καὶ τούτῳ προσέχειν· ἀκούσεσθε γὰρ ἀνθρώπου τόλμαν καὶ
						πονηρίαν οὐ τὴν τυχοῦσαν, ἄνπερ ἐγὼ τὰ πεπραγμένʼ αὐτῷ πρὸς ὑμᾶς πολλάκις
						εἰπεῖν δυνηθῶ. οἶμαι δέ.</p>
				</div>
				<div type="textpart" subtype="section" n="4">
					<p rend="indent">Ζηνόθεμις γὰρ οὑτοσί, ὢν ὑπηρέτης Ἡγεστράτου τοῦ ναυκλήρου, ὃν
						καὶ αὐτὸς ἔγραψεν ἐν τῷ ἐγκλήματι ὡς ἐν τῷ πελάγει ἀπώλετο (πῶς δέ, οὐ
						προσέγραψεν, ἀλλʼ ἐγὼ φράσω), ἀδίκημα τοιουτονὶ μετʼ ἐκείνου συνεσκευάσατο.
						χρήματʼ ἐν ταῖς Συρακούσαις ἐδανείζεθʼ οὗτος κἀκεῖνος. ὡμολόγει δʼ ἐκεῖνος
						μὲν πρὸς τοὺς τούτῳ δανείζοντας, εἴ τις ἔροιτο, ἐνεῖναι σῖτον ἐν τῇ νηὶ
						τούτῳ πολύν, οὗτος δὲ πρὸς τοὺς ἐκείνῳ τὸν γόμον οἰκεῖον ἔχειν αὐτὸν τῆς
						νεώς· ὢν δʼ ὁ μὲν ναύκληρος, ὁ δʼ ἐπιβάτης, ἐπιστεύοντʼ εἰκότως ἃ περὶ
						ἀλλήλων ἔλεγον.</p>
				</div>
				<div type="textpart" subtype="section" n="5">
					<p>λαμβάνοντες δὲ τὰ χρήματα, οἴκαδʼ ἀπέστελλον εἰς τὴν Μασσαλίαν, καὶ οὐδὲν εἰς
						τὴν ναῦν εἰσέφερον. οὐσῶν δὲ τῶν συγγραφῶν, ὥσπερ εἰώθασιν ἅπασαι, σωθείσης
						τῆς νεὼς ἀποδοῦναι τὰ χρήματα, ἵνʼ ἀποστερήσαιεν τοὺς δανείσαντας, τὴν ναῦν
						καταδῦσαι ἐβουλεύσαντο. ὁ μὲν οὖν Ἡγέστρατος, ὡς ἀπὸ τῆς γῆς ἀπῆραν δυοῖν ἢ
						τριῶν ἡμερῶν πλοῦν, καταβὰς τῆς νυκτὸς εἰς κοίλην ναῦν διέκοπτε τοῦ πλοίου
						τὸ ἔδαφος. οὑτοσὶ δʼ, ὡς οὐδὲν εἰδώς, ἄνω μετὰ τῶν ἄλλων ἐπιβατῶν διέτριβεν.
						ψόφου δὲ γενομένου, αἰσθάνονται οἱ ἐν τῷ πλοίῳ ὅτι κατόν τι ἐν κοίλῃ νηὶ
						γίγνεται, καὶ βοηθοῦσι κάτω.</p>
				</div>
				<div type="textpart" subtype="section" n="6">
					<p>ὡς δʼ ἡλίσκεθʼ ὁ Ἡγέστρατος καὶ δίκην δώσειν ὑπέλαβεν, φεύγει καὶ διωκόμενος
						ῥίπτει αὑτὸν εἰς τὴν θάλατταν, διαμαρτὼν δὲ τοῦ λέμβου διὰ τὸ νύκτʼ εἶναι,
						ἀπεπνίγη. ἐκεῖνος μὲν οὕτως, ὥσπερ ἄξιος ἦν, κακὸς κακῶς ἀπώλετο, ἃ τοὺς
						ἄλλους ἐπεβούλευσε ποιῆσαι, ταῦτα παθὼν αὐτός.</p>
				</div>
				<div type="textpart" subtype="section" n="7">
					<p>οὑτοσὶ δʼ ὁ κοινωνὸς αὐτοῦ καὶ συνεργὸς τὸ μὲν πρῶτον εὐθὺς ἐν τῷ πλοίῳ παρὰ
						τἀδικήματα, ὡς οὐδὲν εἰδώς, ἀλλʼ ἐκπεπληγμένος καὶ αὐτός, ἔπειθεν τὸν πρῳρέα
						καὶ τοὺς ναύτας εἰς τὸν λέμβον ἐκβαίνειν καὶ ἐκλιπεῖν τὴν ναῦν τὴν ταχίστην,
						ὡς ἀνελπίστου τῆς σωτηρίας οὔσης καὶ καταδυσομένης τῆς νεὼς αὐτίκα μάλα,
						ἵνʼ, ὅπερ διενοήθησαν, τοῦτʼ ἐπιτελεσθείη καὶ ἡ ναῦς ἀπόλοιτο καὶ τὰ
						συμβόλαιʼ ἀποστερήσαιεν.</p>
				</div>
				<div type="textpart" subtype="section" n="8">
					<p>ἀποτυχὼν δὲ τούτου, καὶ τοῦ παρʼ ἡμῶν συμπλέοντος ἐναντιωθέντος καὶ τοῖς
						ναύταις μισθούς, εἰ διασῴσειαν τὴν ναῦν, μεγάλους ἐπαγγειλαμένου, σωθείσης
						εἰς Κεφαλληνίαν τῆς νεὼς διὰ τοὺς θεοὺς μάλιστά γε, εἶτα καὶ διὰ τὴν τῶν
						ναυτῶν ἀρετήν, πάλιν μετὰ τῶν Μασσαλιωτῶν τῶν τοῦ Ἡγεστράτου πολιτῶν μὴ
						καταπλεῖν Ἀθήναζε τὸ πλοῖον ἔπραττε, λέγων ὡς αὐτός τε καὶ τὰ χρήματʼ
						ἐκεῖθέν ἐστι, καὶ ὁ ναύκληρος εἴη καὶ οἱ δεδανεικότες Μασσαλιῶται.</p>
				</div>
				<div type="textpart" subtype="section" n="9">
					<p>ἀποτυχὼν δὲ καὶ τούτου, καὶ τῶν ἀρχόντων τῶν ἐν τῇ Κεφαλληνίᾳ γνόντων Ἀθήναζε
						τὴν ναῦν καταπλεῖν, ὅθενπερ ἀνήχθη, ὃν οὐδʼ ἂν εἷς ἐλθεῖν ᾤετο δεῦρο
						τολμῆσαι τοιαῦτά γʼ ἐσκευωρημένον καὶ πεποιηκότα, οὗτος, ὦ ἄνδρες Ἀθηναῖοι,
						τοσοῦτον ὑπερβέβληκεν ἀναιδείᾳ καὶ τόλμῃ, ὥστʼ οὐκ ἐλήλυθεν μόνον, ἀλλὰ καὶ
						τοῦ σίτου τοῦ ἡμετέρου ἀμφισβητήσας ἡμῖν δίκην προσείληχεν.</p>
				</div>
				<div type="textpart" subtype="section" n="10">
					<p rend="indent">τί οὖν ποτʼ ἐστὶν τὸ αἴτιον, καὶ τῷ ποτʼ ἐπηρμένος οὗτος καὶ
						ἐλήλυθεν καὶ τὴν δίκην εἴληχεν; ἐγὼ ὑμῖν ἐρῶ, ἄνδρες δικασταί, ἀχθόμενος μὲν
						νὴ τὸν Δία καὶ θεούς, ἀναγκαζόμενος δέ. ἔστιν ἐργαστήρια μοχθηρῶν ἀνθρώπων
						συνεστηκότων ἐν τῷ Πειραιεῖ· οὓς οὐδʼ ὑμεῖς ἀγνοήσετʼ ἰδόντες.</p>
				</div>
				<div type="textpart" subtype="section" n="11">
					<p>ἐκ τούτων ἕνα, ἡνίχʼ οὗτος ἔπραττεν ὅπως ἡ ναῦς μὴ καταπλεύσεται δεῦρο,
						πρεσβευτὴν ἐκ βουλῆς τινα λαμβάνομεν γνώριμον οὑτωσί, ὅ τι δʼ ἦν οὐκ
						εἰδότες, ἀτύχημʼ οὐδὲν ἔλαττον, εἰ οἷόν τʼ εἰπεῖν, ἀτυχήσαντες ἢ τὸ ἐξ ἀρχῆς
						πονηροῖς ἀνθρώποις συμμεῖξαι. οὗτος ὁ πεμφθεὶς ὑφʼ ἡμῶν (Ἀριστοφῶν ὄνομʼ
						αὐτῷ), ὃς καὶ τὰ τοῦ Μικκαλίωνος πράγματʼ ἐσκευώρηται (ταῦτα γὰρ νῦν
						ἀκούομεν), ἠργολάβηκεν αὐτὸς καὶ κατεπήγγελται τουτῳί, καὶ ὅλως ἐστὶν ὁ
						πάντα πράττων οὗτος· ὁδὶ δʼ ἅσμενος δέδεκται ταῦτα.</p>
				</div>
				<div type="textpart" subtype="section" n="12">
					<p>ὡς γὰρ διήμαρτεν τοῦ διαφθαρῆναι τὸ πλοῖον, οὐκ ἔχων ἀποδοῦναι τὰ χρήματα
						τοῖς δανείσασιν (πῶς γάρ; ἅ γʼ ἐξ ἀρχῆς μὴ ἐνέθετο) ἀντιποιεῖται τῶν
						ἡμετέρων, καί φησι τῷ Ἡγεστράτῳ ἐπὶ τούτῳ τῷ σίτῳ δεδανεικέναι ὃν ὁ παρʼ
						ἡμῶν ἐπιπλέων ἐπρίατο. οἱ δὲ δανεισταὶ τὸ ἐξ ἀρχῆς ἐξηπατημένοι, ὁρῶντες
						ἑαυτοῖς ἀντὶ τῶν χρημάτων ἄνθρωπον πονηρὸν χρήστην, ἄλλο δʼ οὐδέν, ἐλπίδʼ
						ἔχοντες ὑπὸ τούτου παρακρουσθέντων ὑμῶν ἐκ τῶν ἡμετέρων ἀπολήψεσθαι τὰ
						ἑαυτῶν, ὃν ἴσασιν ψευδόμενον ταῦτα καθʼ ἡμῶν, τούτῳ συνδικεῖν ἀναγκάζονται
						τοῦ συμφέροντος εἵνεκα τοῦ ἑαυτῶν.</p>
				</div>
				<div type="textpart" subtype="section" n="13">
					<p rend="indent">τὸ μὲν οὖν πρᾶγμʼ ὑπὲρ οὗ τὴν ψῆφον οἴσετε, ὡς εἰπεῖν ἐν
						κεφαλαίῳ, τοιοῦτόν ἐστιν. βούλομαι δὲ τοὺς μάρτυρας ὧν λέγω πρῶτον ὑμῖν
						παρασχόμενος, μετὰ ταῦτʼ ἤδη καὶ τἄλλα διδάσκειν. καί μοι λέγε τὰς
						μαρτυρίας.</p>
					<p rend="center">
						<label>ΜΑΡΤΥΡΙΑΙ.</label>
					</p>
				</div>
				<div type="textpart" subtype="section" n="14">
					<p rend="indent">ἐπειδὴ τοίνυν ἀφίκετο δεῦρο τὸ πλοῖον, γνόντων τῶν Κεφαλλήνων
						ἀντιπράττοντος τούτου, ὅθεν ἐξέπλευσε τὸ πλοῖον, ἐνταῦθα καὶ καταπλεῖν αὐτό,
						τὴν μὲν ναῦν οἱ ἐπὶ τῇ νηὶ δεδανεικότες ἐνθένδʼ εὐθέως εἶχον, τὸν δὲ σῖτον ὁ
						ἠγορακὼς εἶχεν· ἦν δʼ οὗτος ὁ ἡμῖν τὰ χρήματʼ ὀφείλων. μετὰ ταῦθʼ ἧκεν οὗτος
						ἔχων τὸν παρʼ ἡμῶν πεμφθέντα πρεσβευτήν, τὸν Ἀριστοφῶντα, καὶ ἠμφεσβήτει τοῦ
						σίτου, φάσκων Ἡγεστράτῳ δεδανεικέναι.</p>
				</div>
				<div type="textpart" subtype="section" n="15">
					<p><q>τί λέγεις, ἄνθρωπε;</q> εὐθέως ὁ Πρῶτος (τοῦτο γὰρ ἦν τοὔνομα τῷ τὸν σῖτον
						εἰσαγαγόντι, τῷ τὰ χρήμαθʼ ἡμῖν ὀφείλοντι) <q>σὺ χρήματα δέδωκας Ἡγεστράτῳ,
						μεθʼ οὗ τοὺς ἄλλους ἐξηπάτηκας, ὅπως δανείσηται, καὶ σοὶ πολλάκις λέγοντος
						ὅτι τοῖς προϊεμένοις ἀπολεῖται τὰ χρήματα; σὺ οὖν ταῦτʼ ἀκούων αὐτὸς ἂν
						προήκω;</q> ἔφη καὶ ἀναιδὴς ἦν. <q>οὐκοῦν εἰ τὰ μάλιστʼ ἀληθῆ λέγεις,</q>
						τῶν παρόντων τις ὑπέλαβεν, <q>ὁ σὸς κοινωνὸς καὶ πολίτης, ὁ Ἡγέστρατος, ὡς
						ἔοικεν, ἐξηπάτηκέν σε, καὶ ὑπὲρ τούτων αὐτὸς αὑτῷ θανάτου τιμήσας ἀπόλωλεν.</q></p>
				</div>
				<div type="textpart" subtype="section" n="16">
					<p><q>καὶ ὅτι γʼ,</q> ἔφη τις τῶν παρόντων, <q>ἁπάντων ἐστὶ συνεργὸς οὗτος
						ἐκείνῳ, σημεῖον ὑμῖν ἐρῶ· πρὸ γὰρ τοῦ διακόπτειν ἐπιχειρῆσαι τὴν ναῦν,
						τίθενται πρός τινα τῶν συμπλεόντων οὗτος καὶ ὁ Ἡγέστρατος συγγραφήν. καίτοι
						εἰ μὲν εἰς πίστιν ἔδωκας, τί πρὸ τοῦ κακουργήματος ἂν τὰ βέβαιʼ ἐποιοῦ; εἰ
						δʼ ἀπιστῶν ἐτύγχανες, τί οὐχ, ὥσπερ οἱ ἄλλοι, τὰ δίκαιʼ ἐλάμβανες ἐν τῇ γῇ;</q></p>
				</div>
				<div type="textpart" subtype="section" n="17">
					<p> τί ἂν τὰ πολλὰ λέγοι τις; ἦν γὰρ οὐδʼ ὁτιοῦν πλέον ἡμῖν ταῦτα λέγουσιν, ἀλλʼ
						εἴχετο τοῦ σίτου. ἐξῆγεν αὐτὸν Πρῶτος καὶ ὁ κοινωνὸς τοῦ Πρώτου, Φέρτατος·
						οὑτοσὶ δʼ οὐκ ἐξήγετο, οὐδʼ ἂν ἔφη διαρρήδην ὑπʼ οὐδενὸς ἐξαχθῆναι, εἰ μὴ
						αὐτὸν ἐγὼ ἐξάξω.</p>
				</div>
				<div type="textpart" subtype="section" n="18">
					<p>μετὰ ταῦτα προὐκαλεῖθʼ ὁ Πρῶτος αὐτὸν καὶ ἡμεῖς ἐπὶ τὴν ἀρχὴν τὴν τῶν
						Συρακοσίων, κἂν μὲν ἐωνημένος τὸν σῖτον ἐκεῖνος φαίνηται καὶ τὰ τέλη κείμενʼ
						ἐκείνῳ καὶ τὰς τιμὰς ὁ διαλύων ἐκεῖνος, τοῦτον πονηρὸν ὄντʼ ἀξιοῦμεν
						ζημιοῦσθαι, εἰ δὲ μή, καὶ τὰ διάφορʼ ἀπολαβεῖν καὶ τάλαντον προσλαβεῖν, καὶ
						τοῦ σίτου ἀφιστάμεθα. ταῦτʼ ἐκείνου προκαλουμένου καὶ λέγοντος καὶ ἡμῶν
						οὐδὲν ἦν πλέον, ἀλλʼ ἦν αἵρεσις ἢ τοῦτον ἐξάγειν ἢ ἀπολωλεκέναι σωθέντα καὶ
						παρόντα τὰ ἡμέτερʼ αὐτῶν.</p>
				</div>
				<div type="textpart" subtype="section" n="19">
					<p>ὁ γὰρ αὖ Πρῶτος διεμαρτύρετʼ ἐξάγειν, βεβαιῶν ἀναπλεῖν ἐθέλειν εἰς τὴν
						Σικελίαν· εἰ δὲ ταῦτʼ ἐθέλοντος αὑτοῦ προησόμεθʼ ἡμεῖς τούτῳ τὸν σῖτον,
						οὐδὲν αὑτῷ μέλειν. καὶ ὅτι ταῦτʼ ἀληθῆ λέγω, καὶ οὔτʼ ἂν ἐξαχθῆναι ἔφη, εἰ
						μὴ ὑπʼ ἐμοῦ, οὔθʼ ἃ προὐκαλεῖτο περὶ τοῦ ἀναπλεῖν ἐδέχετο, ἔν τε τῷ πλῷ τὴν
						συγγραφὴν ἔθετο, λέγε τὰς μαρτυρίας.</p>
					<p rend="center">
						<label>ΜΑΡΤΥΡΙΑΙ.</label>
					</p>
				</div>
				<div type="textpart" subtype="section" n="20">
					<p rend="indent">ἐπειδὴ τοίνυν οὔτʼ ἐξάγεσθαι ἤθελεν ὑπὸ τοῦ Πρώτου οὔτʼ εἰς τὴν
						Σικελίαν ἀναπλεῖν ἐπὶ τὰ δίκαια, προειδώς θʼ ἅπαντʼ ἐφαίνετο, ἃ ὁ Ἡγέστρατος
						ἐκακούργει, λοιπὸν ἦν ἡμῖν τοῖς ἐνθένδε μὲν πεποιημένοις τὸ συμβόλαιον,
						παρειληφόσι δὲ τὸν σῖτον παρὰ τοῦ δικαίως ἐκεῖ πριαμένου, ἐξάγειν τοῦτον.</p>
				</div>
				<div type="textpart" subtype="section" n="21">
					<p>τί γὰρ ἂν καὶ ἄλλʼ ἐποιοῦμεν; οὔπω γὰρ τοῦτό γʼ οὐδεὶς ἡμῶν τῶν κοινωνῶν
						ὑπέλαβεν, ὡς ὑμεῖς γνώσεσθέ ποτʼ εἶναι τούτου τὸν σῖτον, ὃν καταλιπεῖν οὗτος
						ἔπειθεν τοὺς ναύτας, ὅπως ἀπόλοιτο τοῦ πλοίου καταδύντος. ὃ καὶ μέγιστόν
						ἐστι σημεῖον τοῦ μηδὲν προσήκειν αὐτῷ. τίς γὰρ ἂν τὸν ἑαυτοῦ σῖτον ἔπειθε
						προέσθαι τοὺς σῴζειν βουλομένους; ἢ τίς οὐκ ἂν ἔπλει δεξάμενος τὴν πρόκλησιν
						εἰς τὴν Σικελίαν, οὗ ταῦτʼ ἦν ἐλέγξαι καθαρῶς.</p>
				</div>
				<div type="textpart" subtype="section" n="22">
					<p>καὶ μὴν οὐδὲ τοῦτʼ ἐμέλλομεν ὑμῶν καταγνώσεσθαι, ὡς εἰσαγώγιμον ψηφιεῖσθε
						τούτῳ τὴν δίκην περὶ τούτων τῶν χρημάτων, ἃ κατὰ πολλοὺς τρόπους οὗτος
						ἔπραττεν ὅπως μὴ εἰσαγώγιμα δεῦρʼ ἔσται, πρῶτον μὲν ὅτʼ αὐτὰ καταλιπεῖν τοὺς
						ναύτας ἔπειθεν, εἶθʼ ὅτʼ ἐν Κεφαλληνίᾳ μὴ δεῦρο πλεῖν τὴν ναῦν ἔπραττεν.</p>
				</div>
				<div type="textpart" subtype="section" n="23">
					<p>πῶς γὰρ οὐκ αἰσχρὸν καὶ δεινὸν ἂν γένοιτο, εἰ Κεφαλλῆνες μέν, ὅπως τοῖς
						Ἀθηναίοις σωθῇ τὰ χρήματα, δεῦρο πλεῖν τὴν ναῦν ἔκριναν, ὑμεῖς δʼ ὄντες
						Ἀθηναῖοι τὰ τῶν πολιτῶν τοῖς καταποντίσαι βουληθεῖσιν δοῦναι γνοίητε, καὶ ἃ
						μὴ καταπλεῖν ὅλως οὗτος δεῦρʼ ἔπραττεν, ταῦτʼ εἰσαγώγιμα τούτῳ ψηφίσαισθε;
						μὴ δῆτʼ, ὦ Ζεῦ καὶ θεοί. λέγε δή μοι τί παραγέγραμμαι.</p>
					<p rend="center">
						<label>ΠΑΡΑΓΡΑΦΗ.</label>
					</p>
					<p rend="indent">λέγε δή μοι τὸν νόμον.</p>
					<p rend="center">
						<label>ΝΟΜΟΣ.</label>
					</p>
				</div>
				<div type="textpart" subtype="section" n="24">
					<p rend="indent">ὅτι μὲν τοίνυν ἐκ τῶν νόμων παρεγραψάμην μὴ εἰσαγώγιμον εἶναι
						τὴν δίκην, ἱκανῶς οἴομαι δεδεῖχθαι· τέχνην δʼ ἀκούσεσθε τοῦ σοφοῦ τοῦ ταῦτα
						πάντα συντεθηκότος, τοῦ Ἀριστοφῶντος. ὡς γὰρ ἐκ τῶν πραγμάτων ἁπλῶς οὐδὲν
						ἑώρων δίκαιον ἑαυτοῖς ἐνόν, ἐπικηρυκεύονται τῷ Πρώτῳ καὶ πείθουσι τὸν
						ἄνθρωπον ἐνδοῦναι τὰ πράγμαθʼ ἑαυτοῖς, πράττοντες μὲν ὡς ἔοικεν καὶ ἐξ ἀρχῆς
						τοῦτο, ὡς ἡμῖν νῦν φανερὸν γέγονεν, οὐ δυνάμενοι δὲ πεῖσαι.</p>
				</div>
				<div type="textpart" subtype="section" n="25">
					<p>ὁ γὰρ Πρῶτος, ἕως μὲν ᾤετο τὸν σῖτον κέρδος ἐλθόντα ποιήσειν, ἀντείχετο
						τούτου, καὶ μᾶλλον ᾑρεῖτʼ αὐτός τε κερδᾶναι καὶ ἡμῖν τὰ δίκαιʼ ἀποδοῦναι, ἢ
						κατακοινωνήσας τούτοις τῆς μὲν ὠφελίας τούτους ποιῆσαι μερίτας, ἡμᾶς δʼ
						ἀδικῆσαι· ὡς δὲ δεῦρʼ ἥκοντος αὐτοῦ καὶ περὶ ταῦτα πραγματευομένου, ἐπανῆκεν
						ὁ σῖτος, ἄλλην εὐθέως ἔλαβεν γνώμην.</p>
				</div>
				<div type="textpart" subtype="section" n="26">
					<p>καὶ ἅμα (εἰρήσεται γάρ, ἄνδρες Ἀθηαῖοι, πᾶσα πρὸς ὑμᾶς ἡ ἀλήθεια) καὶ ἡμεῖς
						οἱ δεδανεικότες προσεκρούομεν αὐτῷ καὶ πικρῶς εἴχομεν, τῆς τε ζημίας ἐφʼ
						ἡμᾶς ἰούσης τῆς περὶ τὸν σῖτον καὶ συκοφάντην ἀντὶ χρημάτων αἰτιώμενοι
						τοῦτον ἡμῖν κεκομικέναι. ἐκ τούτων, οὐδὲ φύσει χρηστὸς ὢν ἅνθρωπος δῆλον
						ὅτι, ἐπὶ τούτους ἀποκλίνει, καὶ συγχωρεῖ τὴν δίκην ἔρημον ὀφλεῖν, ἣν οὗτος
						αὐτῷ λαγχάνει τότε, ὅτʼ οὔπω ταὔτʼ ἐφρόνουν.</p>
				</div>
				<div type="textpart" subtype="section" n="27">
					<p>εἰ μὲν γὰρ ἀφῆκε τὸν Πρῶτον, ἐξελήλεγκτʼ ἂν εὐθέως ἡμᾶς συκοφαντῶν· ὀφλεῖν δὲ
						παρὼν ἐκεῖνος οὐ συνεχώρει, ἵνʼ ἐὰν μὲν αὐτῷ ποιῶσιν ἃ ὡμολογήκασιν—, εἰ δὲ
						μή, τὴν ἔρημον ἀντιλάχῃ. ἀλλὰ τί ταῦτα; εἰ μὲν γὰρ ἃ γέγραφεν οὗτος εἰς τὸ
						ἔγκλημʼ ἐποίει, οὐκ ὀφλεῖν ἂν δίκην δικαίως, ἀλλʼ ἀποθανεῖν Πρῶτος ἔμοιγε
						δοκεῖ. εἰ γὰρ ἐν κακοῖς καὶ χειμῶνι τοσοῦτον οἶνον ἔπινεν ὥσθʼ ὅμοιον εἶναι
						μανίᾳ, τί οὐκ ἄξιός ἐστι παθεῖν.</p>
				</div>
				<div type="textpart" subtype="section" n="28">
					<p>ἢ εἰ γράμματʼ ἔκλεπτεν; εἰ ὑπανέῳγεν; ἀλλὰ ταῦτα μὲν αὐτοὶ πρὸς ἑαυτοὺς ὑμεῖς
						ὅπως ποτʼ ἔχει διακρινεῖσθε· τῇ δʼ ἐμῇ δίκῃ μηδὲν ἐκείνης πρόσαγε. εἴ τί σʼ
						ἠδίκηκεν ὁ Πρῶτος ἢ λέγων ἢ ποιῶν, ἔχεις ὡς ἔοικε δίκην· οὐδεὶς ἡμῶν
						ἐκώλυεν, οὐδὲ νῦν παραιτεῖται. εἰ σεσυκοφάντηκας, οὐ περιεργαζόμεθα.</p>
				</div>
				<div type="textpart" subtype="section" n="29">
					<p>νὴ Δίʼ, ἀλλʼ ἐκποδών ἐστιν ἅνθρωπος. διά γʼ ὑμᾶς, ἵνα τάς τε μαρτυρίας τὰς
						ἡμετέρας λίπῃ, καὶ νῦν ὑμεῖς ὅ τι ἂν βούλησθε λέγητε κατʼ αὐτοῦ. εἰ γὰρ μὴ
						διʼ ὑμῶν ἔρημος ἐγίγνεθʼ ἡ δίκη, ἅμʼ ἂν αὐτὸν προσεκαλοῦ καὶ κατηγγύας πρὸς
						τὸν πολέμαρχον, καὶ εἰ μὲν κατέστησέ σοι τοὺς ἐγγυητάς, μένειν ἠναγκάζετʼ
						ἄν, ἢ σὺ παρʼ ὧν λήψει δίκην ἑτοίμους εἶχες, εἰ δὲ μὴ κατέστησεν, εἰς τὸ
						οἴκημʼ ἂν ᾔει.</p>
				</div>
				<div type="textpart" subtype="section" n="30">
					<p>νῦν δὲ κοινωσάμενοι τὸ πρᾶγμα, ὁ μὲν διὰ σοῦ τὴν γεγονυῖαν ἔκδειαν οὐκ
						ἀποδώσειν ἡμῖν οἴεται, σὺ δʼ ἐκείνου κατηγορῶν τῶν ἡμετέρων κύριος
						γενήσεσθαι. τεκμήριον δέ· ἐγὼ μὲν γὰρ αὐτὸν κλητεύσω, σὺ δʼ οὔτε κατηγγύησας
						οὔτε νῦν κλητεύσεις.</p>
				</div>
				<div type="textpart" subtype="section" n="31">
					<p rend="indent">ἔτι τοίνυν ἑτέρα τις ἐστὶν ἐλπὶς αὐτοῖς τοῦ παρακρούσεσθαι καὶ
						φενακιεῖν ὑμᾶς. αἰτιάσονται Δημοσθένην, καὶ ἐκείνῳ ἐμὲ πιστεύοντα φήσουσιν
						ἐξάγειν τουτονί, ὑπολαμβάνοντες τῷ ῥήτορα καὶ γνώριμον εἶναι ἐκεῖνον πιθανὴν
						ἔχειν τὴν αἰτίαν. ἐμοὶ δʼ ἐστὶ μέν, ὦ ἄνδρες Ἀθηναῖοι, Δημοσθένης οἰκεῖος
						γένει (καὶ πάντας ὑμῖν ὄμνυμι τοὺς θεοὺς ἦ μὴν ἐρεῖν τἀληθῆ).</p>
				</div>
				<div type="textpart" subtype="section" n="32">
					<p>προσελθόντος δʼ αὐτῷ μου καὶ παρεῖναι καὶ βοηθεῖν ἀξιοῦντος εἴ τι ἔχοι, <q>
						δήμων,</q> ἔφη, <q>ἐγὼ ποιήσω μὲν ὡς ἂν σὺ κελεύῃς (καὶ γὰρ ἂν δεινὸν εἴη).
						δεῖ μέντοι καὶ τὸ σαυτοῦ καὶ τοὐμὸν λογίσασθαι. ἐμοὶ συμβέβηκεν, ἀφʼ οὗ περὶ
						τῶν κοινῶν λέγειν ἠρξάμην, μηδὲ πρὸς ἓν πρᾶγμʼ ἴδιον προσεληλυθέναι· ἀλλὰ
						καὶ τῆς πολιτείας αὐτῆς τὰ τοιαῦτʼ ἐξέστηκα <gap reason="lost" /></q></p>
				</div>
			</div>
		</body>
	</text>
</TEI>