<?xml version="1.0" encoding="UTF-8"?>
<?xml-model href="http://www.stoa.org/epidoc/schema/latest/tei-epidoc.rng" type="application/xml" schematypens="http://relaxng.org/ns/structure/1.0"?>
<TEI xmlns="http://www.tei-c.org/ns/1.0">
    <teiHeader xml:lang="eng">
        <fileDesc>
            <titleStmt>
                <title xml:lang="grc">Apologia</title>
                <author>Hyperides</author>
                <editor>J. O. Burtt</editor>
                <sponsor>Perseus Project, Tufts University</sponsor>
                <principal>Gregory Crane</principal>
                <respStmt>
                    <resp>Prepared under the supervision of</resp>
                    <name>Lisa Cerrato</name>
                    <name>William Merrill</name>
                    <name>Elli Mylonas</name>
                    <name>David Smith</name>
                </respStmt>
                <funder n="org:AnnCPB">The Annenberg CPB/Project</funder>
            </titleStmt>
            <publicationStmt>
                <publisher>Trustees of Tufts University</publisher>
                <pubPlace>Medford, MA</pubPlace>
                <authority>Perseus Project</authority>
                <date type="release" when="1996">Perseus 2.0</date>
                <idno type="filename">tlg0030.tlg001.perseus-grc2.xml</idno>
                <availability>
                    <licence target="https://creativecommons.org/licenses/by-sa/4.0/">Available
                        under a Creative Commons Attribution-ShareAlike 4.0 International License</licence>
                </availability>
            </publicationStmt>
            <sourceDesc>
                <biblStruct>
                    <monogr>
                        <author>Hyperides</author>
                        <title>Minor Attic Orators</title>
                        <editor>J. O. Burtt</editor>
                        <imprint>
                            <pubPlace>London</pubPlace>
                            <publisher>William Heinemann, Ltd.</publisher>
                            <pubPlace>Cambridge, MA</pubPlace>
                            <publisher>Harvard University Press</publisher>
                            <date>1954</date>
                            <date type="printing">1962</date>
                        </imprint>
                        <biblScope unit="volume">2</biblScope>
                    </monogr>
                    <ref
                        target="https://archive.org/details/minoratticorator02maiduoft/page/376/mode/2up">Internet
                        Archive</ref>
                </biblStruct>
            </sourceDesc>
        </fileDesc>
        <encodingDesc>
            <refsDecl n="CTS">
                <cRefPattern n="section" matchPattern="(\w+)"
                    replacementPattern="#xpath(/tei:TEI/tei:text/tei:body//tei:div/tei:div[@n='$1'])">
                    <p>This pointer pattern extracts section.</p>
                </cRefPattern>
            </refsDecl>
            <refsDecl>
                <refState unit="speech" />
                <refState unit="section" />
                <refState unit="fragment" />
            </refsDecl>

            <refsDecl>
                <refState unit="speech" />
                <refState unit="fragment" />
            </refsDecl>
        </encodingDesc>
        <profileDesc>
            <langUsage>
                <language ident="grc">Greek</language>
                <language ident="eng">English</language>
                <language ident="lat">Latin</language>
            </langUsage>
        </profileDesc>
        <revisionDesc>
            <change when="2023-03-29" who="Lisa Cerrato">EpiDoc and CTS conversion</change>
            <change when="2014-08-01" who="Stella Dee">edited markup</change>
            <change when="2014-07" who="Stella Dee">split composite text and converted to unicode </change>
            <change when="1993-05-03" who="em">when importing, did lots of changes. Restored is now
                square brackets, like Bacchyl. gap is note type="text" and columns is note
                type="papyr". Also fixed SGML errors. and added spaces around notes. fixed some beta
                errors.</change>
            <change when="1992-07" who="das">tagged FRAGWORD's and restored text</change>
            <change when="1992-06" who="W. Merrill">checkmark</change>
            <change when="1992-06" who="W. Merrill">Change markup in accordance with orator dtd</change>
        </revisionDesc>
    </teiHeader>

    <text>
        <body>
            <div type="edition" n="urn:cts:greekLit:tlg0030.tlg001.perseus-grc2" xml:lang="grc">
                <div type="textpart" subtype="section"
                    xml:base="urn:cts:greekLit:tlg0030.tlg001.perseus-grc2" n="frag_1">
                    <head rend="align(center)" xml:lang="lat">Frag. I<note anchored="true"
                            resp="editor" xml:lang="lat">Hoc fragmentum restituit Kenyon.</note></head>
                    <p rend="align(indent)"><note anchored="true" resp="perseus" type="Papyr"
                            xml:lang="eng" place="margin">Column 41</note> <gap reason="lost"
                            rend=" . . . " /><add>καὶ ἰδίᾳ</add> ἕκαστος καὶ κοι<add>νῇ</add>,
                        ἔπειτα τῷ νό<add>μῳ</add> καὶ τῷ ὅρκῳ, ὃς κε<add>λεύει</add> ὑμᾶς ὁμοίως <add>
                        ἀκούειν</add> τῶν τε κατη<add>γόρων<note anchored="true" resp="Loeb"><foreign
                                    xml:lang="grc">κατηγόρων</foreign> Fuhr:<foreign xml:lang="grc">
                        κατηγορούντων</foreign> Kenyon.</note> καὶ τῶ</add>ν ἀπο<add>λογουμένων</add>
                        καὶ <gap reason="lost" rend=" . . . " /><note anchored="true" resp="perseus"
                            type="text" xml:lang="lat">Desunt col. 41 versus fere viginti unus et
                        col. 42 fere tota.</note>
                    </p>
                </div>
                <div type="textpart" subtype="section"
                    xml:base="urn:cts:greekLit:tlg0030.tlg001.perseus-grc2" n="frag_2">
                    <head rend="align(center)" xml:lang="lat">Frag. II</head>
                    <p rend="align(indent)"><note anchored="true" resp="perseus" type="Papyr"
                            xml:lang="eng" place="margin">Column 43</note> τῇ κατηγορίᾳ χρῆσθαι,
                        οὕτω καὶ ἐμὲ ἐᾶτε ὃν τρόπον προῄρημαι καὶ ὡς ἂν δύνωμαι ἀπολογεῖσθαι. καὶ
                        μηδεὶς ὑμῶν ἀπαντάτω μοι μεταξὺ λέγοντι, <q>τί τοῦθʼ ἡμῖν λέγεις;</q> μηδὲ
                        προστίθετε τῇ κατηγορίᾳ παρʼ ὑμῶν αὐτῶν μηδέν, ἀλλὰ <add>μᾶ</add>λλον τῇ
                        ἀπολογίᾳ <gap reason="lost" rend=" . . ." /><note anchored="true"
                            resp="perseus" type="text" xml:lang="lat">Desunt col. 43 versus fere
                        quindecim et col. 44 versus fere decem.</note>
                    </p>
                </div>
                <div type="textpart" subtype="section"
                    xml:base="urn:cts:greekLit:tlg0030.tlg001.perseus-grc2" n="frag_3">
                    <head rend="align(center)" xml:lang="lat">Frag. III</head>
                    <p rend="align(indent)"><note anchored="true" resp="perseus" type="Papyr"
                            xml:lang="eng" place="margin">Column 44</note> <add>οὐδ</add>ὲ ὁ νόμος
                        συγκα<add>τηγο</add>ρεῖν<note anchored="true" resp="editor" xml:lang="lat"><foreign
                                xml:lang="grc">συγκατηγορεῖν</foreign> Sauppe.</note> μὲν τῷ βου<add>
                        λομ</add>ένῳ κατὰ τῶν <add>κριν</add>ομένων<note anchored="true"
                            resp="editor" xml:lang="lat"><foreign xml:lang="grc">κρινομένων</foreign>
                        Boeckh, Sauppe.</note> ἐξου<add>σίαν</add> δίδωσι, συναπολογεῖσθαι δὲ
                        κωλύει. ἵνα δὲ μὴ πρὸ τοῦ πράγματος πο<add>λλ</add>ο<add>ὺς</add> λόγους
                        ἀναλ<add>ώσω</add>,<note anchored="true" resp="editor" xml:lang="lat">
                            <foreign xml:lang="grc">ἀναλώσω</foreign> Babington.</note> ἐπʼ αὐτὴν
                        τὴν <add>ἀπολογ</add>ίαν<note anchored="true" resp="editor" xml:lang="lat"><foreign
                                xml:lang="grc">ἀπολογίαν</foreign> Boeckh, Sauppe.</note>
                        πορεύσομαι, τοῖς μὲν θεοῖς εὐξάμενος βοηθῆσαί μοι καὶ σῶσαι ἐκ τοῦ παρόντος
                        ἀγῶνος, ὑμᾶς δέ, ὦ ἄνδρες δικασταί, ἐκεῖνο παραιτησάμενος, πρῶτον <gap
                            reason="lost" rend=" . . . "></gap><note anchored="true" resp="perseus"
                            type="text" xml:lang="lat">Deest col. 45 fere tota.</note>
                    </p>
                </div>
                <div type="textpart" subtype="section"
                    xml:base="urn:cts:greekLit:tlg0030.tlg001.perseus-grc2" n="frag_3a">
                    <head rend="align(center)" xml:lang="lat">Frag. IIIa (IV)<note anchored="true"
                            resp="editor" xml:lang="lat">Hoc fragmentum a Polluce (9. 156) servatum
                        huc inseruit Blass.</note></head>
                    <p rend="align(indent)"> ἢ νεωρίων προδοσίαν ἢ ἀρχείων ἐμπυρισμὸν ἢ κατάληψιν
                        ἄκρας <gap reason="lost" rend=" . . . . " />
                    </p>
                </div>
                <div type="textpart" subtype="section"
                    xml:base="urn:cts:greekLit:tlg0030.tlg001.perseus-grc2" n="frag_4">
                    <head rend="align(center)" xml:lang="lat">Frag. IV (V)</head>
                    <p rend="align(indent)"><note anchored="true" resp="perseus" type="Papyr"
                            xml:lang="eng" place="margin">Column 46</note><note anchored="true"
                            resp="perseus" type="text" xml:lang="lat">Desunt col. 46 versus fere
                        quindecim.</note> <gap reason="lost" rend=" . . . . . . " />ὁ Εὔ<add>φημος</add><note
                            anchored="true" resp="editor" xml:lang="lat">
                            <foreign xml:lang="grc">Εὔφημος</foreign> Blass.</note><gap
                            reason="lost" rend=" . . . . . " /><add>πρ</add>ῶτον<note
                            anchored="true" resp="editor" xml:lang="lat">
                            <foreign xml:lang="grc">πρῶτον</foreign> Fuhr.</note><gap reason="lost"
                            rend=" . . . . . . . " /><add>ἐπε</add>ιδὴ ἐτε<add>λεύτησεν ἐκ</add>
                        εῖνος<gap reason="lost" rend=" . . . . . . . . . . . . . " /><seg
                            type="noparse">ρος</seg> ὁ Φλυ<add>εύς,</add><note anchored="true"
                            resp="editor" xml:lang="lat"><foreign xml:lang="grc">ἐπειδὴ</foreign>
                        usque ad<foreign xml:lang="grc">Φλυεύς</foreign> restituit Sauppe:<foreign
                                xml:lang="grc">ἐκεῖνος ὁ Χαρίσανδρος ὁ Φλυεύς</foreign> Colin.</note><gap
                            reason="lost" rend=" . . . . . " />ἐξ αὐτοῦ <gap reason="lost"
                            rend=" . . . . . . " /> <note anchored="true" resp="perseus" type="text"
                            xml:lang="lat">Desunt col. 46 versus septem</note> <note anchored="true"
                            resp="perseus" type="Papyr" xml:lang="eng" place="margin">Column 47</note> <gap
                            reason="lost" rend=" . . . . . " />ὅτι ἡ γυνὴ<gap reason="lost"
                            rend=" . . . . . . . " /><seg type="noparse">τον</seg> καὶ <seg
                            type="noparse">το</seg><gap reason="lost" rend=" . . . . . " /><seg
                            type="noparse">ατο</seg> ἐκεῖνος <add>κυοῦ</add>σαν τὴν γυνα<add>ῖκα ἐξ</add>
                        αὑτοῦ καταλέ<add>λοιπε</add>ν, οὐ παρὰ τοὺς ν<add>όμο</add>υς γενόμενον. <add>εἰ
                        δʼ ὥς</add>περ Ἀρίστων ἐ<add>ν τῇ ε</add>ἰσαγγελίᾳ γρά<add>φει</add>,<note
                            anchored="true" resp="Loeb"><foreign xml:lang="grc">ὥσπερ</foreign> et <foreign
                                xml:lang="grc">γράφει</foreign> Kenyon.</note> οὕτως ὑπέλα<add>βον τ</add>ὰ
                        περὶ το<add>ύτων εἶν</add>αι,<note anchored="true" resp="editor"
                            xml:lang="lat"><foreign xml:lang="grc">τούτων εἶναι</foreign> Jensen.</note>
                        οὐκ ἔδει δήπ<add>ου αὐτ</add>οὺς κωλύειν <add>τοὺς ἐγγυ</add>τάτω<note
                            anchored="true" resp="editor" xml:lang="lat"><foreign xml:lang="grc">
                        ἐγγυτάτω</foreign> Boeckh.</note> γένου<add>ς ἐξά</add>γειν<note
                            anchored="true" resp="editor" xml:lang="lat"><foreign xml:lang="grc">
                        κυοῦσαν</foreign> usque ad <foreign xml:lang="grc">ἐξάγειν</foreign>
                        plerumque restituit Blass.</note> τὸν Εὔφημον, ἀλλʼ ἐᾶν. νῦν δὲ τοῦτο
                        ποιήσαντες ἔργῳ μεμαρτυρήκασιν αὐτοί, ὡς ψευδής ἐστιν ἡ αἰτία κατʼ ἐμοῦ.
                        πρὸς δὲ τούτοις πῶς οὐκ ἄτοπον, εἰ μέν τι ἔπαθεν τὸ παιδίον ἢ γιγνόμενον ἢ
                        καὶ ὕστερον, ταύταις ταῖς διαθήκαις ἰσχυρίζεσθαι ἂν αὐτούς, ἐν αἷς <gap
                            reason="lost" rend=" . . . . . " /><note anchored="true" resp="perseus"
                            type="text" xml:lang="lat">Desunt col. 48 versus fere viginti.</note> <note
                            anchored="true" resp="perseus" type="Papyr" xml:lang="eng"
                            place="margin">Column 48</note> <gap reason="lost"
                            rend=" . . . . . . . . . . . . . . . . " />τὸν Εὔφη<add>μον</add><gap
                            reason="lost" rend=" . . . . . . " /> ἐκώλυε<gap reason="lost"
                            rend=" . . . . . . . . " /><add>παρέ</add>χοντα<note anchored="true"
                            resp="editor" xml:lang="lat">
                            <foreign xml:lang="grc">Εὔφημον</foreign> et <foreign xml:lang="grc">
                        παρέχοντα</foreign> Blass.</note><gap reason="lost" rend=" . . . . . . " /><add>
                        μαρ</add>τυρίας<note anchored="true" resp="editor" xml:lang="lat">
                            <foreign xml:lang="grc">μαρτυρίας</foreign> Boeckh.</note> <gap
                            reason="lost" rend=" . . . . . . . . . . . . . . . . . . " /></p>
                </div>
                <div type="textpart" subtype="section"
                    xml:base="urn:cts:greekLit:tlg0030.tlg001.perseus-grc2" n="frag_4a">
                    <head rend="align(center)" xml:lang="lat">Frag. IVa<note anchored="true"
                            resp="editor" xml:lang="lat">Haec duo fragmenta a Polluce (ii. 152 et
                        ix. 137) servata huc inseruit Blass.</note></head>
                    <p rend="align(indent)"><bibl n="Poll. 2.152" xml:lang="lat">Pollux ii. 152</bibl>οὔτε
                        γὰρ τὴν ἑαυτοῦ χεῖρα δυνατὸν ἀρνήσασθαι. </p>
                </div>
                <div type="textpart" subtype="section"
                    xml:base="urn:cts:greekLit:tlg0030.tlg001.perseus-grc2" n="frag_4b">
                    <head rend="align(center)" xml:lang="lat">Frag. IVb<note anchored="true"
                            resp="editor" xml:lang="lat">Haec duo fragmenta a Polluce (ii. 152 et
                        ix. 137) servata huc inseruit Blass.</note></head>
                    <p rend="align(center)"><bibl n="Poll. 9.137" xml:lang="lat">Pollux ix.. 137</bibl>
                        νωθρεύεσθαι </p>
                </div>
                <div type="textpart" subtype="section"
                    xml:base="urn:cts:greekLit:tlg0030.tlg001.perseus-grc2" n="1">
                    <p rend="align(indent)"><note anchored="true" resp="editor" xml:lang="eng">Source
                        is Pap. Ardenianus.</note><note anchored="true" resp="perseus" type="Papyr"
                            xml:lang="eng" place="margin">Column 2</note> Ἀρίστωνος δὲ ἀνδ<add>ρά</add>ποδα
                        εἶχεν ἐν το<add>ῖς</add> ἔργοις· καὶ ταῦτα αὐτὸς ὑμῖν ἐμαρτύρησεν ἐπὶ τοῦ
                        δικας<add>τη</add>ρίου, ὅτʼ ἦν το<add>ύτ</add>ῳ ὁ ἀγὼν πρὸς Ἀ<add>ρχε</add>
                        στρατίδην.<note anchored="true" resp="editor" xml:lang="lat"><foreign
                                xml:lang="grc">Ἀρχεστρατίδην</foreign> Babington.</note>
                    </p>
                </div>
                <div type="textpart" subtype="section"
                    xml:base="urn:cts:greekLit:tlg0030.tlg001.perseus-grc2" n="2">
                    <p>τοιο<add>ῦτο</add> γὰρ ἐστι τὸ Ἀρίστ<add>ωνος</add> τουτουὶ πρᾶγμα· <add>οὗ</add>
                        τος<note anchored="true" resp="editor" xml:lang="lat">
                            <foreign xml:lang="grc">οὗτος</foreign> Shilleto: <foreign
                                xml:lang="grc">αὐτὸς</foreign> Schneidewin.</note> προσκαλεῖται μὲν
                        περιὼν πάντας ἀνθρώπους, τῶν δʼ ὅσοι μὲν <add>ἂν</add> μὴ διδῶσιν αὐ<add>τῷ</add>
                        ἀργύριον, κρίν<add>ει καὶ</add> κατηγορεῖ, ὁπ<add>όσοι</add> δʼ ἂν ἐθέλωσιν <add>
                        ἀπο</add>τίνειν,<note anchored="true" resp="editor" xml:lang="lat"><foreign
                                xml:lang="grc">ὁπόσοι</foreign> et <foreign xml:lang="grc">ἀποτίνειν</foreign>
                        Babington.</note> ἀφίησιν, <add>τὸ</add> δʼ ἀργύριον Θεο<add>μνή</add>στῳ<note
                            anchored="true" resp="editor" xml:lang="lat"><foreign xml:lang="grc">
                        Ἀρίστωνος</foreign> usque ad <foreign xml:lang="grc">Θεομνήστῳ</foreign>
                        plerumque restituit Schneidewin.</note> δίδωσιν· ἐκ<add>εῖ</add>νος δὲ
                        λαμβάνων ἀνδράποδα ἀγοράζει, καὶ παρέχει ὥσπερ τοῖς λῃσταῖς ἐπισιτισμόν, καὶ
                        δίδωσι τούτῳ ὑπὲρ ἑκάστου τοῦ <note anchored="true" resp="perseus"
                            type="Papyr" xml:lang="eng" place="margin">Column 3</note> ἀνδραπόδου
                        ὀβολὸν τῆς ἡμέρας, ὅπως ἂν ᾖ ἀθάνατος συκοφάντης. </p>
                </div>
                <div type="textpart" subtype="section"
                    xml:base="urn:cts:greekLit:tlg0030.tlg001.perseus-grc2" n="3">
                    <p rend="align(indent)">ἄξιον δʼ ἐστίν, ὦ ἄνδρες δικασταί, κἀκεῖθεν ἐξετάσαι τὸ
                        πρᾶγμα, ἀφʼ ὧν ἐν τῷ δήμῳ τὸ πρῶτον αὐτοὶ εὐθὺς ᾐτιάσαντο. ἐμοὶ γὰρ <add>οἱ</add><note
                            anchored="true" resp="editor" xml:lang="lat"><foreign xml:lang="grc">οἱ</foreign>
                        add. Schneidewin.</note> οἰκεῖοι ἀπέστειλαν<note anchored="true"
                            resp="editor" xml:lang="lat"><app>
                                <lem xml:lang="grc">ἀπέστειλαν</lem>
                            </app> <foreign
                                xml:lang="grc">ἐπέστειλαν</foreign> Blass.</note> γράψαντες τήν τε
                        εἰσαγγελίαν καὶ τὰς αἰτίας ἃς ἐν τῇ ἐκκλησίᾳ ᾐτιάσαντό με, ὅτε τὴν εἰσαγγελί<add>
                        αν</add> ἐδίδοσαν, ἐν α<add>ἷς ἦ</add>ν γεγραμμένον ὅτι Λυκοῦργος λέγ<add>ει</add>,
                        φάσκω<add>ν τ</add>ῶν <add>ο</add>ἰκ<add>είω</add>ν ἀκ<add>ηκ</add>οέναι,<note
                            anchored="true" resp="editor" xml:lang="lat"><foreign xml:lang="grc">οἰκείων
                        ἀκηκοέναι</foreign> Babington.</note> ὡς ἐγὼ παρακολουθῶν, ὅτε Χάριππος
                        ἐγάμει τὴν γυναῖκα, παρεκελευόμην αὐτῇ ὅπως μὴ πλησιάσει<note
                            anchored="true" resp="editor" xml:lang="lat">
                            <foreign xml:lang="grc">πλησιάσει</foreign> Schneidewin: <foreign
                                xml:lang="grc">πλησιάσῃ</foreign> A.</note> Χαρίππῳ ἀλλὰ διαφυλάξει
                        αὑτήν. </p>
                </div>
                <div type="textpart" subtype="section"
                    xml:base="urn:cts:greekLit:tlg0030.tlg001.perseus-grc2" n="4">
                    <p>ἐγὼ δὲ ἃ καὶ πρὸς τοὺς <note anchored="true" resp="perseus" type="Papyr"
                            xml:lang="eng" place="margin">Column 4</note> ἐπιτηδείου<add>ς καὶ</add>
                        πρὸς τοὺς ο<add>ἰκείους</add><note anchored="true" resp="editor"
                            xml:lang="lat">
                            <foreign xml:lang="grc">οἰκείους</foreign> Babington.</note> τοὺς ἐμαυτ<add>οῦ
                        εὐθὺς</add><note anchored="true" resp="editor" xml:lang="lat">
                            <foreign xml:lang="grc">εὐθὺς</foreign> Blass: <foreign xml:lang="grc">
                        τότε</foreign> Babington.</note> ἥκων ἔλεγ<add>ον, κ</add>αὶ νῦν πρὸς ὑμ<add>ᾶς
                        λέ</add>γω,<note anchored="true" resp="editor" xml:lang="lat"><foreign
                                xml:lang="grc">λέγω</foreign> Schneidewin: <foreign xml:lang="grc">
                        ἐρῶ</foreign> Babington.</note> ὅτι, εἰ ἔστιν τ<add>αῦ</add>τα ἀληθῆ, ὁμολ<add>
                        ογ</add>ῶ καὶ τἆλλα πάν<add>τα π</add>εποιηκέναι τὰ <add>ἐν τῇ</add>
                        εἰσαγγελίᾳ γε<add>γραμ</add>μένα.<note anchored="true" resp="Loeb"><foreign
                                xml:lang="grc">γεγραμμένα</foreign> Babington.</note> ὅτι δὲ <add>
                        ψευδῆ</add><note anchored="true" resp="editor" xml:lang="lat">
                            <foreign xml:lang="grc">ψευδῆ</foreign> Schneidewin.</note> ἐστιν,
                        ῥᾴδιον <add>οἶμαι</add><note anchored="true" resp="editor" xml:lang="lat">
                            <foreign xml:lang="grc">οἶμαι</foreign> Caesar.</note> εἶναι ἅπασι<add>ν
                        ἰδεῖν</add>.<note anchored="true" resp="editor" xml:lang="lat">
                            <foreign xml:lang="grc">ἰδεῖν</foreign> Caesar: <foreign xml:lang="grc">
                        γνῶναι</foreign> Patakis.</note> τίς γὰρ οὕτω<add>ς ἐστὶ</add> τῶν ἐν τῇ π<add>
                        όλει</add> ἀλόγιστος, </p>
                </div>
                <div type="textpart" subtype="section"
                    xml:base="urn:cts:greekLit:tlg0030.tlg001.perseus-grc2" n="5">
                    <p>ὅς<add>τις ἂν</add> πιστεύσαι τού<add>τοις τοῖς</add><note anchored="true"
                            resp="editor" xml:lang="lat"><foreign xml:lang="grc">ἐστι</foreign> et
                        sq. Babington, sed<foreign xml:lang="grc">τούτοις τοῖς</foreign> Blass:<foreign
                                xml:lang="grc">τοιούτοις</foreign> Babington.</note> λόγοις; ἀνάγ<add>κη
                        γάρ</add>,<note anchored="true" resp="editor" xml:lang="lat"><foreign
                                xml:lang="grc">ἀνάγκη γὰρ ἦν</foreign> Sauppe:<foreign
                                xml:lang="grc">ἦν</foreign> om. Blass.</note> ὦ ἄνδρες δικ<add>
                        ασταί,</add> πρῶτον μὲν ὀρεωκόμον καὶ προηγητὴν ἀκολουθε<add>ῖν</add> τῷ
                        ζεύγει, ὃ ἦγεν τὴν γυναῖκα, <note anchored="true" resp="perseus"
                            type="Papyr" xml:lang="eng" place="margin">Column 5</note> ἔπειτα δὲ
                        παῖδας τοὺς προπέμποντας αὐτὴν ἀκολουθεῖν καὶ Διώξιππον· καὶ γὰρ οὗτος
                        ἠκολούθει διὰ τὸ χήραν ἐκδίδοσθαι αὐτήν. </p>
                </div>
                <div type="textpart" subtype="section"
                    xml:base="urn:cts:greekLit:tlg0030.tlg001.perseus-grc2" n="6">
                    <p>εἶτʼ ἐγὼ εἰς τοῦτο ἀπονοίας ἦλθον, ὥστε ἄλλων τε τοσούτων ἀνθρώπων
                        συνακολουθούντων καὶ Διωξίππου καὶ Εὐφραίου τοῦ προσγυμναστοῦ<note
                            anchored="true" resp="editor" xml:lang="lat"><app>
                                <lem xml:lang="grc">προσγυμναστοῦ</lem>
                            </app>  <foreign
                                xml:lang="grc">προγυμναστοῦ</foreign> Westermann.</note> αὐτοῦ, οἳ
                        τῶν Ἑλλήνων ὁμολογουμένως ἰσχυρότατοί εἰσιν, οὔ<add>τ</add>ʼ ᾐσχυνόμην
                        τοιούτους λόγους λέγων περὶ γυναικὸς ἐλευθέρας πάντων ἀκουόντων, <add>οὔτʼ</add><note
                            anchored="true" resp="editor" xml:lang="lat"><foreign xml:lang="grc">οὔτʼ
                        . . . οὔτʼ</foreign> Sauppe:<foreign xml:lang="grc">οὐκ . . . οὐδʼ</foreign>
                        Blass.</note> ἐδεδίειν μὴ πα<add>ραχρ</add>ῆμα ἀπόλωμαι <add>πνι</add>
                        γόμενος;<note anchored="true" resp="editor" xml:lang="lat"><foreign
                                xml:lang="grc">πνιγόμενος</foreign> Kenyon: <foreign xml:lang="grc">
                        ἀπαγόμενος</foreign> Babington, Colin.</note> τίς <add>γὰρ</add> ἂν ἠνέσχετο <add>
                        τοι</add>αῦτα περὶ τῆς <note anchored="true" resp="P" type="Papyr">Column 6</note>
                        αὑτοῦ ἀδελφ<add>ῆς ἀκού</add>ων οἷά με ο<add>ὗτοι αἰτι</add>ῶνται εἰρηκ<add>έναι
                        καὶ<note anchored="true" resp="editor" xml:lang="lat"><foreign
                                    xml:lang="grc">καὶ</foreign> Schneidewin: <foreign
                                    xml:lang="grc">ἆρʼ</foreign> Babington.</note> οὐ</add>κ ἂν ἀπέ<add>
                        κτεινε<note anchored="true" resp="editor" xml:lang="lat"><app>
                                    <lem xml:lang="grc">ἀπέκτεινε</lem>
                                </app>  <foreign
                                    xml:lang="grc">ἀπεκώλυσε</foreign> Colin.</note> τὸν</add>
                        λέγοντα; </p>
                </div>
                <div type="textpart" subtype="section"
                    xml:base="urn:cts:greekLit:tlg0030.tlg001.perseus-grc2" n="7">
                    <p><add>τὸ δὲ κεφ</add>άλαιον<note anchored="true" resp="editor" xml:lang="lat"><foreign
                                xml:lang="grc">ἀπούων</foreign> usque ad <foreign xml:lang="grc">
                        κεφάλαιον</foreign> plerumque restituit Babington.</note> ἁπ<add>άντων,<note
                                anchored="true" resp="editor" xml:lang="lat">
                                <foreign xml:lang="grc">ἁπάντων</foreign> Sauppe.</note> ὡς</add><note
                            anchored="true" resp="editor" xml:lang="lat"><foreign xml:lang="grc">ὡς</foreign>
                        Blass:<foreign xml:lang="grc">ὧν</foreign> Colin.</note> καὶ μικρῷ <add>
                        πρότερο</add>ν<note anchored="true" resp="editor" xml:lang="lat">
                            <foreign xml:lang="grc">πρότερον</foreign> Sauppe.</note> εἶπον, εἰς <add>τοῦτο
                        ἀν</add>αισθησίας ὁ Χ<add>άριππ</add>ος, ὡς ἔοικεν, <add>ἦλθε</add>ν, ὥστε
                        πρότ<add>ερον</add> μέν, ὥς φασιν, <add>τῆς γυν</add>αικὸς προλε<add>γούσης</add>
                        ὅτι συνομωμο<add>κυῖα εἴ</add>η πρὸς ἐμέ, πά<add>λιν δ</add>ὲ ἀκούων ἐμο<add>ῦ
                        παρα</add>κελευμένο<add>υ αὐτῇ</add><note anchored="true" resp="editor"
                            xml:lang="lat"><foreign xml:lang="grc">τοῦτο</foreign> usque ad<foreign
                                xml:lang="grc">αὐτῇ</foreign> Babington.</note> ὅπως ἐμμ<add>είνειεν</add><note
                            anchored="true" resp="editor" xml:lang="lat"><foreign xml:lang="grc">
                        ἐμμείνειεν</foreign> Herwerden: <foreign xml:lang="grc">ἐμμενεῖ ἐν</foreign>
                        Schneidewin.</note> τοῖς ὅρκοις οἷ<add>ς ὤμο</add>σεν, ἐλάμβανε <add>τὴν</add><note
                            anchored="true" resp="editor" xml:lang="lat"><foreign xml:lang="grc">τὴν</foreign>
                        Babington: <foreign xml:lang="grc">ὅμως</foreign> Blass.</note> γυναῖκα; καὶ
                        ταῦ<add>τα δο</add>κεῖ ἂν ὑμῖν ἢ <add>Ὀρέστης</add><note anchored="true"
                            resp="editor" xml:lang="lat">
                            <foreign xml:lang="grc">Ὀρέστης</foreign> Blass.</note> ἐκεῖνος ὁ
                        μαινόμενος ποιῆσαι ἢ Μαργίτης ὁ πάντ<add>ων</add> ἀβελτερώτατος; </p>
                </div>
                <div type="textpart" subtype="section"
                    xml:base="urn:cts:greekLit:tlg0030.tlg001.perseus-grc2" n="8">
                    <p rend="align(indent)"><add>ἀλ</add>λʼ οἶμαι, ὦ ἄνδρε<add>ς δι</add>κασταί,
                        πολλὰ <note anchored="true" resp="perseus" type="Papyr" xml:lang="eng"
                            place="margin">Column 7</note> πλεονεκτοῦσιν ἐν τοῖς ἀγῶσιν οἱ κατήγοροι
                        τῶν φευγόντων· οἱ μὲν γὰρ διὰ τὸ ἀκίνδυνον αὐτοῖς εἶναι τὸν ἀγῶνα ῥᾳδίως ὅ
                        τι ἂν βούλωνται λέγουσι καὶ καταψεύδονται, οἱ δὲ κρινόμενοι διὰ τὸν φόβον
                        πολλὰ καὶ τῶν πεπραγμένων αὐτοῖς εἰπεῖν ἐπιλανθάνονται. </p>
                </div>
                <div type="textpart" subtype="section"
                    xml:base="urn:cts:greekLit:tlg0030.tlg001.perseus-grc2" n="9">
                    <p>ἔπειτα οἱ μὲν ἐπειδὰν πρότερον<note anchored="true" resp="editor"
                            xml:lang="lat"><app>
                                <lem xml:lang="grc">πρότερον</lem>
                            </app>  <foreign
                                xml:lang="grc">τὸν πρότερον</foreign> Colin: <foreign xml:lang="grc">
                        πρότεροι</foreign> Patakis.</note> λόγον λάβωσιν, οὐ μόνον ἃ ἔχουσιν αὐτοὶ
                        δίκαια περὶ τοῦ πράγματος λέγουσιν, ἀλλὰ συσκευάσαντες λοιδορίας ψευδεῖς
                        κατὰ τῶν κρινομένων ἐξιστᾶσιν τῆς ἀπολογίας· ὥστε συμβαίνειν αὐτοῖς δυοῖν τὸ
                        ἕτερον, ἢ περὶ τῶν ἔξωθεν διαβολῶν <note anchored="true" resp="P"
                            type="Papyr">Column 8</note> ἀπο<add>λογου</add>μένοις<note
                            anchored="true" resp="Loeb"><foreign xml:lang="grc">ἀπολογουμένοις</foreign>
                        usque ad<foreign xml:lang="grc">διαστρέφουσιν</foreign> plerumque restituit
                        Babington.</note> τῆς <add>περὶ το</add>ῦ πράγματος <add>ἀπολογία</add>ς
                        ἀπολελ<add>εῖφθαι,<note anchored="true" resp="editor" xml:lang="lat"><foreign
                                    xml:lang="grc">ἀπολελεῖφθαι</foreign> Schneidewin.</note> ἢ</add>
                        μὴ μεμνη<add>μένοις</add><note anchored="true" resp="editor" xml:lang="lat"><foreign
                                xml:lang="grc">ἢ</foreign> et <foreign xml:lang="grc">μεμνημένοις</foreign>
                        Shilleto.</note> τῶν<note anchored="true" resp="editor" xml:lang="lat"><app>
                                <lem xml:lang="grc">τῶν</lem>
                            </app>  <foreign
                                xml:lang="grc">περὶ τῶν</foreign> Babington.</note> προκ<add>
                        ατηγορηθ</add>έντων, ο<add>ἴησι</add>ν<note anchored="true" resp="editor"
                            xml:lang="lat"><foreign xml:lang="grc">οἴησιν</foreign> Schneidewin:<foreign
                                xml:lang="grc">οὕτω δόξαν</foreign> Blass.</note> καταλείπ<add>ειν
                        παρ</add>ὰ τοῖς δικαστ<add>αῖς ὅτι</add> ἀληθῆ ἐστιν <add>τὰ εἰρ</add>ημένα. </p>
                </div>
                <div type="textpart" subtype="section"
                    xml:base="urn:cts:greekLit:tlg0030.tlg001.perseus-grc2" n="10">
                    <p>πρὸς δ<add>ὲ τού</add>τοις τούς τε μέ<add>λλοντα</add>ς βοηθεῖν το<add>ῖς
                        φεύγ</add>ουσι<note anchored="true" resp="editor" xml:lang="lat"><foreign
                                xml:lang="grc">τοῖς φεύγουσι</foreign> Caesar.</note> προδιαβ<add>
                        άλλ</add>ουσι καὶ αὐτοῦ το<add>ῦ κριν</add>ομένου τὴν <add>ἀπολο</add>γίαν
                        διαστρ<add>έφουσιν</add>·<note anchored="true" resp="editor" xml:lang="lat">See
                        note on<foreign xml:lang="grc">ἀπολογουμένοις</foreign> above.</note> οἷον
                        καὶ Ἀ<add>ρίστων</add><note anchored="true" resp="editor" xml:lang="lat">
                            <foreign xml:lang="grc">Ἀρίστων</foreign> Sauppe.</note> οὑτοσὶ ἐνεχεί<add>
                        ρησε<note anchored="true" resp="editor" xml:lang="lat">
                                <foreign xml:lang="grc">ἐνεχείρησε</foreign> Schneidewin.</note>
                        ποιῆ</add>σαι<note anchored="true" resp="editor" xml:lang="lat">
                            <foreign xml:lang="grc">ποιῆσαι</foreign> Blass: <foreign xml:lang="grc">
                        που</foreign> Kenyon.</note> ἐν τῇ κα<add>τηγορίᾳ,<note anchored="true"
                                resp="editor" xml:lang="lat"><foreign xml:lang="grc">κατηγορία</foreign>
                        Babington.</note> ὃς</add> οὐδʼ<note anchored="true" resp="editor"
                            xml:lang="lat"><foreign xml:lang="grc">ὃς οὐδʼ</foreign> Blass:<foreign
                                xml:lang="grc">οὐδʼ</foreign> Kayser.</note> ἀπολ<add>αύειν<note
                                anchored="true" resp="editor" xml:lang="lat">
                                <foreign xml:lang="grc">ἀπολαύειν</foreign> Sudhaus: <foreign
                                    xml:lang="grc">ἀπολογίαν</foreign> Blass.</note> δίδω</add>σι
                        τῶν ἀ<add>ναβαινόν</add>των ὑπὲ<add>ρ ἐμοῦ καὶ</add><note anchored="true"
                            resp="editor" xml:lang="lat"><foreign xml:lang="grc">δίδωσι</foreign>
                        usque ad<foreign xml:lang="grc">καὶ</foreign> Blass.</note> συναπολ<add>
                        ογησομέ</add>νων.<note anchored="true" resp="editor" xml:lang="lat"><foreign
                                xml:lang="grc">συναπολογησομένων</foreign> Kayser.</note> δι<add>ὰ
                        τί δʼ οὗτοι</add> μὴ ἀπο<add>λογῶνται;</add><note anchored="true"
                            resp="Loeb"><foreign xml:lang="grc">διὰ</foreign> usque ad <foreign
                                xml:lang="grc">ἀπολογῶνται</foreign> Blass: <foreign xml:lang="grc">
                        ἀπολογήσονται</foreign> Fuhr.</note> πότερʼ οὐ δ<add>ίκαιόν <note
                                anchored="true" resp="perseus" type="Papyr" xml:lang="eng"
                                place="margin">Column 9</note> ἐ</add>στι<note anchored="true"
                            resp="editor" xml:lang="lat"><foreign xml:lang="grc">δίκαιόν ἐστι</foreign>
                        Sauppe.</note> τοῖς κρινομένοις τοὺς οἰκείους καὶ τοὺς φίλους βοηθεῖν; ἢ
                        ἔστιν τι τῶν ἐν τῇ πόλει τούτου δημοτικώτερον, τοῦ τοὺς δυναμένους εἰπεῖν
                        τοῖς ἀδυνάτοις τῶν πολιτῶν κινδυνεύουσι βοηθεῖν; </p>
                </div>
                <div type="textpart" subtype="section"
                    xml:base="urn:cts:greekLit:tlg0030.tlg001.perseus-grc2" n="11">
                    <p>σὺ δὲ οὐ μόνον περὶ τῶν συνηγόρων τοὺς λόγους πεποίησαι, ἀλλὰ καὶ τὴν
                        ἀπολογίαν τὴν ἐμὴν διατάττεις· καὶ παραγγέλλεις τοῖς δικασταῖς περὶ ὧν δεῖ
                        αὐτοὺς ἀκούειν <add>καὶ</add><note anchored="true" resp="editor"
                            xml:lang="lat">
                            <foreign xml:lang="grc">καὶ</foreign> add. Kayser:<foreign
                                xml:lang="grc">ἀκούειν</foreign> del. Schneidewin.</note> κελεύειν
                        με ἀπολογεῖσθαι, καὶ περὶ ὧν μὴ ἐᾶν λέγειν. καὶ τοῦτο πῶς καλῶς ἔχει, σὲ μὲν
                        ὅπως ἠβούλου τὴν κατηγορίαν ποιήσασθαι, <note anchored="true" resp="perseus"
                            type="Papyr" xml:lang="eng" place="margin">Column 10</note> προειδότα δὲ
                        ἃ ἔχω ἐγὼ δίκαια λέγειν πρὸς τὰ παρὰ σοῦ ἐψευσμένα, ὑφαιρεῖσθαί μου τὴν
                        ἀπολογίαν; </p>
                </div>
                <div type="textpart" subtype="section"
                    xml:base="urn:cts:greekLit:tlg0030.tlg001.perseus-grc2" n="12">
                    <p>καὶ ἐμὲ μὲν αἰτιᾷ ἐν τῇ εἰσαγγελίᾳ καταλύειν τὸν δῆμον παραβαίν<add>ον</add>τα
                        τοὺς νόμους, αὐ<add>τὸς</add> δʼ ὑπερπηδής<add>ας ἅπ</add>αντας<note
                            anchored="true" resp="editor" xml:lang="lat">
                            <foreign xml:lang="grc">ἅπαντας</foreign> Blass.</note> τοὺς ν<add>όμο</add>
                        υς<note anchored="true" resp="editor" xml:lang="lat"><foreign xml:lang="grc">
                        νόμους</foreign> usque ad<foreign xml:lang="grc">τραγῳδίας</foreign>
                        plerumque restituit Babington.</note> εἰσαγγελία<add>ν δέδ</add>ωκας ὑπὲρ ὧν <add>
                        γρα</add>φαὶ πρὸς τοὺς θες<add>μοθ</add>έτας ἐκ τῶν νό<add>μων</add> εἰσίν,
                        ἵνα π<add>ρῶτον μ</add>ὲν ἀκίνδ<add>υνος εἰς</add>ίῃς εἰς τὸ<add>ν ἀγῶνα,</add>
                        ἔπε<add>ιτ</add>α ἐξ<add>ῇ σοι<note anchored="true" resp="editor"
                                xml:lang="lat"><foreign xml:lang="grc">ἐξῇ σοι</foreign> Kayser.</note>
                        τραγ</add>ῳδίας<note anchored="true" resp="editor" xml:lang="lat">See note
                        on <foreign xml:lang="grc">νόμους</foreign> above.</note> γρ<add>άψαι εἰς τὴ</add>
                        ν<note anchored="true" resp="editor" xml:lang="lat"><foreign xml:lang="grc">γράψαι
                        εἰς τὴν</foreign> Blass.</note> εἰσαγγελ<add>ίαν οἵας</add>περ<note
                            anchored="true" resp="editor" xml:lang="lat">
                            <foreign xml:lang="grc">οἵασπερ</foreign> Kayser.</note> νῦν γέγρ<add>αφας,
                        ὅς μʼ</add><note anchored="true" resp="editor" xml:lang="lat"><foreign
                                xml:lang="grc">ὅς μʼ</foreign> Blass.</note> αἰτιᾷ ὅτι <add>πολλὰς
                        μὲν<note anchored="true" resp="editor" xml:lang="lat"><foreign
                                    xml:lang="grc">πολλὰς μὲν</foreign> Sauppe.</note> γ</add>υνα<add>ῖκας
                        ποιῶ</add><note anchored="true" resp="editor" xml:lang="lat"><foreign
                                xml:lang="grc">ποιῶ</foreign> Blass.</note> ἀγάμ<add>ους ἔνδον κα</add>
                        ταγηρ<add>άσκειν,<note anchored="true" resp="editor" xml:lang="lat"><foreign
                                    xml:lang="grc">ἀγάμους ἔνδον καταγηράσκειν</foreign> Babington.</note>
                        πολλ</add>ὰς δὲ ς<add>υνοικεῖν ο</add>ἷς<note anchored="true" resp="editor"
                            xml:lang="lat">
                            <foreign xml:lang="grc">πολλὰς</foreign> usque ad <foreign
                                xml:lang="grc">οἷς</foreign> Sauppe.</note> <note anchored="true"
                            resp="perseus" type="Papyr" xml:lang="eng" place="margin">Column 11</note>
                        οὐ προσήκει παρὰ τοὺς νόμους. </p>
                </div>
                <div type="textpart" subtype="section"
                    xml:base="urn:cts:greekLit:tlg0030.tlg001.perseus-grc2" n="13">
                    <p>οὐκοῦν<note anchored="true" resp="editor" xml:lang="lat">
                            <foreign xml:lang="grc">οὐκοῦν</foreign> Babington: <foreign
                                xml:lang="grc">οὔκουν</foreign> Schneidewin.</note> ἄλλην μὲν
                        οὐδεμίαν τῶν ἐν τῇ πόλει γυναῖκα ἔχεις εἰπεῖν, ᾗτινι ἐγὼ τούτων αἴτιός εἰμι,
                        περὶ ἧς δὲ νῦν τὴν κατηγορίαν πεποίησαι, πότερα ᾤου<note anchored="true"
                            resp="editor" xml:lang="lat">Post<foreign xml:lang="grc">ᾤου</foreign>
                        add. <foreign xml:lang="grc">οὐ</foreign> Kirchhoff.</note> προσήκειν
                        συνοικεῖν ἐκδεδομένην Χαρίππῳ, ἑνὶ τῶν πολιτῶν, ἢ ἀνέκδοτον ἔνδον
                        καταγηράσκειν, ἣ εὐθὺς ἐξεδόθη τάλαντον ἀργυρίου προσθέντος αὐτῇ Εὐφήμου,
                        δηλονότι οὐ διὰ πονηρίαν, ἀλλὰ διʼ ἐπιείκειαν; </p>
                </div>
                <div type="textpart" subtype="section"
                    xml:base="urn:cts:greekLit:tlg0030.tlg001.perseus-grc2" n="14">
                    <p rend="align(indent)">τούτῳ μὲν οὖν ἔξεστιν, <add>ὦ</add><note anchored="true"
                            resp="editor" xml:lang="lat"><foreign xml:lang="grc">ὦ</foreign> add.
                        Babington, quod dubium an A supra versum habeat.</note> ἄνδρες δικασταί, καὶ
                        λέγειν ὅ τι ἂν βούληται καὶ καταψεύδεσθαι, ὑμᾶς δʼ οἶμαι δεῖν οὐκ ἐκ τῶν τοῦ
                        κατηγόρου <note anchored="true" resp="perseus" type="Papyr" xml:lang="eng"
                            place="margin">Column 12</note> διαβολῶν περὶ ἐμοῦ δικάζειν, ἀλλʼ ἐξ
                        ἅπαντος τοῦ βίου ὃν βεβίωκα ἐξετάσαντας. λαθεῖν γὰρ τὸ πλῆθος τὸ ὑμέτερον
                        οὐκ ἔνι οὔτε πονηρὸν ὄντα οὐδένα τῶν ἐν τῇ πόλει οὔτε ἐπιεικῆ, ἀλλʼ ὁ
                        παρεληλυθὼς χρόνος μάρτυς ἐστὶν ἑκάστῳ τοῦ τρόπου ἀκριβέστατος, ἄλλως τε δὴ
                        καὶ περὶ τούτων τῶν αἰτιῶν οἵα αὕτη <add>ἐστ</add>ίν. </p>
                </div>
                <div type="textpart" subtype="section"
                    xml:base="urn:cts:greekLit:tlg0030.tlg001.perseus-grc2" n="15">
                    <p>ὅσα μὲν γὰρ <add>τῶ</add>ν ἀδικημάτων <add>ἐν ἁ</add>πάσῃ τῇ ἡλικίᾳ <add>τῇ</add><note
                            anchored="true" resp="editor" xml:lang="lat">
                            <foreign xml:lang="grc">τῇ</foreign> Sauppe.</note> τοῦ ἀνθρώπου <add>
                        ἐνδέ</add>χεται<note anchored="true" resp="editor" xml:lang="lat"><foreign
                                xml:lang="grc">ἐνδέχεται</foreign> usque ad<foreign xml:lang="grc">
                        τοιοῦτος</foreign> plerumque restituit Babington.</note> ἀδικῆ<add>σαι, τα</add>ῦτα
                        μὲν δεῖ <add>σκοπεῖ</add>ν ἀπʼ αὐτοῦ τοῦ <add>ἐγκλή</add>ματος<note
                            anchored="true" resp="editor" xml:lang="lat"><foreign xml:lang="grc">
                        ἐγκλήματος</foreign> Blass: <foreign xml:lang="grc">ἀξιώματος</foreign>
                        Babington.</note> οὗ ἂν <add>ἔχῃ τις· μο</add>ιχεύειν <add>δʼ οὐκ ἐνδέ</add>χεται
                        ἀπὸ <add>πεντήκο</add>ντα ἐτῶν <add>ἄνθρωπον</add><note anchored="true"
                            resp="editor" xml:lang="lat">
                            <foreign xml:lang="grc">ἄνθρωπον</foreign> olim Jensen: <foreign
                                xml:lang="grc">ἀρξάμενον</foreign> Babington.</note> ἀλλʼ ἢ πά<add>λαι
                        τοιοῦτ</add>ός<note anchored="true" resp="editor" xml:lang="lat">See note on<foreign
                                xml:lang="grc">ἐενδέχεται</foreign> above.</note> ἐστιν, ὃ
                        δειξάτωσαν οὗτοι, <note anchored="true" resp="perseus" type="Papyr"
                            xml:lang="eng" place="margin">Column 13</note> ἢ ψευδῆ τὴν αἰτίαν εἰκὸς
                        εἶναι. </p>
                </div>
                <div type="textpart" subtype="section"
                    xml:base="urn:cts:greekLit:tlg0030.tlg001.perseus-grc2" n="16">
                    <p>ἐγὼ τοίνυν, ὦ ἄνδρες δικασταί, μεθʼ ὑμῶν διατρίβων ἐν τῇ πόλει τὸν ἅπαντα
                        χρόνον, οὔτε αἰτίαν πονηρὰν οὐδεμίαν πώποτʼ ἔλαβον, οὔτʼ ἔγκλημά μοι πρὸς
                        οὐδένα τῶν πολιτῶν γέγονεν, οὐδὲ πέφευγα δίκην οὐδεμίαν, οὐδʼ ἕτερον
                        δεδίωχα, ἱπποτροφῶν δὲ διατετέλεκα φιλοτίμως τὸν ἅπαντα χρόνον παρὰ δύναμιν
                        καὶ ὑπὲρ τὴν οὐσίαν τὴν ἐμαυτοῦ. ἐστεφάνωμαι δʼ ὑπό τε τῶν ἱππέων πάντων
                        ἀνδραγαθίας ἕνεκα, καὶ ὑπὸ τῶν συναρχόντων. </p>
                </div>
                <div type="textpart" subtype="section"
                    xml:base="urn:cts:greekLit:tlg0030.tlg001.perseus-grc2" n="17">
                    <p>ὑμεῖς γάρ με, ὦ ἄνδρες δικασταί, <note anchored="true" resp="P" type="Papyr">Column
                        14</note> πρῶτον μὲν φύλαρχον ἐχειροτονήσατε, ἔπειτα εἰς Λῆμνον ἵππαρχον·
                        καὶ ἦρξα μὲν αὐτόθι δύʼ ἔτη τῶν πώποθʼ ἱππαρχηκότων μόνος, προσκατέμεινα δὲ
                        αὐτόθι τὸν τρίτον ἐνιαυτόν, οὐ βουλόμενος πολίτας ἄνδρας ἐπὶ κεφαλὴν
                        εἰσπράττειν τὸν μισθὸν τοῖς ἱππεῦσιν ἀπόρως διακειμένους. </p>
                </div>
                <div type="textpart" subtype="section"
                    xml:base="urn:cts:greekLit:tlg0030.tlg001.perseus-grc2" n="18">
                    <p>καὶ ἐν τούτῳ μοι τῷ χρόνῳ ἔγκλημα μὲν οὐδεὶς τῶν ἐκεῖ ἐνεκάλεσεν οὔτε ἰδίᾳ
                        οὔτε δημοσίᾳ, στεφάνοις δὲ τρισὶν ἐστεφανώθην ὑπὸ τοῦ δ<add>ήμ</add>ου τοῦ
                        ἐν Ἡφαις<add>τί</add>ᾳ καὶ ἑτέροις ὑ<add>πὸ</add> τοῦ ἐν Μυρίνῃ· ἃ <add>χρ</add>
                        ὴ<note anchored="true" resp="editor" xml:lang="lat">
                            <foreign xml:lang="grc">χρὴ</foreign> Blass.</note> τεκμήρια ὑμῖν ε<add>
                        ἶν</add>αι<note anchored="true" resp="editor" xml:lang="lat">
                            <foreign xml:lang="grc">εἶναι</foreign> Sauppe.</note> εἰς τοῦτον τὸν <note
                            anchored="true" resp="perseus" type="Papyr" xml:lang="eng"
                            place="margin">Column 15</note> ἀγῶνα, ὡς ψευδεῖς κατʼ ἐμοῦ <add>αἱ</add><note
                            anchored="true" resp="editor" xml:lang="lat"><foreign xml:lang="grc">αἱ</foreign>
                        add. Babington.</note> αἰτίαι εἰσίν. οὐ γὰρ οἷόν τε τὸν Ἀθήνησι πονηρὸν ἐν
                        Λήμνῳ χρηστὸν εἶναι, οὐδʼ ὑμεῖς ὡς τοιοῦτον ὄντα με ἀπεστέλλετε ἐκεῖσε,
                        παρακατατιθέμενοι δύο πόλεις τῶν ὑμετέρων αὐτῶν. </p>
                </div>
                <div type="textpart" subtype="section"
                    xml:base="urn:cts:greekLit:tlg0030.tlg001.perseus-grc2" n="19">
                    <p rend="align(indent)">ὅσα μὲν οὖν ἐγὼ εἶχον, ὦ ἄνδρες δικασταί, ὑπὲρ ἐμαυτοῦ
                        εἰπεῖν, σχεδὸν ἀκηκόατε. ἐπ<add>ει</add>δὴ δὲ ὁ κατήγορος οὐκ ἀπείρως ἔχων
                        τοῦ λέγειν, εἰωθὼς δὲ πολλάκις ἀγωνίζεσθαι, ἐκάλει συνηγόρους τοὺς
                        συναπολοῦντάς τινα τῶν πολιτῶν ἀδίκως, δέομαι ὑμῶν καὶ ἐγὼ καὶ ἀντιβολῶ
                        κελεῦσαι κἀμὲ καλέσαι τοὺς συνεροῦντας <note anchored="true" resp="perseus"
                            type="Papyr" xml:lang="eng" place="margin">Column 16</note> ἐμοὶ ὑπὲρ
                        τηλικούτου ἀγῶνος, καὶ ἀκοῦσαι εὐνοικῶς, εἴ τίς μοι ἔχει τῶν οἰκείων ἢ τῶν
                        φίλων βοηθῆσαι, </p>
                </div>
                <div type="textpart" subtype="section"
                    xml:base="urn:cts:greekLit:tlg0030.tlg001.perseus-grc2" n="20">
                    <p>πολίτῃ μὲν ὄντι ὑμετέρῳ, ἰδιώτῃ δὲ καὶ οὐκ εἰωθότι λέγειν, ἀγωνιζομένῳ δὲ καὶ
                        κινδυνεύοντι οὐ μόνον περὶ θανάτου, ἐλάχιστον γὰρ τοῦτό ἐστιν τοῖς ὀρθῶς
                        λογιζομένοις, ἀλλʼ ὑπὲρ τοῦ ἐξορισθῆναι καὶ ἀποθανόντα μηδὲ ἐν τῇ πατρίδι
                        ταφῆναι. ἐὰν οὖν κελεύητε, ὦ ἄνδρες δικασταί, καλῶ τινα βοηθήσοντα. ἀνάβηθί
                        μοι, Θεόφιλε, καὶ σύνειπε ὅ τι ἔχεις· κελεύουσιν οἱ δικασταί.</p>
                </div>
            </div>

        </body>
    </text>
</TEI>