<?xml version="1.0" encoding="UTF-8"?>
<?xml-model href="http://www.stoa.org/epidoc/schema/latest/tei-epidoc.rng" schematypens="http://relaxng.org/ns/structure/1.0"?>
<TEI xmlns="http://www.tei-c.org/ns/1.0">
  <teiHeader>
    <fileDesc>
      <titleStmt>
        <title>Callimachus</title>

        <author>Isocrates</author>
        <editor>Larue Van Hook</editor>
        <sponsor>Perseus Project, Tufts University</sponsor>
        <principal>Gregory Crane</principal>
        <respStmt>
          <resp>Prepared under the supervision of</resp>
          <name>Lisa Cerrato</name>
          <name>William Merrill</name>
          <name>Elli Mylonas</name>
          <name>David Smith</name>
        </respStmt>
        <funder n="org:AnnCPB">The Annenberg CPB/Project</funder>

      </titleStmt>
      <publicationStmt>
        <publisher>Trustees of Tufts University</publisher>
        <pubPlace>Medford, MA</pubPlace>
        <authority>Perseus Project</authority>
      </publicationStmt>

      <sourceDesc>
        <bibl>
          <author>Isocrates</author>
          <title>Isocrates with an English Translation in three volumes, by Larue Van Hook, Ph.D.,
            LL.D.</title>
          <publisher>Cambridge, MA, Harvard University Press; London, William Heinemann
            Ltd.</publisher>
          <biblScope unit="volume">3</biblScope>
          <date type="print">1945</date>
          <date type="reprint">1968</date>
        </bibl>
      </sourceDesc>
    </fileDesc>

    <encodingDesc>
      <refsDecl n="CTS">
        <cRefPattern n="section"
          matchPattern="(\\w+)"
          replacementPattern="#xpath(/tei:TEI/tei:text/tei:body/tei:div/tei:div[@n=\'$1\'])">
          <p>This pointer pattern extracts section</p>
        </cRefPattern>
      </refsDecl>
      <refsDecl>
        <refState n="chunk context" unit="section" />
      </refsDecl>
    </encodingDesc>

    <profileDesc>
      <langUsage>
        <language ident="eng">English </language>
        <language ident="grc">Greek </language>
      </langUsage>

      <textClass xml:id="gen.epideictic">
        <keywords>
          <term>Epideictic</term>
        </keywords>
      </textClass>
      <textClass xml:id="gen.forensic.prosecution">
        <keywords>
          <term>Forensic Prosecution</term>
        </keywords>
      </textClass>
      <textClass xml:id="gen.forensic.defense">
        <keywords>
          <term>Forensic Defense</term>
        </keywords>
      </textClass>
      <textClass xml:id="gen.estate.claim">
        <keywords>
          <term>Claim against an Estate</term>
        </keywords>
      </textClass>
    </profileDesc>

    <revisionDesc>
      <!--
      <change><date>April 1992</date>
	<respStmt><name>W. Merrill</name><resp>ed.</resp></respStmt>
	<item>Threw out isoc.gk.sgml because first letter of each line was missing. Started from scratch
      again from isoc.gk.raw. Change markup in accordance with orator dtd</item>
      </change>
      <change><date>June 1992</date>
	<respStmt><name>W. Merrill</name><resp>ed.</resp></respStmt>
	<item>put speeches in numerical order. Consolidated files.</item>
      </change>
      <change><date>June 1995</date>
	<respStmt><name>Lisa Cerrato</name><resp>ed.</resp></respStmt>
	<item>made section after 11.21 11.22. It was 11.37.</item>
      </change>
      <change><date>1 March 2000</date>
	<respStmt><name>David Smith</name><resp>ed.</resp></respStmt>
	<item>
$Log: isoc.orat_gk.xml,v $
Revision 1.1  2009-11-24 20:08:29  rsingh04
moved more xml files around based on copyright status

Revision 1.4  2009/06/24 16:04:24  lcerrato
fixed bad bibls

Revision 1.3  2009/06/11 17:56:55  student
fixed bibl errors - zr

Revision 1.2  2006/02/10 21:10:24  packel
places/dates now actually tagged

Revision 1.1  2005/08/01 18:01:20  packel
split up letters and speeches

Revision 1.1  2005/07/25 14:37:37  packel
Converted to XML
	
Revision 1.12  2003/07/01 22:17:05  yorkc
Updated texts to TEI P4 and Perseus P4 extensions; minor cleanup (esp. character encodings and
      typos.)

Revision 1.11  2000/10/24 16:30:03  lcerrato
repetition of end of word in 7.38 eliminated

Revision 1.10  2000/03/22 17:08:04  dasmith
Corrected title of fifth letter.

Revision 1.9  2000/03/04 20:34:40  dasmith
Added separate funder entity to TEI header.

Revision 1.8  2000/03/01 22:22:15  dasmith
Only look up speeches in the orat. subdoc.

Revision 1.7  2000/03/01 22:15:43  dasmith
Can't have tags in change log.

Revision 1.6  2000/03/01 22:14:46  dasmith
Erroneously copied "text xml:lang=eng" from English file.

Revision 1.5  2000/03/01 22:08:47  dasmith
Converted to TEI P3.
Wrap letters in DIV1 so we can cite them as "L. 4.3" within doc.


      </item></change>
    <change><date>July 2014</date>
    <respStmt><name>Stella Dee</name><resp>ed.</resp></respStmt>
    <item>split speeches and converted to unicode</item>
      </change></change>-->
      <change when="2014-10-01" who="Stella Dee">edited markup</change>
      <change when="2016-01-26" who="TDBuck">epidoc and CTS</change>
    </revisionDesc>
  </teiHeader>
  <text xml:lang="grc">
    <body>
      <div type="edition" n="urn:cts:greekLit:tlg0010.tlg002.perseus-grc2" xml:lang="grc">
        <div subtype="section" type="textpart" n="1">
          <p> εἰ μὲν καὶ ἄλλοι τινὲς ἦσαν ἠγωνισμένοι τοιαύτην παραγραφήν, ἀπʼ αὐτοῦ τοῦ πράγματος
            ἠρχόμην ἂν τοὺς λόγους ποιεῖσθαι· νῦν δʼ ἀνάγκη περὶ τοῦ νόμου πρῶτον εἰπεῖν καθʼ ὃν
            εἰσεληλύθαμεν, ἵνʼ ἐπιστάμενοι περὶ ὧν ἀμφισβητοῦμεν, τὴν ψῆφον φέρητε, καὶ μηδεὶς ὑμῶν
            θαυμάσῃ διότι φεύγων τὴν δίκην πρότερος λέγω τοῦ διώκοντος. </p>
        </div>
        <div subtype="section" type="textpart" n="2">
          <p>ἐπειδὴ γὰρ ἐκ Πειραιέως κατελθόντες ἐνίους ἑωρᾶτε τῶν πολιτῶν συκοφαντεῖν ὡρμημένους
            καὶ
            τὰς συνθήκας λύειν ἐπιχειροῦντας, βουλόμενοι τούτους τε παῦσαι καὶ τοῖς ἄλλοις ἐπιδεῖξαι
            ὅτι οὐκ ἀναγκασθέντες ἐποιήσασθʼ αὐτὰς ἀλλʼ ἡγούμενοι τῇ πόλει συμφέρειν, εἰπόντος
            Ἀρχίνου
            νόμον ἔθεσθε, ἄν τις δικάζηται παρὰ τοὺς ὅρκους, ἐξεῖναι τῷ φεύγοντι παραγράψασθαι, τοὺς
            δʼ ἄρχοντας περὶ τούτου πρῶτον εἰσάγειν, λέγειν δὲ πρότερον τὸν παραγραψάμενον, </p>
        </div>
        <div subtype="section" type="textpart" n="3">
          <p>ὁπότερος δʼ ἂν ἡττηθῇ, τὴν ἐπωβελίαν ὀφείλειν, ἵνʼ οἱ τολμῶντες μνησικακεῖν μὴ μόνον
            ἐπιορκοῦντες ἐξελέγχοιντο μηδὲ τὴν παρὰ τῶν θεῶν τιμωρίαν ὑπομένοιεν ἀλλὰ καὶ παραχρῆμα
            ζημιοῖντο. δεινὸν οὖν ἡγησάμην, εἰ τῶν νόμων οὕτως ἐχόντων ἐγὼ περιόψομαι τὸν μὲν
            συκοφάντην ἐν τριάκοντα δραχμαῖς κινδυνεύοντα, ἐμαυτὸν δὲ περὶ τῆς οὐσίας ἁπάσης
            ἀγωνιζόμενον. </p>
        </div>
        <div subtype="section" type="textpart" n="4">
          <p>ἀποδείξω δὲ Καλλίμαχον οὐ μόνον παρὰ τὰς συνθήκας δικαζόμενον, ἀλλὰ καὶ περὶ τῶν
            ἐγκλημάτων ψευδόμενον, καὶ προσέτι δίαιταν ἡμῖν γεγενημένην περὶ αὐτῶν. βούλομαι δʼ ἐξ
            ἀρχῆς ὑμῖν διηγήσασθαι τὰ πραχθέντα· ἂν γὰρ τοῦτο μάθητε ὡς οὐδὲν ὑπʼ ἐμοῦ κακὸν
            πέπονθεν,
            ἡγοῦμαι ταῖς τε συνθήκαις ὑμᾶς ἥδιον βοηθήσειν καὶ τούτῳ μᾶλλον ὀργιεῖσθαι. </p>
        </div>
        <div subtype="section" type="textpart" n="5">
          <p>ἦρχον μὲν γὰρ οἱ δέκα οἱ μετὰ τοὺς τριάκοντα καταστάντες, ὄντος δέ μοι Πατροκλέους
            ἐπιτηδείου, τοῦ τότε βασιλεύοντος, ἔτυχον μετʼ αὐτοῦ βαδίζων. ἐκεῖνος δʼ ἐχθρὸς ὢν
            Καλλιμάχῳ τῷ νῦν ἐμὲ διώκοντι τὴν δίκην, ἀπήντησεν ἀργύριον φέροντι. λαβόμενος δʼ αὐτοῦ
            Πάμφιλον ἔφασκεν αὐτὸ καταλιπεῖν καὶ δημόσιον γίγνεσθαι· ἐκεῖνον γὰρ εἶναι τῶν ἐν
            Πειραιεῖ. </p>
        </div>
        <div subtype="section" type="textpart" n="6">
          <p>ἀμφισβητοῦντος δὲ τούτου καὶ λοιδορίας αὐτοῖς γενομένης ἄλλοι τε πολλοὶ συνέδραμον, καὶ
            κατὰ τύχην Ῥίνων εἷς τῶν δέκα γενόμενος προσῆλθεν. εὐθὺς οὖν πρὸς αὐτὸν τὴν φάσιν τῶν
            χρημάτων ὁ Πατροκλῆς ἐποιεῖτο· ὁ δʼ ὡς τοὺς συνάρχοντας ἦγεν ἀμφοτέρους. ἐκεῖνοι δʼ εἰς
            τὴν βουλὴν περὶ αὐτῶν ἀπέδοσαν· κρίσεως δὲ γενομένης ἔδοξε τὰ χρήματα δημόσιʼ εἶναι.
            μετὰ
            δὲ ταῦτʼ, </p>
        </div>
        <div subtype="section" type="textpart" n="7">
          <p>ἐπειδὴ κατῆλθον οἱ φεύγοντες ἐκ Πειραιέως, οὗτος<note resp="ed" xml:lang="eng"
              anchored="true"><foreign xml:lang="grc">οὗτος</foreign>added by Blass.</note> ἐνεκάλει
            τῷ Πατροκλεῖ καὶ δίκας ἐλάγχανεν ὡς αἰτίῳ τῆς συμφορᾶς γεγενημένῳ· διαλλαγεὶς δὲ πρὸς
            ἐκεῖνον καὶ πραξάμενος αὐτὸν δέκα μνᾶς ἀργυρίου Λυσίμαχον ἐσυκοφάντει· λαβὼν δὲ καὶ παρὰ
            τούτου διακοσίας δραχμὰς ἐμοὶ πράγματα παρεῖχεν. καὶ τὸ μὲν πρῶτον ἐνεκάλει φάσκων με
            συμπράττειν ἐκείνοις, τελευτῶν δʼ εἰς τοῦτʼ ἀναιδείας ἦλθεν ὥσθʼ ἁπάντων με τῶν
            γεγενημένων ᾐτιᾶτο· ἅπερ ἴσως καὶ νῦν τολμήσει κατηγορεῖν. </p>
        </div>
        <div subtype="section" type="textpart" n="8">
          <p>ἐγὼ δʼ ὑμῖν παρέξομαι μάρτυρας πρῶτον μὲν τοὺς ἐξ ἀρχῆς παραγενομένους, ὡς οὔτʼ
            ἐπελαβόμην οὔτʼ ἐφηψάμην τῶν χρημάτων, ἔπειτα Ῥίνωνα<note resp="ed" xml:lang="eng"
              anchored="true"><foreign xml:lang="grc">Ῥίνωνα</foreign>added by Sauppe.</note> καὶ
            τοὺς συνάρχοντας, ὡς οὐκ ἐγὼ τὴν φάσιν ἀλλὰ Πατροκλῆς ἐποιήσατο πρὸς αὐτούς, ἔτι δὲ τοὺς
            βουλευτάς, ὡς ἐκεῖνος ἦν ὁ κατηγορῶν. καί μοι κάλει τούτων μάρτυρας.<quote
              type="*ma/rtures" />
          </p>
        </div>
        <div subtype="section" type="textpart" n="9">
          <p>οὕτω τοίνυν πολλῶν παραγενομένων τοῖς πραχθεῖσιν, ὥσπερ οὐδενὸς συνειδότος αὐτὸς μὲν
            οὗτος ἐφιστάμενος εἰς τοὺς ὄχλους καὶ καθίζων ἐπὶ τοῖς ἐργαστηρίοις λόγους ἐποιεῖτο ὡς
            δεινὰ πεπονθὼς ὑπʼ ἐμοῦ καὶ τῶν χρημάτων ἀπεστερημένος, τῶν δὲ χρωμένων τινὲς τούτῳ
            προσιόντες μοι συνεβούλευον ἀπαλλάττεσθαι τῆς πρὸς τοῦτον διαφορᾶς καὶ μὴ βούλεσθαι
            κακῶς
            ἀκούειν μηδὲ κινδυνεύειν περὶ πολλῶν χρημάτων, μηδʼ εἰ σφόδρα πιστεύω τῷ πράγματι,
            λέγοντες ὡς πολλὰ παρὰ γνώμην ἐν τοῖς δικαστηρίοις ἀποβαίνει, </p>
        </div>
        <div subtype="section" type="textpart" n="10">
          <p>καὶ ὅτι τύχῃ μᾶλλον ἢ τῷ δικαίῳ κρίνεται τὰ παρʼ ὑμῖν, ὥστε λυσιτελεῖν μοι μίκρʼ
            ἀναλώσαντι μεγάλων ἐγκλημάτων ἀπαλλαγῆναι μᾶλλον ἢ μηδὲν ἀποτείσαντι κινδυνεύειν περὶ
            τηλικούτων. τί δʼ ἂν ὑμῖν τὰ πολλὰ καθʼ ἕκαστον διηγοίμην;<note resp="ed" xml:lang="eng"
              anchored="true"><foreign xml:lang="grc">τί δʼ ἂν ὑμῖν τὰ πολλὰ καθʼ ἕκαστον
                διηγοίμην</foreign>vulg. Blass omits<foreign xml:lang="grc">δʼ</foreign>and<foreign
                xml:lang="grc">καθʼ ἕκαστον.</foreign></note> οὐδὲν γὰρ<note resp="ed"
              xml:lang="eng"
              anchored="true"><foreign xml:lang="grc">οὐδὲν γὰρ</foreign>added by Blass.</note>
            παρέλιπον τῶν εἰθισμένων περὶ τῶν τοιούτων λέγεσθαι. τελευτῶν δʼ οὖν ἐπείσθην, ἅπαντα
            γὰρ εἰρήσεται τἀληθῆ πρὸς ὑμᾶς, δοῦναι τούτῳ διακοσίας δραχμάς. ἵνα δὲ μὴ πάλιν ἐξείη
            συκοφαντεῖν αὐτῷ, δίαιταν ἐπὶ ῥητοῖς ἐπετρέψαμεν Νικομάχῳ Βατῆθεν.<gap reason="lost" /><quote
              type="*ma/rtures" />
          </p>
        </div>
        <div subtype="section" type="textpart" n="11">
          <p>τὸ μὲν τοίνυν πρῶτον ἐνέμεινε τοῖς ὡμολογημένοις, ὕστερον δʼ ἐπιβουλεύσας μετὰ
            Ξενοτίμου,
            τοῦ τοὺς νόμους διαφθείροντος καὶ τὰ δικαστήρια δεκάζοντος καὶ τὰς ἀρχὰς λυμαινομένου
            καὶ
            πάντων κακῶν αἰτίου, λαγχάνει μοι δίκην μυρίων δραχμῶν. προβαλλομένου δʼ ἐμοῦ μάρτυρα,
            ὡς
            οὐκ εἰσαγώγιμος ἦν ἡ δίκη διαίτης γεγενημένης, ἐκείνῳ μὲν οὐκ ἐπεξῆλθεν, </p>
        </div>
        <div subtype="section" type="textpart" n="12">
          <p>εἰδὼς ὅτι, εἰ μὴ μεταλάβοι τὸ πέμπτον μέρος τῶν ψήφων, τὴν ἐπωβελίαν ὀφλήσει, πείσας δὲ
            τὴν ἀρχὴν πάλιν τὴν αὐτὴν δίκην ἐγράψατο, ὡς ἐν τοῖς πρυτανείοις μόνον κινδυνεύσων.
            ἀπορῶν
            δʼ ὅ τι χρησαίμην τοῖς κακοῖς, ἡγησάμην εἶναι κράτιστον ἐξ ἴσου καταστήσαντʼ ἀμφοτέροις
            τὸν κίνδυνον εἰσελθεῖν εἰς ὑμᾶς. καὶ τὰ μὲν γενόμενα ταῦτʼ ἐστίν. </p>
        </div>
        <div subtype="section" type="textpart" n="13">
          <p>πυνθάνομαι δὲ Καλλίμαχον οὐ μόνον περὶ τῶν ἐγκλημάτων διανοεῖσθαι ψευδῆ λέγειν, ἀλλὰ
            καὶ
            τὴν δίαιταν μέλλειν ἔξαρνον εἶναι καὶ παρεσκευάσθαι λέγειν τοιούτους λόγους, ὡς οὐκ ἄν
            ποτʼ ἐπέτρεψε Νικομάχῳ δίαιταν, ὃν ἠπίστατο πάλαι χρώμενον ἡμῖν, καὶ ὡς οὐκ ἐικὸς ἦν
            αὐτὸν
            ἀντὶ μυρίων δραχμῶν διακοσίας ἐθελῆσαι λαβεῖν. </p>
        </div>
        <div subtype="section" type="textpart" n="14">
          <p>ὑμεῖς δʼ ἐνθυμεῖσθε πρῶτον μὲν ὅτι τὴν δίαιταν οὐκ ἀμφισβητοῦντες ἀλλʼ ἐπὶ ῥητοῖς
            ἐπετρέψαμεν, ὥστʼ οὐδὲν ἄτοπον ἐποίησεν, εἰ Νικόμαχον εἵλετο διαιτητήν, ἀλλὰ πολὺ μᾶλλον
            εἰ περὶ τῶν πραγμάτων ὡμολογηκὼς περὶ τοῦ διαιτητοῦ διεφέρετο. ἔπειτʼ ὀφειλομένων μὲν
            αὐτῷ
            μυρίων δραχμῶν οὐκ εἰκὸς ἦν αὐτὸν ἐπὶ δυοῖν μναῖν ποιήσασθαι τὴν διαλλαγήν· ἀδίκως δʼ
            αἰτιώμενον καὶ συκοφαντοῦντα οὐδὲν θαυμαστὸν τοσοῦτον ἐθελῆσαι λαβεῖν. ἔτι δʼ, εἰ μεγάλʼ
            ἐγκαλῶν ὀλίγʼ ἐπράξατο, οὐ τούτῳ τοῦτο τεκμήριόν ἐστιν, ὡς ἡ δίαιτα οὐ γέγονεν, ἀλλὰ
            πολὺ
            μᾶλλον ἡμῖν, ὡς καὶ τὴν ἀρχὴν οὐ δικαίως ἐνεκάλεσεν. </p>
        </div>
        <div subtype="section" type="textpart" n="15">
          <p>θαυμάζω δʼ εἰ αὑτὸν μὲν ἱκανὸν γνῶναι νομίζει ὅτι οὐκ εἰκὸς ἀντὶ μυρίων δραχμῶν
            διακοσίας
            ἐθελῆσαι λαβεῖν, ἐμὲ δʼ οὐκ ἂν οἴεται τοῦτʼ ἐξευρεῖν, εἴπερ ἠβουλόμην ψευδῆ λέγειν, ὅτι
            πλέον ἔδει φάσκειν τούτων δεδωκέναι. ἀξιῶ δʼ, ὅσον περ ἂν τούτῳ σημεῖον ἦν ὡς ἡ δίαιτα
            οὐ
            γέγονεν, ἑλόντι τὰ διαμαρτυρηθέντα, τοσοῦτον ἐμοὶ γενέσθαι τεκμήριον ὡς ἀληθῆ λέγω περὶ
            αὐτῆς, ἐπειδὴ τῷ μάρτυρι φανερός ἐστιν οὐδʼ ἐπεξελθεῖν ἀξιώσας. </p>
        </div>
        <div subtype="section" type="textpart" n="16">
          <p>ἡγοῦμαι δʼ, εἰ μήθʼ ἡ δίαιτα ἐγεγόνει μήτε τῶν πεπραγμένων ἦσαν μάρτυρες, ἔδει δʼ ἐκ
            τῶν
            εἰκότων σκοπεῖν, οὐδʼ οὕτω χαλεπῶς ἂν ὑμᾶς γνῶναι τὰ δίκαια. εἰ μὲν γὰρ καὶ τοὺς ἄλλους
            ἀδικεῖν ἐτόλμων, εἰκότως ἄν μου κατεγιγνώσκετε καὶ περὶ τοῦτον ἐξαμαρτάνειν· νῦν δʼ
            οὐδένα
            φανήσομαι τῶν πολιτῶν οὔτε χρήμασι ζημιώσας οὔτε περὶ τοῦ σώματος εἰς κίνδυνον
            καταστήσας,
            οὔτʼ ἐκ μὲν τῶν μετεχόντων τῆς πολιτείας ἐξαλείψας, εἰς δὲ τὸν μετὰ Λυσάνδρου κατάλογον
            ἐγγράψας. </p>
        </div>
        <div subtype="section" type="textpart" n="17">
          <p>καίτοι πολλοὺς ἐπῆρεν ἡ τῶν τριάκοντα πονηρία τοιαῦτα ποιεῖν· οὐ γὰρ ὅτι τοὺς
            ἀδικοῦντας
            ἐκόλαζον, ἀλλʼ ἐνίοις καὶ προσέταττον ἐξαμαρτάνειν. ἐγὼ μὲν τοίνυν οὐδʼ ἐπὶ τῆς ἐκείνων
            ἀρχῆς οὐδὲν εὑρεθήσομαι τοιοῦτον ἐργασάμενος· οὗτος δʼ ἀδικηθῆναί φησιν, ὅτʼ ἐξεβέβληντο
            μὲν οἱ τριάκοντα, ὁ δὲ Πειραιεὺς ἦν κατειλημμένος, ἐκράτει δʼ ὁ δῆμος, περὶ διαλλαγῶν δʼ
            ἦσαν οἱ λόγοι. </p>
        </div>
        <div subtype="section" type="textpart" n="18">
          <p>καίτοι δοκεῖ ἂν ὑμῖν, ὅστις ἐπὶ τῶν τριάκοντα κόσμιον αὑτὸν παρέσχεν, εἰς τοῦτον
            ἀποθέσθαι τὸν χρόνον ἀδικεῖν, ἐν ᾧ καὶ τοῖς πρότερον ἡμαρτηκόσι μετέμελεν; ὃ δὲ πάντων
            δεινότατον, εἰ τῶν μὲν ὑπαρχόντων ἐχθρῶν μηδʼ ἀμύνεσθαι μηδένʼ ἠξίωσα, τοῦτον δὲ κακῶς
            ποιεῖν ἐπεχείρουν, πρὸς ὃν οὐδὲν πώποτέ μοι συμβόλαιον ἐγένετο. </p>
        </div>
        <div subtype="section" type="textpart" n="19">
          <p>ὡς μὲν οὖν οὐκ αἴτιός εἰμι Καλλιμάχῳ τῆς τῶν χρημάτων δημεύσεως, ἱκανῶς ἀποδεδεῖχθαί
            μοι νομίζω· ὡς δʼ οὐκ ἐξῆν αὐτῷ δικάζεσθαι περὶ τῶν τότε γεγενημένων, οὐδʼ εἰ πάντα
            ταῦτʼ ἦν πεποιηκὼς ἅ φησιν αὐτός, ἐκ τῶν συνθηκῶν γνώσεσθε. καί μοι λαβὲ τὸ βιβλίον.<quote
              type="*sunqh=kai">
              <p>Συνθῆκαι</p>
            </quote>
          </p>
        </div>
        <div subtype="section" type="textpart" n="20">
          <p>ἆρα μικρῷ τῷ δικαίῳ πιστεύων τὴν παραγραφὴν ἐποιησάμην, ἀλλʼ οὐ τῶν μὲν συνθηκῶν
            διαρρήδην ἀφιεισῶν τοὺς ἐνδείξαντας ἢ φήναντας ἢ τῶν ἄλλων τι τῶν τοιούτων πράξαντας,
            ἐμαυτὸν δʼ ἔχων ἀποφαίνειν, ὡς οὔτε ταῦτα πεποίηκα οὔτʼ ἄλλʼ οὐδὲν ἐξήμαρτον; ἀνάγνωθι
            δή μοι καὶ τοὺς ὅρκους.<quote type="*(/orkoi" />
          </p>
        </div>
        <div subtype="section" type="textpart" n="21">
          <p>οὐκ οὖν δεινόν, ὦ ἄνδρες δικασταί, οὕτω μὲν τῶν συνθηκῶν ἐχουσῶν, τοιούτων δὲ τῶν ὅρκων
            γενομένων, τοσοῦτον φρονεῖν Καλλίμαχον ἐπὶ τοῖς λόγοις τοῖς αὑτοῦ ὥσθʼ ἡγεῖσθαι πείσειν
            ὑμᾶς ἐναντία τούτοις ψηφίσασθαι; καὶ εἰ μὲν ἑώρα μεταμέλον τῇ πόλει τῶν πεπραγμένων, οὐκ
            ἄξιον ἦν θαυμάζειν αὐτοῦ· νῦν δʼ οὐ μόνον ἐν τῇ θέσει τῶν νόμων ἐπεδείξασθε περὶ πολλοῦ
            ποιούμενοι τὰς συνθήκας, </p>
        </div>
        <div subtype="section" type="textpart" n="22">
          <p>ἀλλὰ καὶ Φίλωνα τὸν ἐκ Κοίλης ἐνδειχθέντα παραπρεσβεύεσθαι, καὶ περὶ μὲν τοῦ πράγματος
            οὐδὲν ἔχοντʼ ἀπολογήσασθαι, τὰς δὲ συνθήκας παρεχόμενον, ἔδοξεν ὑμῖν ἀφεῖναι καὶ μηδὲ
            κρίσιν περὶ αὐτοῦ ποιήσασθαι. καὶ ἡ μὲν πόλις οὐδὲ παρὰ τῶν ὁμολογούντων ἐξαμαρτάνειν
            ἀξιοῖ δίκην λαβεῖν, οὗτος δὲ καὶ τοὺς οὐδὲν ἠδικηκότας τολμᾷ συκοφαντεῖν. </p>
        </div>
        <div subtype="section" type="textpart" n="23">
          <p>καὶ μὴν οὐδὲ τάδʼ αὐτὸν λέληθεν, ὅτι Θρασύβουλος καὶ Ἄνυτος μέγιστον μὲν δυνάμενοι τῶν
            ἐν
            τῇ πόλει, πολλῶν δʼ ἀπεστερημένοι χρημάτων, εἰδότες δὲ τοὺς ἀπογράψαντας, ὅμως οὐ
            τολμῶσιν
            αὐτοῖς δίκας λαγχάνειν οὐδὲ μνησικακεῖν, ἀλλʼ εἰ καὶ περὶ τῶν ἄλλων μᾶλλον ἑτέρων
            δύνανται
            διαπράττεσθαι, </p>
        </div>
        <div subtype="section" type="textpart" n="24">
          <p>ἀλλʼ οὖν περὶ γε τῶν ἐν ταῖς συνθήκαις ἴσον ἔχειν τοῖς ἄλλοις ἀξιοῦσιν. καὶ οὐχ οὗτοι
            μόνοι ταῦτʼ ἠξιώκασιν, ἀλλʼ οὐδʼ ὑμῶν οὐδεὶς τοιαύτην δίκην εἰσελθεῖν τετόλμηκεν. καίτοι
            δεινόν, εἰ ἐπὶ μὲν τοῖς ὑμετέροις αὐτῶν πράγμασιν ἐμμένετε τοῖς ὅρκοις, ἐπὶ δὲ τῇ τούτου
            συκοφαντίᾳ παραβαίνειν ἐπιχειρήσετε, καὶ τὰς μὲν ἰδίας ὁμολογίας δημοσίᾳ κυρίας
            ἀναγκάζετʼ
            εἶναι, τὰς δὲ τῆς πόλεως συνθήκας ἰδίᾳ τὸν βουλόμενον λύειν ἐάσετε. </p>
        </div>
        <div subtype="section" type="textpart" n="25">
          <p>ὃ δὲ πάντων ἄν τις μάλιστα θαυμάσειεν, εἰ, ὅτε μὲν ἄδηλον ἦν, εἰ συνοίσουσιν αἱ
            διαλλαγαὶ
            τῇ πόλει, τοιούτους ὅρκους ἐποιήσασθε περὶ αὐτῶν, ὥστʼ εἰ καὶ μὴ συνέφερεν ἀναγκαῖον
            εἶναι
            τοῖς ὡμολογημένοις ἐμμένειν, ἐπειδὴ δʼ οὕτω καλῶς ὑμῖν συμβέβηκεν ὥστε καὶ μηδεμιᾶς
            πίστεως γεγενημένης ἄξιον εἶναι τὴν παροῦσαν πολιτείαν διαφυλάττειν, </p>
        </div>
        <div subtype="section" type="textpart" n="26">
          <p>τηνικαῦτα τοὺς ὅρκους παραβήσεσθε· καὶ τοῖς μὲν εἰρηκόσιν ὡς χρὴ τὰς συνθήκας
            ἐξαλείφειν
            ὠργίζεσθε, τουτονὶ δʼ, ὃς γεγραμμένας αὐτὰς τολμᾷ παραβαίνειν, ἀζήμιον ἀφήσετε. ἀλλʼ
            οὔτʼ
            ἂν δίκαια οὔτʼ ἄξιʼ ὑμῶν αὐτῶν οὔτʼ ἂν πρέποντα τοῖς πρότερον ἐγνωσμένοις ποιήσαιτε. </p>
        </div>
        <div subtype="section" type="textpart" n="27">
          <p>ἐνθυμεῖσθε δʼ ὅτι περὶ τῶν μεγίστων ἥκετε δικάσοντες· περὶ γὰρ συνθηκῶν τὴν ψῆφον
            οἴσετε,
            ἃς οὐδὲ πώποτʼ οὔθʼ ὑμῖν πρὸς ἑτέρους οὔτʼ ἄλλοις πρὸς ὑμᾶς ἐλυσιτέλησε παραβῆναι,
            τοσαύτην δʼ ἔχουσι δύναμιν ὥστε τὰ πλεῖστα τοῦ βίου καὶ τοῖς Ἕλλησι καὶ τοῖς βαρβάροις
            διὰ
            συνθηκῶν εἶναι. </p>
        </div>
        <div subtype="section" type="textpart" n="28">
          <p>ταύταις γὰρ πιστεύοντες ὡς ἀλλήλους ἀφικνούμεθα καὶ ποριζόμεθα ὧν ἕκαστοι τυγχάνομεν
            δεόμενοι· μετὰ τούτων καὶ τὰ συμβόλαια τὰ πρὸς ἡμᾶς αὐτοὺς ποιούμεθα καὶ τὰς ἰδίας
            ἔχθρας
            καὶ τοὺς κοινοὺς πολέμους διαλυόμεθα· τούτῳ μόνῳ κοινῷ πάντες ἄνθρωποι διατελοῦμεν
            χρώμενοι. ὥσθʼ ἅπασι μὲν προσήκει βοηθεῖν αὐταῖς, μάλιστα δʼ ὑμῖν. </p>
        </div>
        <div subtype="section" type="textpart" n="29">
          <p>ὑπόγυιον γὰρ ἐστιν, ἐξ οὗ καταπολεμηθέντες, ἐπὶ τοῖς ἐχθροῖς γενόμενοι, πολλῶν
            ἐπιθυμησάντων διαφθεῖραι τὴν πόλιν, εἰς ὅρκους καὶ συνθήκας κατεφύγομεν, ἅς εἰ
            Λακεδαιμόνιοι τολμῷεν παραβαίνειν, σφόδρʼ ἂν ἕκαστος ὑμῶν ἀγανακτήσειεν. </p>
        </div>
        <div subtype="section" type="textpart" n="30">
          <p>καίτοι πῶς οἷόν τʼ ἐστὶν ἑτέρων κατηγορεῖν οἷς αὐτός τις ἔνοχός ἐστιν; τῷ δʼ ἂν
            δόξαιμεν
            ἀδικεῖσθαι παρὰ τὰς συνθήκας κακῶς πάσχοντες, εἰ μηδʼ αὐτοὶ φαινοίμεθʼ αὐτὰς περὶ πολλοῦ
            ποιούμενοι; τίνας δὲ πίστεις πρὸς τοὺς ἄλλους εὑρήσομεν, εἰ τὰς πρὸς ἡμᾶς αὐτοὺς
            γεγενημένας οὕτως εἰκῇ λύσομεν; </p>
        </div>
        <div subtype="section" type="textpart" n="31">
          <p>ἄξιον δὲ καὶ τῶνδε μνησθῆναι, διότι πολλῶν καὶ καλῶν τοῖς προγόνοις ἐν τῷ πολέμῳ
            πεπραγμένων οὐχ ἥκισθʼ ἡ πόλις ἐκ τούτων τῶν διαλλαγῶν εὐδοκίμησεν. πρὸς μὲν γὰρ τὸν
            πόλεμον πολλαὶ πόλεις ἂν εὑρεθεῖεν καλῶς ἠγωνισμέναι, περὶ δὲ στάσεως οὐκ ἔστιν ἣν ἄν
            τις
            ἐπιδείξειεν ἄμεινον τῆς ἡμετέρας βεβουλευμένην. </p>
        </div>
        <div subtype="section" type="textpart" n="32">
          <p>ἔτι δὲ τῶν μὲν τοιούτων ἔργων, ὅσα μετὰ κινδύνων πέπρακται, τὸ πλεῖστον ἄν τις μέρος τῇ
            τύχῃ μεταδοίη· τῆς δʼ εἰς ἡμᾶς αὐτοὺς μετριότητος οὐδεὶς ἂν ἄλλʼ ἢ τὴν ἡμετέραν γνώμην
            αἰτιάσαιτο. ὥστʼ οὐκ ἄξιον προδότας ταύτης τῆς δόξης γενέσθαι. </p>
        </div>
        <div subtype="section" type="textpart" n="33">
          <p>καὶ μηδεὶς ἡγείσθω μʼ ὑπερβάλλειν μηδὲ μείζω λέγειν, ὅτι δίκην ἰδίαν φεύγων τούτους
            εἴρηκα τοὺς λόγους. οὐ γὰρ μόνον περὶ τῶν ἐπιγεγραμμένων χρημάτων ἐστιν οὗτος ὁ ἀγών,
            ἀλλʼ
            ἐμοὶ μὲν περὶ τούτων, ὑμῖν δὲ περὶ τῶν ὀλίγῳ πρότερον εἰρημένων· ὑπὲρ ὧν οὐδεὶς οὔτʼ ἂν
            εἰπεῖν ἀξίως δύναιτο οὔτʼ ἂν τίμημʼ ἱκανὸν ἐπιγράψαιτο. </p>
        </div>
        <div subtype="section" type="textpart" n="34">
          <p>τοσοῦτον γὰρ αὕτη διαφέρει τῶν ἄλλων δικῶν, ὥστε τῶν μὲν τοῖς ἀγωνιζομένοις μόνον
            προσήκει, ταύτῃ δὲ τὸ κοινὸν τῆς πόλεως συγκινδυνεύει. περὶ ταύτης δύʼ ὅρκους ὀμόσαντες
            δικάζετε, τὸν μὲν, ὅνπερ ἐπὶ ταῖς ἄλλαις εἴθισθε, τὸν δʼ ὃν ἐπὶ ταῖς συνθήκαις
            ἐποιήσασθε.
            ταύτην ἀδίκως γνόντες οὐ τοὺς τῆς πόλεως μόνον νόμους ἀλλὰ καὶ τοὺς ἁπάντων κοινοὺς
            παραβήσεσθε. ὥστʼ οὐκ ἄξιον οὔτε κατὰ χάριν οὔτε κατʼ ἐπιείκειαν οὔτε κατʼ ἄλλʼ οὐδὲν ἢ
            κατὰ τοὺς ὅρκους περὶ αὐτῶν ψηφίσασθαι. </p>
        </div>
        <div subtype="section" type="textpart" n="35">
          <p>ὡς μὲν οὖν<note resp="ed" xml:lang="eng" anchored="true"><foreign xml:lang="grc">μὲ
            νοὖν
                χρὴ</foreign>MSS.:<foreign xml:lang="grc">μὲν οὖν οὐ χρὴ</foreign>Dobree, accepted
            by Blass.</note> χρὴ καὶ συμφέρει καὶ δίκαιον ὑμᾶς ἐστὶν οὕτω περὶ τῶν συνθηκῶν
            γιγνώσκειν, οὐδʼ αὐτὸν ἡγοῦμαι Καλλίμαχον ἀντερεῖν· οἶμαι δʼ αὐτὸν ὀδυρεῖσθαι τὴν
            παροῦσαν πενίαν καὶ τὴν γεγενημένην αὑτῷ συμφοράν, καὶ λέξειν ὡς δεινὰ καὶ σχέτλια
            πείσεται, εἰ τῶν χρημάτων, ὧν ἐπὶ τῆς ὀλιγαρχίας ἀφῃρέθη, τούτων ἐν δημοκρατίᾳ τὴν
            ἐπωβελίαν ὀφλήσει, καὶ εἰ τότε μὲν διὰ τὴν οὐσίαν τὴν αὑτοῦ φυγεῖν ἠναγκάσθη, νυνὶ δʼ ἐν
            ᾧ χρόνῳ προσῆκεν αὑτὸν δίκην λαβεῖν, ἅτιμος γενήσεται. </p>
        </div>
        <div subtype="section" type="textpart" n="36">
          <p>κατηγορήσει δὲ καὶ τῶν ἐν τῇ μεταστάσει γενομένων, ὡς ἐκ τοὺτων μάλισθʼ ὑμᾶς εἰς ὀργὴν
            καταστήσων· ἴσως γὰρ τινος ἀκήκοεν, ὡς ὑμεῖς, ὅταν μὴ τοὺς ἀδικοῦντας λάβητε, τοὺς
            ἐντυγχάνοντας κολάζετε. ἐγὼ δʼ οὔθʼ ὑμᾶς ταύτην ἔχειν τὴν γνώμην ἡγοῦμαι, πρὸς τε τοὺς
            ὑπειρημένους λόγους ῥᾲδιον ἁντειπεῖν νομίζω. </p>
        </div>
        <div subtype="section" type="textpart" n="37">
          <p>πρὸς οὖν τοὺς ὀδυρμούς, ὅτι προσήκει βοηθεῖν ὑμᾶς, οὐχ οἵτινες ἂν δυστυχεστάτους σφᾶς
            αὐτοὺς ἀποδείξωσιν, ἀλλʼ οἵτινες ἂν περὶ ὧν ἀντωμόσαντο δικαιότερα λέγοντες φάνωνται.
            περὶ
            δὲ τῆς ἐπωβελίας, εἰ μὲν ἐγὼ τοὺτων τῶν πραγμάτων αἴτιος ἦν, εἰκότως ἂν αὐτῷ μέλλοντι
            ζημιώσεσθαι συνήχθεσθε· νῦν δʼ οὗτος ἐστιν ὁ συκοφαντῶν, ὥστʼ οὐδὲν ἂν δικαίως αὐτοῦ
            λέγοντος ἀποδέχοισθε. </p>
        </div>
        <div subtype="section" type="textpart" n="38">
          <p>ἔπειτα κἀκεῖνο χρὴ σκοπεῖν, ὅτι πάντες οἱ κατελθόντες ἐκ Περαίεως ἔχοιεν ἂν τοὺς αὐτοὺς
            λόγους εἰπεῖν, οὕσπερ οὗτος, ὧν οὐδεὶς ἄλλος τετόλμηκε τοιαύτην δίκην εἰσελθεῖν. Καίτοι
            χρὴ μισεῖν ὑμᾶς τοὺς τοιούτους καὶ κακοὺς πολίτας νομίζειν, οἵτινες ταῖς μὲν συμφοραῖς
            ὁμοίας τῷ τῷ πλήθει κέχρηνται, τὰς δὲ τιμωρίας διαφόρους τῶν ἅλλων ἀξιοῦσι ποιεῖσθαι. </p>
        </div>
        <div subtype="section" type="textpart" n="39">
          <p>πρὸς δὲ τοὺτοις ἔτι καὶ νῦν ἔξεστιν αὐτῷ, πρὶν ἀποπειραθῆναι τῆς ὑμετὲρας γνώμης,
            ἁφέντι
            τὴν δίκην ἀπηλλάχθαι πάντων τῶν πραγμάτων. καίτοι πῶς οὐκ ἄλογόν ἐστιν ἐν τούτῳ τῷ
            κινδύνῳ
            ζητεῖν αὐτόν ἐλέου παρʼ ὑμῶν τυγχάνειν, οὗ κύριος αὐτός ἐστι, καὶ εἰς ὃ αὐτὸς αὑτὸν
            καθίστησι, καὶ ὃ ἔτι καὶ νῦν ἔξεστιν αὐτῷ μὴ κινδυνεύειν; </p>
        </div>
        <div subtype="section" type="textpart" n="40">
          <p>ἂν δʼ ἄρα μέμνηται τῶν ἐπὶ τῆς ὀλιγαρχίας γεγενημένων, ἁξιοῦτε αὐτὸν μὴ ʼκείνων
            κατηγορεῖν, ὑπὲρ ὧν οὐδεὶς ἀπολογήσεται, ἀλλʼ ὡς ἐγὼ τὰ χρήματα εἴληφα διδάσκειν, περὶ
            οὗπερ ὑμᾶς δεῖ ψηφίζεσθαι, μηδʼ ὡς αὐτός δεινὰ πέπονθεν ἀποφαίνειν, ἀλλʼ ὡς ἐγὼ πεποίηκα
            ἐξελέγχειν, παρʼ οὗπερ ἀξιοῖ τἀπολωλότα κομίζεσθαι· </p>
        </div>
        <div subtype="section" type="textpart" n="41">
          <p>ἐπεὶ κακῶς γʼ αὑτὸν πράττοντα ἐπιδεῖξαι καὶ πρὸς ἄλλον ὁντινοῦν ἀγωνιζόμενος τῶν
            πολιτῶν
            δύναται. καίτοι χρὴ μέγα παρʼ ὑμῖν δύνασθαι τῶν κατηγοριῶν, οὐχ αἷς ἔξεστι χρῆσθαι καὶ
            πρὸς τοὺς μηδέν ἡμαρτηκότας, ἀλλʼ ἃς οὐχ οἷ τʼ εἰπεῖν ἀλλʼ ἢ κατὰ τῶν ἠδικηκότων. πρὸς
            μὲν
            οὖν τούτους τοὺς λόγους καὶ ταῦτʼ ἴσως ἀρκέσει καὶ τάχʼ ἀντειπεῖν ἐξέσται. </p>
        </div>
        <div subtype="section" type="textpart" n="42">
          <p>ἐνθυμεῖσθε δʼ, εἰ καὶ τῳ δόξω δὶς περὶ τῶν αὐτῶν λέγειν, ὅτι πολλοὶ προσέχουσι ταύτῃ τῇ
            δίκῃ τὸν νοῦν, οὐ τῶν ἡμετέρων πραγμάτων φροντίζοντες, ἀλλʼ ἡγούμενοι περὶ τῶν συνθηκῶν
            εἶναι τὴν κρίσιν. οὓς ὑμεῖς τὰ δίκαια γνόντες ἀδεῶς οἰκεῖν ἐν τῇ πόλει ποιήσετε· εἰ δὲ
            μή,
            πῶς οἴεσθε διακείσεσθαι τοὺς ἐν ἄστει μείναντας, ἤν ὁμοίως ἅπασιν ὀργιζόμενοι φαίνησθε
            τοῖς μετασχοῦσι τῆς πολιτείας; </p>
        </div>
        <div subtype="section" type="textpart" n="43">
          <p>τίνα δὲ γνώμην ἕξειν τοὺς μικρὸν ἁμάρτημα σφίσιν αὐτοῖς συνειδότας, ὅταν ὁρῶσι μηδὲ
            τοὺς
            κοσμίως πεπολιτευμένους τῶν δικαίων τυγχάνοντας; πόσην δὲ χρὴ προσδοκᾶν ἔσεσθαι ταραχήν,
            ὅταν οἱ μὲν ἐπαρθῶσι συκοφαντεῖν ὡς ὑμῶν αὐτοῖς ἤδη ταὔτʼ ἐγνωκότων, οἱ δὲ δεδίωσι τὴν
            παροῦσαν πολιτείαν ὡς οὐδεμιᾶς αὐτοῖς ἔτι καταφυγῆς ὑπαρχούσης; </p>
        </div>
        <div subtype="section" type="textpart" n="44">
          <p>ἆρʼ οὐκ ἄξιον φοβεῖσθαι μὴ συγχυθέντων τῶν ὅρκων πάλιν εἰς ταὐτὰ καταστῶμεν ἐξ ὧνπερ
            ἠναγκάσθημεν τὰς συνθήκας ποιήσασθαι; καὶ μὴν οὐ δεῖ γʼ ὑμᾶς παρʼ ἑτέρων μαθεῖν. ὅσον
            ἐστὶν ὁμόνοια ἀγαθὸν ἢ στάσις κακόν· οὕτω γὰρ ἀμφοτέρων σφόδρα πεπείρασθε, ὥστε καὶ τοὺς
            ἄλλους ὑμεῖς ἄριστʼ ἂν διδάξαιτε περὶ αὐτῶν. </p>
        </div>
        <div subtype="section" type="textpart" n="45">
          <p>ἵνα δὲ δοκῶ διὰ τοῦτο πολὺν χρόνον περὶ τὰς συνθήκας διατρίβειν, ὅτι ῥᾴδιόν ἐστι περὶ
            αὐτῶν πολλὰ καὶ δίκαια εἰπεῖν, τοσοῦτον ὑμῖν ἔτι διακελεύομαι μνημονεύειν, ὅταν φέρητε
            τὴν
            ψῆσον, ὅτι πρὶν μὲν ποιήσασθαι ταύτας ἐπολεμοῦμεν, οἱ μὲν τὸν κύκλον ἔχοντες, οἱ δὲ τὸν
            Πειραιᾶ κατειληφότες, μᾶλλον ἀλλήλους μισοῦντες ἢ τοὺς ὑπὸ τῶν προγόνων πολεμίους ἡμῖν
            καταλειφθέντας, </p>
        </div>
        <div subtype="section" type="textpart" n="46">
          <p>ἐπειδὴ δὲ τὰς πὶστεις ἀλλήλοις ἔδομεν εἰς ταὐτὸν συνελθόντες, οὕτω καλῶς καὶ κοινῶς
            πολιτευόμεθα, ὤσπερ οὐδεμιᾶς ἡμῖν συμφορᾶς γεγενημένης. καὶ τότε μὲν ἀμαθεστάτους καὶ
            δυστυχεστάτους πάντες ἡμᾶς ἐνόμιζον· νῦν δʼ εὐδαιμονέστατοι καὶ σωφρονέστατοι τῶν
            Ἑλλήνων
            δοκοῦμεν εἶναι. </p>
        </div>
        <div subtype="section" type="textpart" n="47">
          <p>ὥστʼ ἄξιον οὐ μόνον τηλικαύταις ζημίαις κολάζειν τοὺς παραβαίνειν τολμῶντας τὰς
            συνθήκας
            ἀλλὰ ταῖς ἐσχάταις, ὡς τῶν μεγίστων κακῶν αἰτίους ὄντας, ἄλλως τε καὶ τοὺς ὥσπερ
            Καλλίμαχος βεβιωκότας. ὃς δέκα μὲν ἔτη συνεχῶς ὑμῖν Λακεδαιμονίων πολεμησάντων οὐδὲ μίαν
            παρέσχεν αὑτὸν ἡμέραν τάξαι τοῖς στρατηγοῖς, </p>
        </div>
        <div subtype="section" type="textpart" n="48">
          <p>ἀλλʼ ἐκεῖνον μὲν τὸν χρόνον διετέλεσεν ἀποδιδράσκων καὶ τὴν οὐσίαν ἀποκρυπτόμενος,
            ἐπειδὴ
            δʼ οἱ τριάκοντα κατέστησαν, τηνικαῦτα κατέπλευσεν εἰς τὴν πόλιν. καὶ φησὶ μὲν εἶναι
            δημοτικός, τοσούτῳ δὲ μᾶλλον τῶν ἄλλων ἐπεθύμει μετασχεῖν ἐκείνης τῆς πολιτείας, ὥστʼ
            οὐδʼ
            εἰ κακῶς ἔπαθεν, ἠξίωσεν ἀπελθεῖν, ἀλλʼ ᾑρεῖτο μετὰ τῶν ἡμαρτηκότων εἰς αὑτὸν
            πολιορκεῖσθαι μᾶλλον ἢ μεθʼ ὑμῶν τῶν συνηδικημένων πολιτεύεσθαι. </p>
        </div>
        <div subtype="section" type="textpart" n="49">
          <p>καὶ μέχρι τῆς ἡμέρας ἐκείνης παρέμεινε μετέχων τῆς πολιτείας, ἐν ᾗ προσβαλεῖν ἠμέλλετε
            πρὸς τὸ τεῖχος· τότε δʼ ἐξῆλθεν, οὐ τὰ παρόντα μισήσας ἀλλὰ δείσας τὸν ἐπιόντα κίνδυνον,
            ὡς ὕστερον ἐδήλωσεν. ἐπειδὴ γὰρ Λακεδαιμονίων ἐθόντων ὁ δῆμος ἐν τῷ Πειραιεῖ
            κατεκλείσθη,
            πάλιν ἐκεῖθεν διαδρὰς ἐν Βοιωτοῖς διῃτᾶτο· ὥστʼ αὐτῷ προσήκει μετὰ τῶν αὐτομόλων
            ἀναγεγράφθαι πολὺ μᾶλλον ἢ τῶν φυγόντων ὀνομάζεσθαι. </p>
        </div>
        <div subtype="section" type="textpart" n="50">
          <p>καὶ τοιοῦτος γεγενημένος καὶ περὶ τοὺς ἐκ Πειραιέως καὶ περὶ τοὺς ἐν ἄστει μείναντας
            καὶ
            περὶ πᾶσαν τὴν πόλιν, οὐκ ἀγαπᾷ τῶν ἴσων τυγχάνειν τοῖς ἄλλοις ἀλλὰ ζητεῖ πλέον ἔχειν
            ὑμῶν, ὥπερ ἢ μόνος ἀδικηθεὶς ἢ βέλτιστος ὢν πολιτῶν ἢ μεγίσταις συμφοραῖς διʼ ὑμᾶς
            κεχρημένος ἢ πλείστων ἀγαθῶν αἴτιος τῇ πόλει γεγενημένος. </p>
        </div>
        <div subtype="section" type="textpart" n="51">
          <p>ἠβουλόμην δʼ ἂν ὑμᾶς ὁμοίως ἐμοὶ γιγνώσκειν αὐτόν, ἵνʼ αὐτῷ μὴ τῶν ἀπολωλότων
            συνήχθεσθε ἀλλὰ τῶν ὑπολοίπων ἐφθονεῖτε. νῦν δὲ περὶ μὲν τῶν ἄλλων ὅσοις ἐπιβεβούλευκε,
            καὶ δὶκας οἵας δεδίκασται καὶ γραφὰς ἃς<note resp="ed" xml:lang="eng" anchored="true"><foreign
                xml:lang="grc">ἃς</foreign>after<foreign xml:lang="grc">γραφὰς</foreign>added by
            Corais.</note> εἰσελήλυθε, καὶ μεθʼ ὧν συνέστηκε καὶ καθʼ ὧν τὰ ψευδῆ μεμαρτύρηκεν, οὐδʼ
            ἂν δὶς τοσοῦτον ὕδωρ ἱκανὸν διηγήσασθαι γένοιτο· </p>
        </div>
        <div subtype="section" type="textpart" n="52">
          <p> ἓν δὲ μόνον ἀκούσαντες τῶν τούτῳ πεπραγμένων ῥᾳδίως καὶ τὴν ἄλλην αὐτοῦ πονηρίαν
            γνώσεσθε. Κρατῖνος γὰρ ἠμφισβήτησε χωρίου τῷ τούτου κηδεστῇ. μάχης δʼ αὐτοῖς γενομένης,
            ὑποκρυψάμενοι θεράπαιναν ᾐτιῶντο τὸν Κρατῖνον συντρῖψαι τῆς κεφαλῆς αὐτῆς, ἐκ δὲ
            τραύματος
            φάσκοντες ἀποθανεῖν τὴν ἄνθρωπον λαγχάνουσιν αὐτῷ φόνου δίκην ἐπὶ Παλλαδίῳ. </p>
        </div>
        <div subtype="section" type="textpart" n="53">
          <p>πυθόμενος δʼ ὁ Κρατῖνος τὰς τούτων ἐπιβουλὰς τὸν μὲν ἄλλον χρόνον ἡσυχίαν ἦγεν, ἵνα μὴ
            μεταθεῖντο τὸ πρᾶγμα μηδʼ ἑτέρους λόγους ἐξευρίσκοιεν, ἀλλʼ ἐπʼ αὐτοφώρῳ ληφθεῖεν
            κακουργοῦντες· ἐπειδὴ δʼ ὁ κηδεστὴς μὲν ἦν ὁ τούτου κατηγορηκώς, οὗτος δὲ μεμαρτυρηκὼς ἦ
            μὴν τεθνάναι τὴν ἄνθρωπον, </p>
        </div>
        <div subtype="section" type="textpart" n="54">
          <p>ἐλθόντες εἰς τὴν οἰκίαν ἵνʼ ἦν κεκρυμμένη, βίᾳ λαβόντες αὐτὴν καὶ ἀγαγόντες ἐπὶ τὸ
            δικαστήριον ζῶσαν ἅπασι τοῖς παροῦσιν ἐπέδειξαν. ὥσθʼ ἑπτακοσίων μὲν δικαζόντων,
            τεττάρων δὲ καὶ δέκα μαρτυρησάντων ἅπερ οὗτος, οὐδεμίαν ψῆφον μετέλαβε.<note resp="ed"
              xml:lang="eng" anchored="true"><foreign xml:lang="grc">ὑμᾶς</foreign>Blass:<foreign
                xml:lang="grc">ἡμεῖς.</foreign></note> καί μοι κάλει τούτων μάρτυρας.<quote
              type="*ma/rtures">
              <p>
                Μάρτυρες
              </p>

            </quote>
          </p>
        </div>
        <div subtype="section" type="textpart" n="55">
          <p>τίς οὖν ἀξίως δύναιτο κατηγορῆσαι τῶν τούτω πεπραγμένων; ἢ τίς ἂν εὑρεῖν ἔχοι
            παράδειγμα
            μεῖζον ἀδικίας καὶ συκοφαντίας καὶ πονηρίας; ἔνια μὲν γὰρ τῶν ἀδικημάτων οὐκ ἂν ὅλον τὸν
            τρόπον δηλώσειε τῶν ἀδικησάντων, ἐκ δὲ τῶν τοιούτων ἔγρων ἅπαντα τὸν βίον τῶν
            ἐξαμαρτανόντων ῥᾴδιον κατιδεῖν ἐστίν. </p>
        </div>
        <div subtype="section" type="textpart" n="56">
          <p>ὅστις γὰρ τοὺς ζῶντας τεθνάναι μαρτυρεῖ, τίνος ἂν ὑμῖν ἀποσχέσθαι δοκεῖ; ἣ ὅστις ἐπὶ
            τοῖς
            ἀλλοτρίοις πράγμασιν οὕτω πονηρός ἐστι, τί οὐκ ἂν ἐπὶ τοῖς αὑτοῦ τολμήσειεν; πῶς δὲ χρὴ
            τούτῳ πιστεύειν ὑπὲρ αὑτοῦ λέγοντι, ὃς ὑπὲρ ἑτέρων ἐπιορκῶν ἐξελέγχεται; τίς δὲ πώποτε
            φανερώτερον ἐπεδείχθη τὰ ψευδῆ μαρτυρῶν; τοὺς μὲν γὰρ ἄλλους ἐκ τῶν λεγομένων κρίνετε,
            τὴν
            δὲ τούτου μαρτυρίαν, ὅτι ψευδὴς ἦν, εἶδον οἱ δικάζοντες. </p>
        </div>
        <div subtype="section" type="textpart" n="57">
          <p>καὶ τοιαῦθʼ ἡμαρτηκὼς ἐπιχειρήσει λέγειν, ὡς ψευδόμεθα, ὅμοιον ἐργαζόμενος, ὥσπερ ἂν εἴ
            τῳ Φρυνώνδας πανουργίαν ὀνειδίσειεν ἢ Φιλουργὸς ὁ τὸ Γοργόνειον ὑφελόμενος τοὺς ἄλλους
            ἱεροσύλους ἔφασκεν εἶναι. τίνα δὲ προσήκει τῶν μὴ γενομένων παρασχέσθαι μάρτυρας μᾶλλον
            ἢ
            τοῦτον, ὃς αὐτὸς ἑτέροις τὰ ψευδῆ τολμᾷ μαρτυρεῖν; </p>
        </div>
        <div subtype="section" type="textpart" n="58">
          <p>ἀλλὰ γὰρ Καλλιμάχου μὲν ἐξέσται πολλάκις κατηγορεῖν, οὕτω γὰρ παρεσκεύασται
            πολιτεύεσθαι,
            περὶ δʼ ἐμαυτοῦ τὰς μὲν ἄλλας ἁπάσας παραλείψω λειτουργίας, ἧς δʼ οὐ μόνον ἄν μοι
            δικαίως
            ἔχοιτε χάριν ἀλλὰ καὶ τεκμηρίῳ χρήσαισθε περὶ τοῦ παντὸς πράγματος, ταύτης δὲ
            μνησθήσομαι
            πρὸς ὑμᾶς. </p>
        </div>
        <div subtype="section" type="textpart" n="59">
          <p>ὅτε γὰρ ἡ πόλις ἀπώλεσε τὰς ναῦς τὰς ἐν Ἐλλησπόντῳ καὶ τῆς δυνάμεως ἐστερήθη, τῶν μὲν
            πλείστων τριηράρχων τοσοῦτον διήνεγκον, ὅτι μετʼ ὀλίγων ἔσωσα τὴν ναῦν, αὐτῶν δὲ τούτων,
            ὅτι καταπλεύσας εἰς τὸν Πειραιᾶ μόνος οὐ κατέλυσα τὴν τριηραρχίαν, </p>
        </div>
        <div subtype="section" type="textpart" n="60">
          <p>ἀλλὰ τῶν ἄλλων ἀσμένως ἀπαλλαττομένων τῶν λῃτουργιῶν καὶ πρὸς τὰ παρόντʼ ἀθύμως
            διακειμένων, καὶ τῶν μὲν ἀνηλωμένων αὐτοῖς μεταμέλον, τὰ δὲ λοιπὰ ἀποκρυπτομένων, καὶ
            νομιζόντων τὰ μὲν κοινὰ διεφθάρθαι, τὰ δʼ ἴδια σκοπουμένων, οὐ τὴν αὐτὴν ἐκείνοις γνώμην
            ἔσχον, ἀλλὰ πείσας τὸν ἀδελφὸν συντριηραρχεῖν, παρʼ ἡμῶν αὐτῶν μισθὸν διδόντες τοῖς
            ναύταις κακῶς ἐποιοῦμεν τοὺς πολεμίους. </p>
        </div>
        <div subtype="section" type="textpart" n="61">
          <p>τὸ δὲ τελευταῖον πρὸ εἰπόντος Λυσάνδρου, εἴ τις εἰσάγοι σῖτον ὡς ὑμᾶς, θάνατον τὴν
            ζημίαν, οὕτω φιλοτίμως εἴχομεν πρὸς τὴν πόλιν, ὥστε τῶν ἄλλων οὐδὲ τὸν σφέτερον αὐτῶν
            εἰσάγειν τολμώντων ἡμεῖς τὸν ὡς ἐκείνους εἰσπλέοντα λαμβάνοντες εἰς τὸν Πειραιᾶ
            κατήγομεν.
            ἀνθʼ ὧν ὑμεῖς ἐψηφίσασθʼ ἡμᾶς στεφανῶσαι καὶ πρόσθε τῶν ἐπωνύμων ἀνειπεῖν ὡς μεγάλων
            ἀγαθῶν αἰτίους ὄντας. </p>
        </div>
        <div subtype="section" type="textpart" n="62">
          <p>καίτοι χρὴ τούτους δημοτικοὺς νομίζειν, οὐχ ὅσοι κρατοῦντος τοῦ δήμου μετασχεῖν τῶν
            πραγμάτων ἐπεθύμησαν, ἀλλʼ οἳ δυστυχησάσης τῆς πόλεως προκινδυνεύειν ὑμῶν ἠθέλησαν, καὶ
            χάριν ἔχειν, οὐκ εἴ τις αὐτὸς κακῶς πέπονθεν, ἀλλʼ εἴ τις ὑμᾶς εὖ πεποίηκε, καὶ πένητας
            γενομένους ἐλεεῖν οὐ τοὺς ἀπολωλεκότας τὴν οὐσίαν ἀλλὰ τοὺς εἰς ὑμᾶς ἀνηλωκότας. </p>
        </div>
        <div subtype="section" type="textpart" n="63">
          <p>ὧν εἷς ἐγὼ φανήσομαι γεγενημένος, ὃς πάντων ἂν εἴην δυστυχέστατος, εἰ πολλὰ τῶν ἐμαυτοῦ
            δεδαπανημένος εἰς τὴν πόλιν εἶτα δόξαιμι τοῖς ἀλλοτρίοις ἐπιβουλεύειν καὶ περὶ μηδενὸς
            ποιεῖσθαι τὰς παρʼ ὑμῖν διαβολάς, ὃς οὐ μόνον τὴν οὐσίαν ἀλλὰ καὶ τὴν ψυχὴν τὴν ἐμαυτοῦ
            περὶ ἐλάττονος φαίνομαι ποιούμενος τοῦ παρʼ ὑμῖν εὐδοκιμεῖν. </p>
        </div>
        <div subtype="section" type="textpart" n="64">
          <p>τῷ δʼ οὐκ ἂν ὑμῶν μεταμελήσειεν, εἰ καὶ μὴ παραχρῆμα ἀλλʼ ὀλίγον ὕστερον, εἰ τὸν μὲν
            συκοφάντην ἴδοιτε πλούσιον γεγενημένον, ἐμὲ δʼ ἐξ ὧν ὑπέλιπον λῃτουργῶν, καὶ τούτων
            ἐκπεπτωκότα; καὶ τὸν μὲν μηδὲ πώποτε ὑπὲρ ὑμῶν κινδυνεύσαντα μεῖζον καὶ τῶν νόμων καὶ
            τῶν
            συνθηκῶν δυνάμενον, </p>
        </div>
        <div subtype="section" type="textpart" n="65">
          <p>ἐμὲ δὲ τὸν οὕτω πρόθυμον περὶ τὴν πόλιν γεγενημένον μηδὲ τῶν δικαίων ἀξιούμενον
            τυγχάνειν; τίς δʼ οὐκ ἂν ὑμῖν ἐπιτιμήσειεν, εἰ πεισθέντες ὑπὸ τῶν Καλλιμάχου λόγων
            τοσαύτην πονηρίαν ἡμῶν καταγνοίητε, οὓς ἐκ τῶν ἔργων κρίναντες διʼ ἀνδραγαθίαν
            ἐστεφανώσατε, ὅτʼ οὐδʼ οὕτω ῥᾴδιον ἦν ὥσπερ νῦν τυχεῖν ταύτης τῆς τιμῆς; </p>
        </div>
        <div subtype="section" type="textpart" n="66">
          <p>τοὐναντίον δʼ ἡμῖν συμβέβηκεν ἢ τοῖς ἄλλοις· οἱ μὲν γὰρ ἄλλοι τοὺς εἰληφότας τὰς δωρεὰς
            ὑπομιμνῄσκουσιν, ἡμεῖς δʼ ὑμᾶς τοὺς δεδωκότας ἀξιοῦμεν μνημονεύειν, ἵνʼ ὑμῖν τεκμήριον
            τῶν
            εἰρημένων ἁπάντων καὶ τῶν ἐπιτηδευμάτων τῶν ἡμετέρων γένηται. </p>
        </div>
        <div subtype="section" type="textpart" n="67">
          <p>δῆλον δʼ ὅτι ταύτης τῆς τιμῆς ἀξίους ἡμᾶς αὐτοὺς παρείχομεν, οὐχ ἵνʼ ὀλιγαρχίας
            γενομένης τἀλλότρια διαρπάζοιμεν, ἀλλʼ ἵνα σωθείσης τῆς πόλεως οἵ τʼ ἄλλοι τὰ σφέτερʼ
            αὐτῶν ἔχοιεν, ἡμῖν τε παρὰ τῷ πλήθει τῶν πολιτῶν χάρις ὀφείλοιτο· ἣν ὑμᾶς<note resp="ed"
              xml:lang="eng"
              anchored="true"><foreign xml:lang="grc">ὑμᾶς</foreign> Blass: <foreign
                xml:lang="grc">ἡμεῖς.</foreign></note> νῦν ἀπαιτοῦμεν, οὐ πλέον ἔχειν τοῦ δικαίου
            ζητοῦντες, ἀλλʼ ἀποφαίνοντες μὲν ὡς οὐδὲν ἀδικοῦμεν, ἀξιοῦντες δὲ<note resp="ed"
              xml:lang="eng" anchored="true"><foreign xml:lang="grc">ἀξιοῦντες δὲ</foreign>added by
            Blass, the MSS. indicating a lacuna of 8 or 9 letters.</note> τοῖς ὅρκοις καὶ ταῖς
            συνθήκαις ἐμμένειν.<note resp="ed" xml:lang="eng" anchored="true"><foreign
                xml:lang="grc"
              >ἐμμένειν</foreign>Blass:<foreign xml:lang="grc">ἐμμένοντες.</foreign></note>
          </p>
        </div>
        <div subtype="section" type="textpart" n="68">
          <p>καὶ γὰρ ἄν εἴη δεινὸν εἰ τοὺς μὲν ἠδικηκότας τιμωρίας ἀφεῖναι κύριαι γένοιντο,<note
              resp="ed" xml:lang="eng" anchored="true"><foreign xml:lang="grc">γένοιντο</foreign>
            Aldus: <foreign xml:lang="grc">ἐγένοντο Λ.</foreign></note> ἐφʼ ἡμῖν δὲ τοῖς εὖ
            πεποιηκόσιν ἄκυροι κατασταθεῖεν. ἄξιον δὲ τὴν παροῦσαν τύχην διαφυλάττειν,
            ἐνθυμουμένους, ὅτι ἑτέρας μὲν πόλεις ἐποίησαν ἤδη συνθῆκαι μᾶλλον<note resp="ed"
              xml:lang="eng"
              anchored="true"><foreign xml:lang="grc">μᾶλλον στασιάσαι</foreign>Blass, who transfers<foreign
                xml:lang="grc">μᾶλλον</foreign>from before<foreign
                xml:lang="grc">ὁμονοεῖν</foreign>and indicates unnecessarily a lacuna there: Drerup<foreign
                xml:lang="grc">μηκέτι στασιάσαι.</foreign></note> στασιάσαι, τὴν δʼ ἡμετέραν μᾶλλον
            ὁμονοεῖν. ὧν χρὴ μεμνημένους ἅμα τά τε δίκαια καὶ τὰ συμφέροντα ψηφίσασθαι.</p>
        </div>
      </div>
    </body>
  </text>
</TEI>