<?xml version="1.0" encoding="UTF-8"?> 
<?xml-model href="http://www.stoa.org/epidoc/schema/latest/tei-epidoc.rng" schematypens="http://relaxng.org/ns/structure/1.0"?>
<TEI xmlns="http://www.tei-c.org/ns/1.0">
	<teiHeader>
		<fileDesc>

			<titleStmt>
				<title>Suntaxeos</title>
				<author>Demosthenes</author>
				<editor>S. H. Butcher</editor>
				<sponsor>Perseus Project, Tufts University</sponsor>
				<principal>Gregory Crane</principal>
				<respStmt>
					<resp>Prepared under the supervision of</resp>
					<name>Lisa Cerrato</name>
					<name>William Merrill</name>
					<name>Elli Mylonas</name>
					<name>David Smith</name>
				</respStmt>
				<funder n="org:AnnCPB">The Annenberg CPB/Project</funder>

			</titleStmt>
			<publicationStmt>
				<publisher>Trustees of Tufts University</publisher>
				<pubPlace>Medford, MA</pubPlace>
				<authority>Perseus Project</authority>
				<date type="release">1996</date>
			</publicationStmt>
			<notesStmt>
				<note>Perseus 2.0</note>
			</notesStmt>
			<sourceDesc>
				<biblStruct>
					<monogr>
						<author>Demosthenes</author>
						<title>Demosthenis. Orationes. Vol. I. ed. S. H. Butcher</title>
						<imprint>
							<publisher>Clarendon Press, Oxford</publisher>
							<date>1903</date>
						</imprint>
					</monogr>
					<ref target="https://archive.org/details/orationesrecogno01demouoft">Internet
						Archive</ref>
				</biblStruct>
			</sourceDesc>
		</fileDesc>
		<encodingDesc>
			<refsDecl n="CTS">
				<cRefPattern n="section"
					matchPattern="(\w+)"
					replacementPattern="#xpath(/tei:TEI/tei:text/tei:body/tei:div/tei:div[@n='$1'])">
					<p>This pointer pattern extracts section</p>
				</cRefPattern>
			</refsDecl>

			<refsDecl>
				<refState unit="section" />
			</refsDecl>
			<editorialDecl>
				<quotation marks="none" />
			</editorialDecl>
		</encodingDesc>
		<profileDesc>
			<langUsage>
				<language ident="grc">Greek</language>
				<language ident="eng">English</language>
			</langUsage>
		</profileDesc>
		<revisionDesc>
			<change when="2018-09-26" who="Lisa Cerrato">CTS and EpiDoc conversion</change>
			<change when="2014-08-01" who="Stella Dee">edited markup</change>
			<change when="2014-07-01" who="Stella Dee">split composite text and converted to unicode</change>
			<change when="1992-06-02" who="David Smith">added quotedtext tags around verse and
				un-capitalized some non-proper nouns</change>
		</revisionDesc>
	</teiHeader>
	<text xml:lang="grc">
		<body>
			<div type="edition" n="urn:cts:greekLit:tlg0014.tlg013.perseus-grc2" xml:lang="grc">
				<div type="textpart" subtype="section" n="1">
					<p rend="indent">περὶ μὲν τοῦ παρόντος ἀργυρίου καὶ ὧν ἕνεκα τὴν ἐκκλησίαν
						ποιεῖσθʼ, ὦ ἄνδρες
						Ἀθηναῖοι, οὐδέτερόν μοι δοκεῖ τῶν χαλεπῶν εἶναι, οὔτʼ ἐπιτιμήσαντα τοῖς
						νέμουσι
						καὶ διδοῦσι τὰ κοινὰ εὐδοκιμῆσαι παρὰ τοῖς βλάπτεσθαι διὰ τούτων ἡγουμένοις
						τὴν
						πόλιν, οὔτε συνειπόντα καὶ παραινέσανθʼ ὡς δεῖ λαμβάνειν, χαρίσασθαι τοῖς
						σφόδρʼ
						ἐν χρείᾳ τοῦ λαβεῖν οὖσιν· οὐδέτεροι γὰρ πρὸς τὸ τῇ πόλει συμφέρον
						σκοποῦντες
						οὔτʼ ἐπαινοῦσιν οὔτε δυσχεραίνουσι τὸ πρᾶγμα, ἀλλʼ ὡς ἑκάτεροι χρείας καὶ
						περιουσίας ἔχουσιν.</p>
				</div>
				<div type="textpart" subtype="section" n="2">
					<p>ἐγὼ δὲ τοῦτο μὲν οὔτʼ ἂν εἰσηγησαίμην, οὔτʼ ἂν ἀντείποιμʼ ὡς οὐ δεῖ
						λαμβάνειν·
						παραινῶ μέντοι σκοπεῖν καὶ λογίζεσθαι πρὸς ὑμᾶς αὐτοὺς ὅτι τἀργύριον μέν
						ἐστι
						τοῦθʼ, ὑπὲρ οὗ βουλεύεσθε, μικρόν, τὸ δʼ ἔθος μέγα, ὃ γίγνεται μετὰ τούτου.
						εἰ
						μὲν οὖν μετὰ τοῦ πράττειν ἃ προσήκει καὶ τὸ λαμβάνειν κατασκευάσεσθε, οὐ
						μόνον
						οὐ βλάψετε, ἀλλὰ καὶ τὰ μέγιστʼ ὠφελήσετε τὴν πόλιν καὶ ὑμᾶς αὐτούς· εἰ δὲ
						τοῦ
						μὲν λαμβάνειν καὶ ἑορτὴ καὶ πᾶσʼ ἀρκέσει πρόφασις, τοῦ δʼ ἃ πρὸς τούτοις δεῖ
						ποιεῖν μηδὲ τοὺς λόγους ἀκούειν ἐθελήσετε, ὁρᾶτε μήποθʼ, ἃ νῦν ὀρθῶς ἡγεῖσθε
						πράττειν, σφόδρʼ ἡμαρτηκέναι νομίσητε.</p>
				</div>
				<div type="textpart" subtype="section" n="3">
					<p>ἐγὼ δέ φημι δεῖν (καί μοι μὴ θορυβήσητʼ ἐφʼ ᾧ μέλλω λέγειν, ἀλλʼ ἀκούσαντες
						κρίνατε), ὡς περὶ τοῦ λαβεῖν ἐκκλησίαν ἀπεδώκαμεν, οὕτω καὶ περὶ τοῦ
						συνταχθῆναι
						καὶ παρασκευασθῆναι τὰ πρὸς τὸν πόλεμον ἐκκλησίαν ἀποδοῦναι, καὶ παρασχεῖν
						ἕκαστον αὑτὸν μὴ μόνον ταῦτʼ ἀκούειν ἐθέλοντα, ἀλλὰ καὶ πράττειν βουλόμενον,
						ἵνʼ, ὦ ἄνδρες Ἀθηναῖοι, τῶν ἀγαθῶν τὰς ἐλπίδας διʼ ὑμῶν αὐτῶν ἔχητε, καὶ μὴ
						τὸν
						δεῖνα μηδὲ τὸν δεῖνα πυνθάνησθε τί πράττει.</p>
				</div>
				<div type="textpart" subtype="section" n="4">
					<p>καὶ τὰ μὲν προσιόντα τῇ πόλει πάντα, καὶ ἃ νῦν ἐκ τῶν ἰδίων παραναλίσκετʼ εἰς
						οὐδὲν δέον καὶ ὅσʼ ἐκ τῶν συμμάχων ὑπάρχει, λαμβάνειν ὑμᾶς φημὶ χρῆναι τὸ
						ἴσον
						ἕκαστον, τοὺς μὲν ἐν ἡλικίᾳ στρατιωτικόν, τοὺς δʼ ὑπὲρ τὸν κατάλογον
						ἐξεταστικὸν
						ἢ ὅπως ἄν τις ὀνομάσαι τοῦτο, στρατεύεσθαι δʼ αὐτοὺς καὶ μηδενὶ τούτου
						παραχωρεῖν, </p>
				</div>
				<div type="textpart" subtype="section" n="5">
					<p>ἀλλὰ τὴν δύναμιν τῆς πόλεως οἰκείαν εἶναι, κατεσκευασμένην ἀπὸ τούτων, ἵνʼ
						ἅμʼ εὐπορῆτε καὶ τὰ δέοντα ποιῆτε, καὶ τὸν στρατηγὸν ἡγεῖσθαι ταύτης, ἵνʼ
						ὑμῖν, ὦ ἄνδρες Ἀθηναῖοι, μὴ τοιαῦθʼ οἷάπερ νυνὶ συμβαίνῃ· τοὺς στρατηγοὺς
						κρίνετε, καὶ περίεσθʼ ὑμῖν ἐκ τῶν πραγμάτων <q>ὁ δεῖνα τοῦ δεῖνος τὸν δεῖνʼ
						εἰσήγγειλεν,</q> ἄλλο δʼ οὐδέν.</p>
				</div>
				<div type="textpart" subtype="section" n="6">
					<p>ἀλλὰ τί ὑμῖν γένηται; πρῶτον μὲν οἱ σύμμαχοι μὴ φρουραῖς, ἀλλὰ τῷ ταὐτὰ
						συμφέρειν
						ὑμῖν κἀκείνοις ὦσιν οἰκεῖοι, ἔπειθʼ οἱ στρατηγοὶ μὴ ξένους ἔχοντες τοὺς μὲν
						συμμάχους ἄγωσι καὶ φέρωσι, τοὺς δὲ πολεμίους μηδʼ ὁρῶσιν, ἀφʼ ὧν αἱ μὲν
						ὠφέλειαι τούτων εἰσὶν ἴδιαι, τὰ δὲ μίση καὶ τὰ ἐγκλήματα ἐφʼ ὅλην ἔρχεται
						τὴν
						πόλιν, ἀλλὰ πολίτας τοὺς ἀκολουθοῦντας ἔχοντες τοὺς ἐχθρούς, ἃ νῦν τοὺς
						φίλους,
						ποιῶσιν.</p>
				</div>
				<div type="textpart" subtype="section" n="7">
					<p>χωρὶς δὲ τούτων πολλὰ τῶν πραγμάτων τὴν ὑμετέραν ποθεῖ παρουσίαν, καὶ ἄνευ
						τοῦ
						πρὸς τοὺς οἰκείους πολέμους οἰκείᾳ χρῆσθαι δυνάμει συμφέρειν, καὶ πρὸς τἄλλα
						πράγματʼ ἀναγκαῖόν ἐστιν. εἰ μὲν γὰρ ἡσυχίαν ἔχειν ὑμῖν ἀπέχρη καὶ μηδὲν τῶν
						Ἑλληνικῶν περιεργάζεσθαι ὅπως ἔχει, ἄλλος ἂν ἦν λόγος·</p>
				</div>
				<div type="textpart" subtype="section" n="8">
					<p>νῦν δὲ πρωτεύειν μὲν ὑμεῖς ἀξιοῦτε καὶ τὰ δίκαιʼ ὁρίζειν τοῖς ἄλλοις, τὴν δὲ
						ταῦτʼ ἐφορεύσουσαν καὶ φυλάξουσαν δύναμιν οὔτε κατεσκεύασθʼ οὔτε
						κατασκευάζεσθε,
						ἀλλʼ ἐπὶ πολλῆς μὲν ἡσυχίας καὶ ἐρημίας ὑμῶν ὁ Μυτιληναίων δῆμος
						καταλέλυται,
						ἐπὶ πολλῆς δʼ ἡσυχίας ὁ Ῥοδίων, ἐχθρός γʼ ὢν ἡμῖν, φαίη τις ἄν· ἀλλὰ μείζω
						χρὴ
						νομίζειν, ὦ ἄνδρες Ἀθηναῖοι, τὴν πρὸς τὰς ὀλιγαρχίας ὑπὲρ αὐτῆς τῆς
						προαιρέσεως
						ἔχθραν, ἢ τὴν πρὸς τοὺς δήμους ὑπὲρ ὧν ποτʼ ἂν ᾖ.</p>
				</div>
				<div type="textpart" subtype="section" n="9">
					<p>ἀλλʼ ἵνʼ ἐκεῖσʼ ἐπανέλθω, φημὶ δεῖν ὑμᾶς συντετάχθαι, καὶ τὴν αὐτὴν τοῦ τε
						λαβεῖν
						καὶ τοῦ ποιεῖν ἃ προσήκει σύνταξιν εἶναι. διελέχθην δʼ ὑμῖν περὶ τούτων καὶ
						πρότερον, καὶ διεξῆλθον ὡς ἂν συνταχθείητε, οἵ θʼ ὁπλῖται καὶ οἱ ἱππεῖς καὶ
						ὅσοι
						τούτων ἐκτός ἐστε, καὶ εὐπορία τις ἂν ἅπασι γένοιτο κοινή.</p>
				</div>
				<div type="textpart" subtype="section" n="10">
					<p>ὃ δέ μοι πλείστην ἀθυμίαν παρέσχεν ἁπάντων, ἐρῶ πρὸς ὑμᾶς καὶ οὐκ
						ἀποκρύψομαι,
						ὅτι πολλῶν καὶ μεγάλων καὶ καλῶν ὄντων τούτων ἁπάντων, τῶν μὲν ἄλλων οὐδενὸς
						οὐδεὶς μέμνηται, τοῖν δυοῖν δʼ ὀβολοῖν ἅπαντες. καίτοι τοὺς μὲν οὐκ ἔστι
						πλείονος ἢ δυοῖν ὀβολοῖν ἀξίους εἶναι, τἄλλα δὲ μετὰ τούτων ὧν εἶπον τῶν
						βασιλέως ἄξιʼ ἐστὶ χρημάτων, πόλιν τοσούτους ὁπλίτας ἔχουσαν καὶ τριήρεις
						καὶ
						ἵππους καὶ χρημάτων πρόσοδον συντετάχθαι καὶ παρεσκευάσθαι.</p>
				</div>
				<div type="textpart" subtype="section" n="11">
					<p rend="indent">τί οὖν ταῦτα νῦν <del>, φαίη τις ἄν,</del> λέγω; ὅτι φημὶ δεῖν
						ὑμᾶς, ἐπειδὴ τὸ μὲν πάντας μισθοφορεῖν δυσχεραίνουσί τινες, τὸ δὲ
						συνταχθῆναι καὶ παρασκευασθῆναι παρὰ πάντων χρήσιμον εἶναι δοκιμάζεται,
						ἐντεῦθεν ἄρξασθαι τοῦ πράγματος, καὶ προθεῖναι περὶ τούτων τῷ βουλομένῳ
						γνώμην ἀποφήνασθαι. ὡς οὕτως ἔχει· ἂν μὲν ὑμεῖς νῦν πεισθῆτε τούτων καιρὸν
						εἶναι, ὅταν αὐτῶν εἰς χρείαν ἔλθητε, ἕτοιμʼ ὑπάρξει· ἂν δʼ ἀκαιρίαν
						ἡγησάμενοι παρίδητε, ὅταν δέῃ χρῆσθαι, τότʼ ἀναγκασθήσεσθε παρασκευάζεσθαι.</p>
				</div>
				<div type="textpart" subtype="section" n="12">
					<p rend="indent">ἤδη δέ τις εἶπεν ὦ ἄνδρες Ἀθηναῖοί που λέγων, οὐχ ὑμῶν τῶν
						πολλῶν, ἀλλὰ τῶν διαρρηγνυμένων εἰ ταῦτα γενήσεται, <q>τί δʼ ὑμῖν ἐκ τῶν
						Δημοσθένους λόγων ἀγαθὸν
							γέγονεν; παρελθὼν ὑμῶν, ὅταν αὐτῷ δόξῃ, ἐνέπλησε τὰ ὦτα λόγων, καὶ
						διέσυρε
							τὰ παρόντα, καὶ τοὺς προγόνους ἐπῄνεσεν, καὶ μετεωρίσας καὶ φυσήσας ὑμᾶς
						κατέβη.</q>
					</p>
				</div>
				<div type="textpart" subtype="section" n="13">
					<p>ἐγὼ δʼ εἰ μὲν ὑμᾶς δυναίμην ὧν λέγω τι πεῖσαι, τηλικαῦτʼ ἂν οἶμαι τὴν πόλιν
						πρᾶξαι ἀγαθὰ ὥστʼ, εἰ νῦν εἰπεῖν ἐπιχειρήσαιμι, πολλοὺς ἂν ἀπιστῆσαι ὡς
						μείζοσιν
						ἢ δυνατοῖς· οὐ μὴν οὐδὲ τοῦτο μικρὸν ὠφελεῖν οἶμαι, εἰ τὰ βέλτιστʼ ἀκούειν
						ὑμᾶς
						συνεθίζω. δεῖ γάρ, ὦ ἄνδρες Ἀθηναῖοι, τὸν βουλόμενόν τι ποιῆσαι τὴν πόλιν
						ἡμῶν
						ἀγαθὸν τὰ ὦτα πρῶτον ὑμῶν ἰάσασθαι· διέφθαρται γάρ· οὕτω πολλὰ καὶ ψευδῆ καὶ
						πάντα μᾶλλον ἢ τὰ βέλτιστʼ ἀκούειν εἴθισθε.</p>
				</div>
				<div type="textpart" subtype="section" n="14">
					<p>οἷον (ὅπως δὲ μὴ θορυβήσει μοι μηδείς, πρὶν ἂν ἅπαντʼ εἴπω) ἀνέῳξαν δήπου
						πρώην
						τινὲς τὸν ὀπισθόδομον. οὐκοῦν οἱ παριόντες ἅπαντες τὸν δῆμον καταλελύσθαι,
						τοὺς
						νόμους οὐκέτʼ εἶναι, τοιαῦτʼ ἔλεγον. καίτοι, ὦ ἄνδρες Ἀθηναῖοι, (καὶ
						σκοπεῖτʼ ἂν
						ἀληθῆ λέγω) οἱ μὲν ταῦτα ποιοῦντες ἄξιʼ ἐποίουν θανάτου, ὁ δῆμος δʼ οὐ διὰ
						τούτων καταλύεται. πάλιν κώπας τις ὑφείλετο· μαστιγοῦν, στρεβλοῦν πάντες οἱ
						λέγοντες, τὸν δῆμον καταλύεσθαι. ἐγὼ δὲ τί φημί; τὸν μὲν ὑφαιρούμενον
						θανάτου
						ποιεῖν ἄξια, ὥσπερ ἐκεῖνοι, τὸν δῆμον δʼ οὐ διὰ τούτων καταλύεσθαι.</p>
				</div>
				<div type="textpart" subtype="section" n="15">
					<p>ἀλλὰ πῶς καταλύεται, οὐδεὶς λέγει οὐδὲ παρρησιάζεται. ἐγὼ δὲ φράσω· ὅταν
						ὑμεῖς, ὦ
						ἄνδρες Ἀθηναῖοι, φαύλως ἠγμένοι, πολλοὶ καὶ ἄποροι καὶ ἄοπλοι καὶ ἀσύντακτοι
						καὶ
						μὴ ταὐτὰ γιγνώσκοντες ἦτε, καὶ μήτε στρατηγὸς μήτʼ ἄλλος μηδεὶς ὧν ἂν ὑμεῖς
						ψηφίσησθε φροντίζῃ, καὶ ταῦτα μηδεὶς λέγειν ἐθέλῃ μηδʼ ἐπανορθοῖ, μηδʼ ὅπως
						παύσεται τοιαῦτʼ ὄντα πράττῃ, ὃ νῦν ἀεὶ συμβαίνει.</p>
				</div>
				<div type="textpart" subtype="section" n="16">
					<p>καὶ νὴ Δίʼ, ὦ ἄνδρες Ἀθηναῖοι, ἕτεροί γε λόγοι παρερρυήκασι πρὸς ὑμᾶς
						ψευδεῖς, καὶ πολλὰ τὴν πολιτείαν βλάπτοντες, οἷον <q>ἐν τοῖς δικαστηρίοις
						ὑμῖν ἐστιν ἡ
							σωτηρία,</q> καὶ <q>δεῖ τῇ ψήφῳ τὴν πολιτείαν ὑμᾶς φυλάττειν.</q> ἐγὼ δʼ
						οἶδʼ ὅτι ταῦτα μὲν ὑμῖν <del>τὰ δικαστήρια</del> τῶν πρὸς ἀλλήλους δικαίων
						ἐστὶ κύρια, ἐν δὲ τοῖς ὅπλοις δεῖ κρατεῖν τῶν ἐχθρῶν, καὶ διὰ τούτων ἐστὶν ἡ
						σωτηρία τῆς πολιτείας.</p>
				</div>
				<div type="textpart" subtype="section" n="17">
					<p>οὐ γὰρ τὸ ψηφίσασθαι τοῖς ἐν τοῖς ὅπλοις ποιήσει τὸ νικᾶν, ἀλλʼ οἱ μετὰ
						τούτων
						κρατοῦντες τοὺς ἐχθροὺς καὶ ψηφίζεσθαι καὶ ἄλλʼ ὅ τι ἂν βούλησθε ποιεῖν ὑμῖν
						ἐξουσίαν καὶ ἄδειαν παρασκευάσουσι· δεῖ γὰρ ἐν μὲν τοῖς ὅπλοις φοβερούς, ἐν
						δὲ
						τοῖς δικαστηρίοις φιλανθρώπους εἶναι.</p>
				</div>
				<div type="textpart" subtype="section" n="18">
					<p rend="indent">εἰ δέ τῳ δοκῶ μείζους ἢ κατʼ ἐμαυτὸν λέγειν λόγους, αὐτὸ τοῦτʼ
						ὀρθῶς αὐτῶν ἔχει·
						τὸν γὰρ ὑπὲρ τηλικαύτης πόλεως ῥηθησόμενον λόγον καὶ τοιούτων πραγμάτων
						παντὸς
						ἑνὸς τοῦ λέγοντος ἀεὶ μείζω φαίνεσθαι δεῖ, καὶ τῆς ἀξίας τῆς ὑμετέρας ἐγγὺς
						εἶναι, μὴ τῆς τοῦ λέγοντος. ὅτι δʼ οὐδεὶς τῶν ὑφʼ ὑμῶν τιμωμένων ταῦτα
						λέγει,
						τὰς προφάσεις ἐγὼ διέξειμʼ ὑμῖν.</p>
				</div>
				<div type="textpart" subtype="section" n="19">
					<p>οἱ μὲν πρὸς ἀρχαιρεσίας καὶ ταύτην τὴν τάξιν προσιόντες δοῦλοι τῆς ἐπὶ τῷ
						χειροτονεῖσθαι χάριτος περιέρχονται, τελεσθῆναι στρατηγὸς ἕκαστος σπουδάζων,
						οὐκ
						ἀνδρὸς ἔργον οὐδὲν πρᾶξαι. εἰ δέ τις καὶ τοιοῦτός ἐστιν οἷος ἐγχειρεῖν ἔργῳ
						τῳ,
						νῦν μὲν ἡγεῖται τὴν τῆς πόλεως δόξαν ἀφορμὴν ἔχων καὶ τοὔνομα, τῆς τῶν
						ἐναντιωσομένων ἐρημίας ἀπολαύων, τὰς ἐλπίδας ὑμῖν ὑποτείνων, ἄλλο δʼ οὐδὲ
						ἕν,
						κληρονομήσειν αὐτὸς τῶν ὑμετέρων ἀγαθῶν, ὅπερ ἐστίν, ἂν δʼ ὑμεῖς διʼ ὑμῶν
						αὐτῶν
						ἕκαστα πράττητε, τὸ ἴσον τοῖς ἄλλοις ὥσπερ τῶν ἔργων αὐτῶν, οὕτω καὶ τῶν ἐκ
						τούτων ἕξειν.</p>
				</div>
				<div type="textpart" subtype="section" n="20">
					<p>οἱ δὲ πολιτευόμενοι καὶ περὶ ταῦτʼ ὄντες, τὸ τὰ βέλτιστα σκοπεῖν ὑμῖν
						ἀφέντες,
						προσκεχωρήκασι πρὸς τούτους· καὶ πρότερον μὲν κατὰ συμμορίας εἰσεφέρετε,
						νυνὶ δὲ
						πολιτεύεσθε κατὰ συμμορίας. ῥήτωρ ἡγεμὼν καὶ στρατηγὸς ὑπὸ τούτῳ καὶ οἱ
						βοησόμενοι μεθʼ ἑκατέρων τριακόσιοι· οἱ δʼ ἄλλοι προσνενέμησθε οἱ μὲν ὡς
						τούτους, οἱ δʼ ὡς ἐκείνους. τοιγαροῦν ὑμῖν περίεστιν ἐκ τούτων ὁ δεῖνα
						χαλκοῦς
						καὶ ὁ δεῖνʼ εὐδαίμων, εἷς ἢ δύο, ὑπὲρ τὴν πόλιν· οἱ δʼ ἄλλοι μάρτυρες τῆς
						τούτων
						εὐδαιμονίας κάθησθε, τῆς καθʼ ἡμέραν ῥᾳθυμίας πολλὴν καὶ μεγάλην ὑπάρχουσαν
						ὑμῖν
						εὐδαιμονίαν τούτοις προϊέμενοι.</p>
				</div>
				<div type="textpart" subtype="section" n="21">
					<p rend="indent">καίτοι σκέψασθε πῶς ἐπὶ τῶν προγόνων ταῦτʼ εἶχεν· οὐ γὰρ
						ἀλλοτρίοις ὑμῖν
						παραδείγμασι χρησαμένοις, ἀλλʼ οἰκείοις ἔξεσθʼ ἃ προσήκει πράττειν εἰδέναι.
						ἐκεῖνοι Θεμιστοκλέα τὸν τὴν ἐν Σαλαμῖνι ναυμαχίαν στρατηγοῦντα καὶ Μιλτιάδην
						τὸν
						ἡγούμενον Μαραθῶνι καὶ πολλοὺς ἄλλους, οὐκ ἴσα τοῖς νῦν στρατηγοῖς ἀγάθʼ
						εἰργασμένους, μὰ Δίʼ οὐ χαλκοῦς ἵστασαν, ἀλλʼ ὡς οὐδὲν αὑτῶν κρείττους
						ὄντας,
						οὕτως ἐτίμων.</p>
				</div>
				<div type="textpart" subtype="section" n="22">
					<p>καὶ γάρ τοι τῶν ἔργων οὐδενός, ὦ ἄνδρες Ἀθηναῖοι, τῶν τότʼ ἀπεστέρησαν
						αὑτούς, οὐδʼ ἔστʼ οὐδεὶς ὅστις ἂν εἴποι τὴν ἐν Σαλαμῖνι ναυμαχίαν
						Θεμιστοκλέους, ἀλλʼ Ἀθηναίων, οὐδὲ τὴν <del>ἐν</del> Μαραθῶνι μάχην
						Μιλτιάδου, ἀλλὰ τῆς πόλεως. νῦν δὲ πολλοὶ τοῦτο λέγουσιν, ὡς Κέρκυραν εἷλε
						Τιμόθεος καὶ τὴν μόραν κατέκοψεν Ἰφικράτης καὶ τὴν περὶ Νάξον ναυμαχίαν
						ἐνίκα Χαβρίας· δοκεῖτε γὰρ αὐτοὶ τῶν ἔργων τούτων παραχωρεῖν τῶν τιμῶν ταῖς
						ὑπερβολαῖς αἷς δεδώκατʼ ἐπʼ αὐτοῖς ἑκάστῳ τούτων.</p>
				</div>
				<div type="textpart" subtype="section" n="23">
					<p>τὰς μὲν δὴ πολιτικὰς δωρεὰς οὕτως ἐκεῖνοί τε καλῶς καὶ ὑμεῖς οὐκ ὀρθῶς· τὰς
						δὲ
						τῶν ξένων πῶς; ἐκεῖνοι Μένωνι τῷ Φαρσαλίῳ δώδεκα μὲν τάλαντʼ ἀργυρίου δόντι
						πρὸς
						τὸν ἐπʼ Ἠιόνι τῇ πρὸς Ἀμφιπόλει πόλεμον, διακοσίοις δʼ ἱππεῦσι πενέσταις
						ἰδίοις
						βοηθήσαντι, οὐκ ἐψηφίσαντο πολιτείαν, ἀλλʼ ἀτέλειαν ἔδωκαν μόνον.</p>
				</div>
				<div type="textpart" subtype="section" n="24">
					<p>καὶ πρότερον τούτου Περδίκκᾳ τῷ κατὰ τὴν τοῦ βαρβάρου ποτʼ ἐπιστρατείαν
						βασιλεύοντι Μακεδονίας, τοὺς ἀναχωροῦντας ἐκ Πλαταιῶν τῶν βαρβάρων ἀπὸ τῆς
						ἥττης
						διαφθείραντι καὶ τέλειον τἀτύχημα ποιήσαντι τῷ βασιλεῖ, οὐκ ἐψηφίσαντο
						πολιτείαν, ἀλλʼ ἀτέλειαν ἔδωκαν μόνον, μεγάλην καὶ τιμίαν, οἶμαι, καὶ σεμνὴν
						τὴν
						αὑτῶν πατρίδʼ ἡγούμενοι καὶ πάσης μείζονʼ εὐεργεσίας. νῦν δʼ, ὦ ἄνδρες
						Ἀθηναῖοι,
						φθόρους ἀνθρώπους οἰκοτρίβων οἰκότριβας, τιμὴν ὥσπερ ἄλλου του τῶν ὠνίων
						λαμβάνοντες, ποιεῖσθε πολίτας.</p>
				</div>
				<div type="textpart" subtype="section" n="25">
					<p>ταῦτα δʼ ὑμῖν ἐπελήλυθε πράττειν, οὐχ ὅτι τὰς φύσεις χείρους ἐστὲ τῶν
						προγόνων,
						ἀλλʼ ὅτι τοῖς μὲν ἐφʼ αὑτοῖς παρειστήκει μέγα φρονεῖν, ὑμῶν δʼ, ὦ ἄνδρες
						Ἀθηναῖοι, περιῄρηται τοῦτο. ἔστι δʼ οὐδέποτʼ, οἶμαι, δυνατὸν μικρὰ καὶ φαῦλα
						πράττοντας μέγα καὶ νεανικὸν φρόνημα λαβεῖν, ὥσπερ οὐδὲ λαμπρὰ καὶ καλὰ
						πράττοντας μικρὸν καὶ ταπεινὸν φρονεῖν· ὁποῖʼ ἄττα γὰρ ἂν τἀπιτηδεύματα τῶν
						ἀνθρώπων ᾖ, τοιοῦτον ἀνάγκη καὶ τὸ φρόνημʼ ἔχειν.</p>
				</div>
				<div type="textpart" subtype="section" n="26">
					<p rend="indent">σκέψασθε δʼ ἅ τις κεφάλαιʼ ἂν ἔχοι <del>τῶν πραγμάτων</del>
						εἰπεῖν τῶν τʼ ἐκείνοις πεπραγμένων καὶ τῶν ὑμῖν, ἂν ἄρʼ ὑμῶν αὐτῶν ἀλλʼ ἐκ
						τούτων γε δύνησθε γενέσθαι. πέντε μὲν καὶ τετταράκοντʼ ἔτη τῶν Ἑλλήνων ἦρξαν
						ἑκόντων ἐκεῖνοι, πλείω δʼ ἢ μύρια τάλαντʼ εἰς τὴν ἀκρόπολιν ἀνήγαγον, πολλὰ
						δὲ καὶ καλὰ καὶ πεζῇ καὶ ναυμαχοῦντες ἔστησαν τρόπαια, ἐφʼ οἷς ἔτι καὶ νῦν
						ἡμεῖς φιλοτιμούμεθα. καίτοι νομίζετʼ αὐτοὺς ταῦτα στῆσαι, οὐχ ἵνα θαυμάζωμεν
						ἡμεῖς θεωροῦντες αὐτά, ἀλλʼ ἵνα καὶ μιμώμεθα τὰς τῶν ἀναθέντων ἀρετάς.</p>
				</div>
				<div type="textpart" subtype="section" n="27">
					<p>ἐκεῖνοι μὲν δὴ ταῦτα· ἡμεῖς δʼ, ὅσης ἅπαντες ὁρᾶτʼ ἐρημίας ἐπειλημμένοι,
						σκέψασθʼ
						εἰ παραπλήσια. οὐ πλείω μὲν ἢ χίλια καὶ πεντακόσια τάλαντʼ ἀνήλωται μάτην
						εἰς
						τοὺς τῶν Ἑλλήνων ἀπόρους, ἐξανήλωνται δʼ οἵ τʼ ἴδιοι πάντες οἶκοι καὶ τὰ
						κοινὰ
						τῇ πόλει καὶ τὰ παρὰ τῶν συμμάχων, οὓς δʼ ἐν τῷ πολέμῳ συμμάχους ἐκτησάμεθα,
						οὗτοι νῦν ἐν τῇ εἰρήνῃ ἀπολώλασιν;</p>
				</div>
				<div type="textpart" subtype="section" n="28">
					<p>ἀλλὰ νὴ Δία ταῦτα μόνον τότʼ εἶχε βέλτιον ἢ νῦν, τὰ δʼ ἄλλα χεῖρον. πολλοῦ γε
						καὶ
						δεῖ, ἀλλʼ ὅ τι βούλεσθʼ ἐξετάσωμεν. οἰκοδομήματα μέν γε καὶ κόσμον τῆς
						πόλεως,
						ἱερῶν καὶ λιμένων καὶ τῶν ἀκολούθων τούτοις, τοιοῦτον καὶ τοσοῦτον κατέλιπον
						ἐκεῖνοι ὥστε μηδενὶ τῶν ἐπιγιγνομένων ὑπερβολὴν λελεῖφθαι, προπύλαια ταῦτα,
						νεώσοικοι, στοαί, τἄλλα, οἷς ἐκεῖνοι κοσμήσαντες τὴν πόλιν ἡμῖν παρέδωκαν·</p>
				</div>
				<div type="textpart" subtype="section" n="29">
					<p>τὰς δʼ ἰδίας οἰκίας τῶν ἐν δυνάμει γενομένων οὕτω μετρίας καὶ τῷ τῆς
						πολιτείας
						ὀνόματι ἀκολούθους ὥστε τὴν Θεμιστοκλέους καὶ τὴν Κίμωνος καὶ τὴν Ἀριστείδου
						καὶ
						τῶν τότε λαμπρῶν οἰκίαν, εἴ τις ἄρʼ ὑμῶν οἶδεν ὁποία ποτʼ ἐστίν, ὁρᾷ τῆς τοῦ
						γείτονος οὐδὲν σεμνοτέραν οὖσαν.</p>
				</div>
				<div type="textpart" subtype="section" n="30">
					<p>νῦν δʼ, ὦ ἄνδρες Ἀθηναῖοι, δημοσίᾳ μὲν ἡ πόλις ἡμῶν τὰς ὁδοὺς ἀγαπᾷ
						κατασκευάζουσα καὶ κρήνας καὶ κονιάματα καὶ λήρους (καὶ οὐ τοῖς
						εἰσηγησαμένοις
						ταῦτʼ ἐπιτιμῶ, πολλοῦ γε καὶ δέω, ἀλλʼ ὑμῖν, εἰ ταῦθʼ ἱκανὰ ὑμῖν αὐτοῖς
						ὑπολαμβάνετʼ εἶναι), ἰδίᾳ δʼ οἱ τῶν κοινῶν ἐπί τῳ γεγενημένοι οἱ μὲν τῶν
						δημοσίων οἰκοδομημάτων σεμνοτέρας τὰς ἰδίας οἰκίας κατεσκευάκασιν, οὐ μόνον
						τῶν
						πολλῶν ὑπερηφανωτέρας, οἱ δὲ γῆν συνεωνημένοι γεωργοῦσιν ὅσην οὐδʼ ὄναρ
						ἤλπισαν
						πώποτε.</p>
				</div>
				<div type="textpart" subtype="section" n="31">
					<p>τούτων δʼ αἴτιον ἁπάντων, ὅτι τότε μὲν ὁ δῆμος δεσπότης ἦν καὶ κύριος
						ἁπάντων,
						καὶ ἀγαπητὸν ἦν παρʼ ἐκείνου τῶν ἄλλων ἑκάστῳ καὶ τιμῆς καὶ ἀρχῆς καὶ ἀγαθοῦ
						τινὸς μεταλαμβάνειν, νῦν δὲ τοὐναντίον κύριοι μὲν τῶν ἀγαθῶν οὗτοι, καὶ διὰ
						τούτων ἅπαντα πράττεται, ὁ δὲ δῆμος ἐν ὑπηρέτου καὶ προσθήκης μέρει, καὶ
						ὑμεῖς
						ἀγαπᾶθʼ ἃν οὗτοι μεταδιδῶσι λαμβάνοντες.</p>
				</div>
				<div type="textpart" subtype="section" n="32">
					<p rend="indent">τοιγαροῦν ἐκ τούτων τοιαῦτα τὰ πράγματα τῆς πόλεώς ἐστιν ὥστε,
						εἴ τις ἀναγνοίη τὰ
						ψηφίσμαθʼ ὑμῶν καὶ τὰς πράξεις ἐφεξῆς διέλθοι, οὐδʼ ἂν εἷς πιστεύσαι τῶν
						αὐτῶν
						εἶναι ταῦτα κἀκεῖνα. οἷον ἃ πρὸς τοὺς καταράτους Μεγαρέας ἐψηφίσασθʼ
						ἀποτεμνομένους τὴν ὀργάδα, ἐξιέναι, κωλύειν, μὴ ἐπιτρέπειν· ἃ πρὸς
						Φλειασίους,
						ὅτʼ ἐξέπεσον ἔναγχος, βοηθεῖν, μὴ ἐπιτρέπειν τοῖς σφαγεῦσι, τῶν ἐν
						Πελοποννήσῳ
						τοὺς βουλομένους παρακαλεῖν.</p>
				</div>
				<div type="textpart" subtype="section" n="33">
					<p>ἅπαντα καλά, ὦ ἄνδρες Ἀθηναῖοι, ταῦτα καὶ δίκαια καὶ τῆς πόλεως ἄξια· τὰ ἔργα
						δὲ
						τἀπὸ τούτων οὐδαμοῦ. οὐκοῦν τὴν μὲν ἀπέχθειαν διὰ τῶν ψηφισμάτων ἐκφέρεσθε,
						τῶν
						δʼ ἔργων οὐδενὸς κύριοι γίγνεσθε· τὰ μὲν γὰρ ψηφίσματα πρὸς τὸ τῆς πόλεως
						ἀξίωμα
						ψηφίζεσθε, τὴν δύναμιν δʼ οὐκ ἀκόλουθον ὧν ψηφίζεσθʼ ἔχετε.</p>
				</div>
				<div type="textpart" subtype="section" n="34">
					<p>ἐγὼ δὲ παραινέσαιμʼ ἂν ὑμῖν (καί μοι μηδὲν ὀργισθῆτε) ἔλαττον φρονεῖν καὶ τὰ
						ὑμέτερʼ αὐτῶν ἀγαπᾶν πράττοντας, ἢ μείζω δύναμιν παρασκευάζεσθαι. εἰ μὲν οὖν
						Σιφνίοις ἢ Κυθνίοις ἤ τισιν ἄλλοις τοιούτοις οὖσι συνῄδειν ὑμῖν, ἔλαττον
						φρονεῖν
						συνεβούλευον ἄν· ἐπειδὴ δʼ ἔστʼ Ἀθηναῖοι, τὸ τὴν δύναμιν παρασκευάσασθαι
						παραινῶ· αἰσχρὸν γάρ, ὦ ἄνδρες Ἀθηναῖοι, αἰσχρὸν λιπεῖν τὴν τοῦ φρονήματος
						τάξιν, ἣν ὑμῖν οἱ πρόγονοι παρέδωκαν.</p>
				</div>
				<div type="textpart" subtype="section" n="35">
					<p>πρὸς δὲ τούτοις οὐδʼ ἔστιν ἐφʼ ὑμῖν, οὐδʼ ἂν ἀποστῆναι τῶν Ἑλληνικῶν
						βούλησθε·
						πολλὰ γὰρ ὑμῖν ἐκ παντὸς τοῦ χρόνου πέπρακται, καὶ τοὺς μὲν φίλους τοὺς
						ὑπάρχοντας αἰσχρὸν προέσθαι, τοῖς δʼ οὖσιν ἐχθροῖς οὐκ ἔνι πιστεῦσαι καὶ
						μεγάλους ἐᾶσαι γενέσθαι. ὅλως δʼ ὅπερ οἱ πολιτευόμενοι πεπόνθασι πρὸς
						ὑμᾶς—οὐκ
						ἔνεστιν αὐτοῖς, ὅταν βούλωνται, παύσασθαι—τοῦτο καὶ ὑμῖν περιέστηκε·
						πεπολίτευσθε γὰρ ἐν τοῖς Ἕλλησιν.</p>
				</div>
				<div type="textpart" subtype="section" n="36">
					<p rend="indent">ἔστι δʼ, ὦ ἄνδρες Ἀθηναῖοι, κεφάλαιον ἁπάντων τῶν
						εἰρημένων· οὐδέποθʼ ὑμᾶς οἱ λέγοντες οὔτε πονηροὺς οὔτε χρηστοὺς ποιοῦσιν,
						ἀλλʼ
						ὑμεῖς τούτους, ὁπότερʼ ἂν βούλησθε· οὐ γὰρ ὑμεῖς ὧν οὗτοι βούλονται
						στοχάζεσθε,
						ἀλλʼ οὗτοι ὧν ἂν ὑμᾶς ἐπιθυμεῖν οἴωνται. ὑμᾶς οὖν ὑπάρξαι δεῖ χρηστὰ
						βουλομένους, καὶ πάνθʼ ἕξει καλῶς· ἢ γὰρ οὐδεὶς ἐρεῖ φλαῦρον οὐδέν, ἢ οὐδὲν
						αὐτῷ
						πλέον ἔσται μὴ ἔχοντι τοὺς πεισομένους.</p>
				</div>
			</div>
		</body>
	</text>
</TEI>