<?xml version="1.0" encoding="UTF-8"?>
<?xml-model href="http://www.stoa.org/epidoc/schema/latest/tei-epidoc.rng" schematypens="http://relaxng.org/ns/structure/1.0"?>
<TEI xmlns="http://www.tei-c.org/ns/1.0">
	<teiHeader xml:lang="eng">
		<fileDesc>
			<titleStmt>
				<title xml:lang="grc">PalamedusApologia</title>
				<author>Gorgias of Leontini</author>
				<editor>Friedrich Blass</editor>
				<principal>Gregory Crane</principal>
				<respStmt>
					<persName xml:id="DDD">Digital Divide Data</persName>
					<resp>Corrected and encoded the text</resp>
				</respStmt>
				<respStmt>
					<persName>Gregory Crane</persName>
					<resp>Editor-in-Chief, Perseus Digital Library</resp>
				</respStmt>
				<respStmt>
					<persName>Matt Munson</persName>
					<resp>Project Manager (University of Leipzig)</resp>
				</respStmt>
				<respStmt>
					<persName>Annette Gessner</persName>
					<resp>Project Assistant (University of Leipzig)</resp>
				</respStmt>
				<respStmt>
					<persName>Thibault Clérice</persName>
					<resp>Lead Developer (University of Leipzig)</resp>
				</respStmt>
				<respStmt>
					<persName>Bruce Robertson</persName>
					<resp>Technical Advisor</resp>
				</respStmt>
			</titleStmt>
			<publicationStmt>
				<publisher>Trustees of Tufts University</publisher>
				<pubPlace>Medford, MA</pubPlace>
				<authority>Perseus Project</authority>
				<availability>
					<licence target="https://creativecommons.org/licenses/by-sa/4.0/">Available
						under a Creative Commons Attribution-ShareAlike 4.0 International License</licence>
				</availability>
			</publicationStmt>
			<sourceDesc>
				<biblStruct>
					<monogr>
						<title type="m" xml:lang="lat">Antiphontis orationes et fragmenta</title>
						<title type="s" xml:lang="lat">adiunctis Gorgiae, Antisthenis, Alcidamantis
							declamationibus</title>
						<author ref="urn:cts:greekLit:tlg0593">Gorgias of Leontini</author>
						<editor>Friedrich Blass</editor>
						<imprint>
							<publisher>Teubner</publisher>
							<pubPlace>Leipzig</pubPlace>
							<date>1908</date>
						</imprint>
					</monogr>
					<ref
						target="https://archive.org/details/antiphontisorat01antigoog/page/n208/mode/2up">Internet
						Archive</ref>
				</biblStruct>

			</sourceDesc>
		</fileDesc>
		<encodingDesc>
			<refsDecl n="CTS">
				<cRefPattern n="section" matchPattern="(.+)"
					replacementPattern="#xpath(/tei:TEI/tei:text/tei:body/tei:div/tei:div[@n='$1'])" />
			</refsDecl>

		</encodingDesc>
		<profileDesc>
			<langUsage>
				<language ident="grc">Greek</language>
				<language ident="lat">Latin</language>
			</langUsage>
		</profileDesc>
	</teiHeader>

	<text>
		<body>
			<div type="edition" n="urn:cts:greekLit:tlg0593.1st1K002.1st1K-grc1" xml:lang="grc">
				<head>ΓΟΡΓΙΟΥ ΥΠΕΡ ΠΑΛΑΜΗΔΟΥΣ ΑΠΟΛΟΓΙΑ</head>
				<div type="textpart" subtype="section" n="1">
					<p>Ἡ μὲν κατηγορία καὶ [ἡ ἀπολογία] κρίσις οὐ περὶ θανάτου γίγνεται· θάνατον μὲν
						γὰρ ἡ φύσις φανερᾷ <pb n="160" /> τῇ ψήφῳ πάντων κατεψηφίσατο τῶν θνητῶν,
						ᾗπερ ἡμέρᾳ <add>τις</add> ἐγένετο· περὶ δὲ τῆς ἀτιμίας καὶ τῆς τιμῆς ὁ
						κίνδυνός ἐστι, πότερά με χρὴ . . . δικαίως ἀποθανεῖν, ἢ μετ᾿ ὀνειδῶν
						μεγίστων καὶ τῆς αἰσχίστης αἰτίας βιαίως ἀποθανεῖν. </p>
				</div>
				<div type="textpart" subtype="section" n="2">
					<p>δισσῶν δὲ τούτων ὄντων τοῦ μὲν ὑμεῖς ὅλου κρατεῖτε, τοῦ δ᾿ ἐγώ, τῆς μὲν δίκης
						ἐγώ, τῆς δὲ <pb ed="alt" n="685" /> βίας ὑμεῖς. ἀποκτεῖναι μὲν γάρ με
						δυνήσεσθε βουλόμενοι ῥᾳδίως· κρατεῖτε γὰρ καὶ τούτων, ὧν οὐδὲν ἐγὼ τυγχάνω
						κρατῶν. </p>
				</div>
				<div type="textpart" subtype="section" n="3">
					<p>Εἰ μὲν οὖν ὁ κατήγορος Ὀδυσσεὺς ἢ σαφῶς ἐπιστάμενος προδιδόντα με τὴν Ἑλλάδα
						τοῖς βαρβάροις ἢ δοξάζων οὕτω ταῦτ᾿ ἔχειν ἐποιεῖτο τὴν κατηγορίαν δι᾿
						εὔνοιαν τῆς Ἑλλάδος, ἄριστος ἂν ἦν [ὁ] ἀνήρ· πῶς γὰρ <add>οὐχ</add> ὅ γε
						σῴζων πατρίδα, τοκέας, τὴν πᾶσαν Ἑλλάδα, ἔτι δὲ πρὸς τούτοις τὸν ἀδικοῦντα
						τιμωρούμενος; εἰ δὲ φθόνῳ καὶ κακοτεχνίᾳ καὶ πανουργίᾳ συνέθηκε ταύτην τὴν
						αἰτίαν, ὥσπερ δι᾿ ἐκεῖνα κράτιστος ἂν ἦν ἀνήρ, οὕτω διὰ ταῦτα κάκιστος ἀνήρ. </p>
				</div>
				<div type="textpart" subtype="section" n="4">
					<p>Περὶ τούτων δὲ λέγων πόθεν ἄρξωμαι; τί δὲ πρῶτον εἴπω; ποῖ δὲ τῆς ἀπολογίας
						τράπωμαι; αἰτία γὰρ ἀνεπίδεικτος ἔκπληξιν ἐμφανῆ <pb n="161" /> ἐμποιεῖ, διὰ
						δὲ τὴν ἔκπληξιν ἀπορεῖν ἀνάγκη τῷ λόγῳ, ἂν μή τι παρ᾿ αὐτῆς τῆς ἀληθείας καὶ
						τῆς παρούσης ἀνάγκης μάθω, διδασκάλων ἐπικινδυνοτέρων ἢ ποριμωτέρων τυχών. </p>
				</div>
				<div type="textpart" subtype="section" n="5">
					<p>Ὅτι μὲν οὖν οὐ σαφῶς <add>εἰδὼς</add> ὁ κατήγορος κατηγορεῖ μου, σαφῶς οἶδα·
						σύνοιδα γὰρ ἐμαυτῷ σαφῶς οὐδὲν τοιοῦτον πεποιηκώς· οὐδ᾿ ἔοιχ᾿ ὅπως ἂν εἰδείη
						τις εἶναι τὸ μὴ γενόμενον. εἰ δ᾿ οἰόμενος οὕτω ταῦτ᾿ ἔχειν ἐποιεῖτο τὴν
						κατηγορίαν, οὐκ ἀληθῆ λέγειν διὰ δισσῶν ὑμῖν ἐπιδείξω τρόπων. οὔτε γὰρ
						βουληθεὶς ἐδυνάμην ἂν οὔτε δυνάμενος ἐβουλήθην ἔργοις ἐπιχειρεῖν τοιούτοις.</p>
					<p />
				</div>
				<div type="textpart" subtype="section" n="6">
					<p>Ἐπὶ τοῦτον δὲ τὸν λόγον εἶμι πρῶτον, ὡς ἀδύνατός εἰμι τοῦτο πράττειν. ἔδει
						γάρ τινα πρῶτον ἀρχὴν γενέσθαι τῆς προδοσίας, ἡ δ᾿ ἀρχὴ λόγος ἂν εἴη· πρὸ
						γὰρ τῶν μελλόντων ἔργων ἀνάγκη λόγους γίγνεσθαι πρότερον. λόγοι δὲ πῶς ἂν
						γένοιντο μὴ συνουσίας τινὸς γενομένης; συνουσία δὲ τίνα τρόπον γένοιτ᾿ ἂν
						μήτ᾿ ἐκείνου πρὸς ἐμὲ πέμψαντος μήτε <add>του</add> παρ᾿ ἐμοῦ πρὸς ἐκεῖνον
						ἐλθόντος; οὐδὲ <add>γὰρ</add> παραγγελία διὰ γραμμάτων ἀφίκοιτ᾿ ἂν ἄνευ τοῦ
						φέροντος. </p>
				</div>
				<div type="textpart" subtype="section" n="7">
					<p>Ἀλλὰ δὴ τοῦτο τῷ λόγῳ δυνατὸν γενέσθω. καὶ δὴ τοίνυν <pb n="162" /> σύνειμι
						καὶ σύνεστι κἀκεῖνος ἐμοὶ κἀκείνῳ ἐγώ. τίνα τρόπον; τίνι τίς ὤν; Ἕλλην
						βαρβάρῳ. πῶς ἀκούων καὶ λέγων; πότερα μόνος μόνῳ; ἀλλ᾿ ἀγνοήσομεν τοὺς
						ἀλλήλων λόγους. ἀλλὰ μεθ᾿ ἑρμηνέως; τρίτος ἄρα μάρτυς γίγνεται τῶν
						κρύπτεσθαι δεομένων. </p>
				</div>
				<div type="textpart" subtype="section" n="8">
					<p>Ἀλλὰ δὴ καὶ τοῦτο γενέσθω, καίπερ οὐ γενόμενον. ἔδει δή μ᾿ ἐπὶ τούτοις πίστιν
						δοῦναι καὶ δέξασθαι. τίς οὖν ἂν ἦν ἡ πίστις; πότερον ὅρκος; τίς οὖν ἐμοὶ τῷ
						προδότῃ πιστεύειν ἔμελλεν; ἀλλ᾿ ὅμηροι; τίνες; οἷον ἐγὼ τὸν ἀδελφὸν ἔδωκ᾿
						ἄν, οὐ γὰρ εἶχον ἄλλον, ὁ δὲ βάρβαρος τῶν υἱέων τινά· πιστότατα <pb ed="alt"
							n="686" /> γὰρ ἂν ἦν οὕτως ἐμοί τε παρ᾿ ἐκείνου κείνῳ τε παρ᾿ ἐμοῦ.
						ταῦτα δὲ γιγνόμενα πᾶσιν ὑμῖν ἂν ἦν φανερά. </p>
				</div>
				<div type="textpart" subtype="section" n="9">
					<p>Φήσει τις ὡς χρήμασι τὴν πίστιν ἐποιούμεθα, κεῖνος μὲν διδούς, ἐγὼ δὲ
						λαμβάνων. πότερον οὖν ὀλίγοις; ἀλλ᾿ οὐκ εἰκὸς ἀντὶ μεγάλων ὑπουργημάτων
						ὀλίγα χρήματα λαμβάνειν. ἀλλὰ πολλά; τίς οὖν <add>ἂν</add> ἦν ἡ κομιδή;
						πόσοι δ᾿ ἂν ἐκόμισαν; <add>εἷς</add> ἢ πολλοί; πολλῶν <add>μὲν</add> γὰρ
						κομιζόντων πολλοὶ ἂν ἦσαν οἱ μάρτυρες τῆς ἐπιβουλῆς, ἑνὸς δὲ κομίζοντος οὐκ
						ἂν πολύ τι τὸ φερόμενον ἦν. </p>
				</div>
				<div type="textpart" subtype="section" n="10">
					<p>πότερα δ᾿ ἐκόμισεν ἡμέρας ἢ νυκτός; ἀλλὰ πολλαὶ καὶ πυκναὶ <pb n="163" />
						φυλακαί, δι᾿ ὧν οὐκ ἔστι λαθεῖν. ἀλλ᾿ ἡμέρας; ἀλλά γε τὸ φῶς πολεμεῖ τοῖς
						τοιούτοις. εἶεν. ἐγὼ δ᾿ ἐξελθὼν ἐδεξάμην, ἢ κεῖνος ὁ φέρων εἰσῆλθεν;
						ἀμφότερα γὰρ ἄπορα. λαβὼν δὲ δὴ πῶς ἂν ἔκρυψα καὶ τοὺς ἔνδον καὶ τοὺς ἔξω;
						ποῦ δ᾿ ἄν ἔθηκα; πῶς δ᾿ ἂν ἐφύλαξα; χρώμενος δ᾿ ἂν φανερὸς ἐγενόμην· μὴ
						χρώμενος δὲ τί ἂν ὠφελούμην ἀπ᾿ αὐτῶν; </p>
				</div>
				<div type="textpart" subtype="section" n="11">
					<p>Καὶ δὴ τοίνυν γενέσθω καὶ τὰ μὴ γενόμενα. συνήλθομεν, εἴπομεν, ἠκούσαμεν,
						χρήματα παρ᾿ αὐτῶν ἔλαβον, ἔλαθον λαβών, ἔκρυψα. ἔδει δήπου πράττειν ὧν
						ἕνεκα ταῦτ᾿ ἐγένετο. τοῦτο τοίνυν ἔτι τῶν εἰρημένων ἀπορώτερον. πότερα μὲν
						γὰρ αὐτὸς ἔπραττον ἢ μεθ᾿ ἑτέρων; ἀλλ᾿ οὐχ ἑνὸς ἡ πρᾶξις. ἀλλὰ μεθ᾿ ἑτέρων;
						τίνων; δηλονότι τῶν συνόντων. πότερον ἐλευθέρων ἢ δούλων; ἐλευθέροις μὲν γὰρ
						ὑμῖν σύνειμι. τίς οὖν ὑμῶν ξύνοιδε; λεγέτω. δούλοις δὲ πῶς οὐκ ἄπιστον;
						ἑκόντες <add>τε</add> γὰρ ἐπ᾿ ἐλευθερίᾳ χειμαζόμενοί τε δι᾿ ἀνάγκην
						κατηγοροῦσιν. ἡ δὲ πρᾶξις πῶς <add>ἂν</add> ἐγένετο; </p>
				</div>
				<div type="textpart" subtype="section" n="12">
					<p>δηλονότι τοὺς πολεμίους εἰσαγαγεῖν ἔδει κρείττονας ὑμῶν· ὅπερ ἀδύνατον. πῶς <add>
						δ᾿</add> ἂν οὖν εἰσήγαγον; πότερα διὰ πυλῶν; ἀλλ᾿ οὐκ ἐμὸν ταύτας οὔτε
						κλῄειν οὔτ᾿ ἀνοίγειν, ἀλλ᾿ ἡγεμόνες κύριοι τούτων. ἀλλ᾿ ὑπὲρ <pb n="164" />
						τειχῶν <add>διὰ</add> κλίμακος; οὐκοῦν . . . . . . . ἅπαντα γὰρ πλήρη
						φυλακῶν. ἀλλὰ διελὼν τοῦ τείχους; ἅπασιν ἄρα φανερὰ γένοιτ᾿ ἄν. ὑπαίθριος
						γὰρ ὁ βίος· στρατόπεδον γάρ ἐστιν <add>ἐν</add> ὅπλοις, ἐν ᾧ <add>πάντες</add>
						πάντας ὁρῶσι καὶ πάντες ὑπὸ πάντων ὁρῶνται. πάντως ἄρα καὶ πάντῃ ταῦτα
						πράττειν ἀδύνατον ἦν μοι</p>
				</div>
				<div type="textpart" subtype="section" n="13">
					<p> Σκέψασθε τοίνυν καὶ τόδε. τίνος ἕνεκα προσῆκέ <add>μοι</add> βουληθῆναι
						ταῦτα πράττειν, εἰ μάλιστα πάντων ἐδυνάμην; οὐδεὶς γὰρ βούλεται προῖκα τοὺς
						μεγίστους κινδύνους κινδυνεύειν οὐδὲ τὴν μεγίστην κακότητ᾿ εἶναι <pb
							ed="alt" n="687" /> κάκιστος, ἀλλ᾿ ἕνεκά του. <add>τίνος ἂν</add> οὖν;
						καὶ αὖθις πρὸς τόδ᾿ ἐπάνειμι. πότερον <add>ἂν
							τοῦ</add> τυραννεῖν; ὑμῶν ἢ τῶν βαρβάρων; ἀλλ᾿ ὑμῶν ἀδύνατον τοσούτων
						καὶ τοιούτων, οἷς ὑπάρχει πάντα <add>τὰ</add> μέγιστα, προγόνων ἀρεταί,
						χρημάτων πλῆθος, ἀριστεῖαι <add>μαχῶν</add>, ἀκμὴ φρονημάτων, βασιλεία
						πόλεων. </p>
				</div>
				<div type="textpart" subtype="section" n="14">
					<p>ἀλλὰ τῶν <add>βαρβάρων</add>; ὁ δὲ παραδώσων τίς; ἐγὼ δὲ ποίᾳ δυνάμει
						παραλήψομαι Ἕλλην βαρβάρους, εἷς ὢν πολλούς; <pb n="165" /> πείσας ἢ
						βιασάμενος; οὔτε γὰρ ἐκεῖνοι πεισθῆναι βούλοιντ᾿ ἄν, οὔτ᾿ ἐγὼ βιάσασθαι
						δυναίμην. ἀλλ᾿ ἴσως ἑκόντες ἑκόντι παραδώσουσιν <add>ἑαυτούς</add>, μισθὸν
						τῆς προδοσίας ἀντιδιδόντες; ἀλλά γε ταῦτα πολλῆς μωρίας καὶ πιστεῦσαι καὶ
						λέξαι· τίς γὰρ ἂν ἕλοιτο δουλείαν ἀντ᾿ ἐλευθερίας, ἀντὶ τοῦ κρατίστου τὸ
						κάκιστον; </p>
				</div>
				<div type="textpart" subtype="section" n="15">
					<p>Εἴποι τις ἂν ὅτι πλούτου καὶ χρημάτων ἐρασθεὶς ἐπεχείρησα τούτοις. ἀλλὰ
						χρήματα μέτρια μὲν κέκτημαι, πολλῶν δ᾿ οὐδὲν δέομαι. πολλῶν γὰρ δέονται
						χρημάτων οἱ πολλὰ δαπανῶντες, ἀλλ᾿ οὐχ οἱ . . . . , <add>οὐδ᾿ οἱ</add>
						κρείττονες τῶν τῆς φύσεως ἡδονῶν, ἀλλ᾿ οἱ δουλεύοντες ταῖς ἡδοναῖς καὶ
						ζητοῦντες ἀπὸ πλούτου καὶ μεγαλοπρεπείας τὰς τιμὰς κτᾶσθαι. τούτων δ᾿ ἐμοὶ
						πρόσεστιν οὐδέν. ὡς δ᾿ ἀληθῆ λέγω, μάρτυρα πιστὸν παρέξομαι τὸν παροιχόμενον
						βίον· τῷ δὲ μάρτυρι μάρτυρες ὑμεῖς ἐστε· σύνεστε γάρ μοι, διὸ σύνιστε ταῦτα. </p>
				</div>
				<div type="textpart" subtype="section" n="16">
					<p>Καὶ μὴν οὐδ᾿ ἂν τιμῆς ἕνεκα τοιούτοις ἔργοις ἀνὴρ ἐπιχειρήσειε καὶ μέσως
						φρόνιμος. ἀπ᾿
						ἀρετῆς γὰρ ἀλλ᾿ οὐκ ἀπὸ κακότητος αἱ τιμαί· προδότῃ δὲ τῆς Ἑλλάδος ἀνδρὶ πῶς
						ἂν γένοιτο
						τιμή; πρὸς δὲ τούτοις οὐδὲ τιμῆς ἐτύγχανον ἐνδεὴς ὤν· ἐτιμώμην γὰρ ἐπὶ τοῖς
						ἐντιμοτάτοις
						ὑπὸ τῶν ἐντιμοτάτων, ὑφ᾿ ὑμῶν ἐπὶ σοφίᾳ. </p>
				</div>
				<div type="textpart" subtype="section" n="17">
					<p>Καὶ μὴν οὐδ᾿ ἀσφαλείας <pb n="166" /> οὕνεκά τις ἂν ταῦτα πράξαι. πᾶσι γὰρ ὅ
						γε προδότης πολέμιος, τῷ νόμῳ, τῇ δίκῃ, τοῖς θεοῖς, τῷ πλήθει τῶν ἀνθρώπων.
						τὸν μέν γε νόμον παραβαίνει, τὴν δὲ δίκην καταλύει, τὸ δὲ θεῖον ἀτιμάζει, τὸ
						δὲ πλῆθος διαφθείρει. τῷ δὲ τοιούτῳ βίῳ περὶ κινδύνων τῶν μεγίστων οὐδ᾿ ἔχει
						ἀσφάλειαν. </p>
				</div>
				<div type="textpart" subtype="section" n="18">
					<p>Ἀλλὰ δὴ φίλους ὠφελεῖν βουλόμενος ἢ πολεμίους βλάπτειν; καὶ γὰρ τούτων ἕνεκά
						τις ἂν
						ἀδικήσειεν. ἐμοὶ δὲ πᾶν τοὐναντίον ἐγίγνετο· τοὺς μὲν φίλους κακῶς ἐποίουν,
						τοὺς δ᾿
						ἐχθροὺς ὠφέλουν. ἀγαθῶν μὲν οὖν κτῆσιν οὐδεμίαν εἶχεν ἡ πρᾶξις· κακῶς δὲ
						παθεῖν οὐδὲ εἷς
						ἐπιθυμῶν πανουργεῖ. </p>
				</div>
				<div type="textpart" subtype="section" n="19">
					<p>Τὸ δὲ λοιπόν ἐστιν, ἤ τινα φόβον ἢ πόνον ἢ κίνδυνον φεύγοντα πρᾶξαι ταῦτα· <add>
						τούτων</add> δ᾿ οὐδεὶς ἂν εἰπεῖν ἔχοι τί μοι προσῆκεν. δισσῶν γὰρ τούτων
						ἕνεκα πάντες πάντα πράττουσιν, ἢ κέρδος τι μετιόντες ἢ ζημίαν φεύγοντες· ὅσα
						δὲ τούτων ἔξω πανουργεῖται . . . . . <add>ὅσα δὲ</add> κακῶς ἐμαυτὸν ἐποίουν
						ταῦτα πράττων, οὐκ ἄδηλον· προδιδοὺς γὰρ τὴν Ἑλλάδα προὐδίδουν <pb ed="alt"
							n="688" /> ἐμαυτόν, τοκέας, φίλους, <pb n="167" /> ἀξίωμα προγόνων, ἱερὰ
						πατρῷα, τάφους, πατρίδα τὴν μεγίστην τῆς Ἑλλάδος. ἃ δὲ πᾶσι περὶ παντός
						ἐστι, ταῦτ᾿ ἂν τοῖς ἀδικηθεῖσιν ἐνεχείρισα. </p>
				</div>
				<div type="textpart" subtype="section" n="20">
					<p>Σκέψασθε δὲ καὶ τόδε. πῶς οὐκ ἂν ἀβίωτος ἦν ὁ βίος μοι πράξαντι ταῦτα; ποῖ
						γὰρ
						τραπέσθαι με χρῆν; πότερον εἰς τὴν Ἑλλάδα; δίκην δώσοντα τοῖς ἠδικημένοις;
						τίς δ᾿ ἂν
						ἀπείχετό μου τῶν κακῶς πεπονθότων; ἀλλὰ μένειν ἐν τοῖς βαρβάροις;
						παραμελήσαντα πάντων
						τῶν μεγίστων, ἐστερημένον τῆς καλλίστης τιμῆς, ἐν αἰσχίστῃ δυσκλείᾳ
						διάγοντα, τοὺς ἐν τῷ
						παροιχομένῳ βίῳ πόνους ἐπ᾿ ἀρετῇ πεπονημένους ἀπορρίψαντα; καὶ ταῦτα δι᾿
						ἐμαυτόν, ὅπερ
						αἴσχιστον ἀνδρί, δυστυχεῖν δι᾿ αὑτόν. </p>
				</div>
				<div type="textpart" subtype="section" n="21">
					<p>οὐ μὴν οὐδὲ παρὰ τοῖς βαρβάροις πιστῶς ἂν διεκείμην· πῶς γάρ, οἵτινες
						ἀπιστότατον ἔργον συνηπίσταντό μοι πεποιηκότι, τοὺς φίλους τοῖς ἐχθροῖς
						παραδεδωκότι; βίος δ᾿ οὐ βιωτὸς πίστεως ἐστερημένῳ. χρήματα μὲν γὰρ ἀποβαλὼν <add>
						ἢ</add> τυραννίδος ἐκπεσὼν ἢ τὴν πατρίδα φυγὼν ἀναλάβοι τις ἄν· ὁ δὲ πίστιν
						ἀποβαλὼν οὐκ ἂν ἔτι κτήσαιτο. ὅτι μὲν οὖν οὔτ᾿ ἂν <add>ἐδυνάμην οὔτ᾿ ἂν</add>
						ἐβουλόμην προδοῦναι τὴν Ἑλλάδα, διὰ τῶν προειρημένων δέδεικται.</p>
				</div>
				<div type="textpart" subtype="section" n="22">
					<p>Βούλομαι δὲ μετὰ ταῦτα πρὸς τὸν κατήγορον διαλεχθῆναι. τίνι ποτὲ πιστεύσας
						τοιοῦτος ὢν τοιούτου <pb n="168" /> κατηγορεῖς; ἄξιον γὰρ καταμαθεῖν, οἷος
						ὢν οἷα λέγεις, ὡς ἀνάξιος ἀναξίῳ. πότερα γάρ μου κατηγορεῖς εἰδὼς ἀκριβῶς ἢ
						δοξάζων; εἰ μὲν γὰρ εἰδώς, οἶσθ᾿ ἰδὼν ἢ μετέχων ἤ του <add>μετέχοντος</add>
						πυθόμενος. εἰ μὲν οὖν ἰδών, φράσον τούτοις <add>τὸν τρόπον</add>, τὸν τόπον,
						τὸν χρόνον, πότε, ποῦ, πῶς εἶδες· εἰ δὲ μετέχων, ἔνοχος εἶ ταῖς αὐταῖς
						αἰτίαις· εἰ δέ του μετέχοντος ἀκούσας, ὅστις ἐστίν, αὐτὸς ἐλθέτω, φανήτω,
						μαρτυρησάτω. πιστότερον γὰρ οὕτως ἔσται τὸ κατηγόρημα μαρτυρηθέν· ἐπεὶ νῦν
						γ᾿ οὐδέτερος ἡμῶν παρέχεται μάρτυρα. </p>
				</div>
				<div type="textpart" subtype="section" n="23">
					<p>φήσεις ἴσως ἴσον εἶναι τὸ σέ τε τῶν γενομένων, ὡς σὺ φής, μὴ παρέχεσθαι
						μάρτυρας, τῶν τε μὴ γενομένων ἐμέ. τὸ δ᾿ οὐκ ἴσον ἐστί· τὰ μὲν γὰρ ἀγένητα
						πῶς <add>οὐκ</add> ἀδύνατα μαρτυρηθῆναι; περὶ δὲ τῶν γενομένων οὐ μόνον οὐκ
						ἀδύνατον, ἀλλὰ καὶ ῥᾴδιον, οὐδὲ μόνον ῥᾴδιον, ἀλλὰ . . . . . σοὶ μὲν οὖν ἦν
						οἷόν <add>τε</add> μόνῳ <add>μὴ μόνον</add> μάρτυρας ἀλλὰ καὶ ψευδομάρτυρας
						εὑρεῖν, ἐμοὶ δ᾿ οὐδέτερον εὑρεῖν τούτων δυνατόν. Ὅτι μὲν οὖν οὐκ οἶσθ᾿ ἃ
						κατηγορεῖς, φανερόν· </p>
				</div>
				<div type="textpart" subtype="section" n="24">
					<p><pb n="169" /> τὸ δὴ λοιπὸν <add>οὐκ</add> εἰδότα σε δοξάζειν. εἶτ᾿, ὦ πάντων
						ἀνθρώπων τολμηρότατε, δόξῃ πιστεύσας, ἀπιστοτάτῳ πράγματι, τὴν ἀλήθειαν οὐκ
						εἰδώς, τολμᾷς ἄνδρα περὶ θανάτου διώκειν; ᾧ τί τοιοῦτον ἔργον εἰργασμένῳ
						σύνοισθα; ἀλλὰ μὴν τό γε δοξάσαι κοινὸν ἅπασι περὶ πάντων, καὶ οὐδὲν ἐν
						τούτῳ σὺ <pb ed="alt" n="689" /> τῶν ἄλλων σοφώτερος. ἀλλ᾿ οὔτε τοῖς
						δοξάζουσι δεῖ πιστεύειν ἀλλὰ τοῖς εἰδόσιν, οὔτε τὴν δόξαν τῆς ἀληθείας
						πιστοτέραν νομίζειν ἀλλὰ τἀναντία τὴν ἀλήθειαν τῆς δόξης.</p>
				</div>
				<div type="textpart" subtype="section" n="25">
					<p>Κατηγόρησας δέ μου διὰ τῶν εἰρημένων λόγων δύο τἀναντιώτατα, σοφίαν καὶ
						μανίαν, ὥπερ οὐχ οἷόν τε τὸν αὐτὸν ἄνθρωπον ἔχειν. ὅπου μὲν γάρ με φὴς εἶναι
						τεχνήεντά τε καὶ δεινὸν καὶ πόριμον, σοφίαν μου κατηγορεῖς, ὅπου δὲ λέγεις
						ὡς προὐδίδουν τὴν Ἑλλάδα, μανίαν· μανία γάρ ἐστιν ἔργοις ἐπιχειρεῖν
						ἀδυνάτοις, ἀσυμφόροις, αἰσχροῖς, ἀφ᾿ ὧν <add>τις</add> τοὺς μὲν φίλους
						βλάψει, τοὺς δ᾿ ἐχθροὺς ὠφελήσει, τὸν δ᾿ αὑτοῦ βίον ἐπονείδιστον καὶ
						σφαλερὸν καταστήσει. καίτοι πῶς χρὴ ἀνδρὶ τοιούτῳ πιστεύειν, ὅστις τὸν αὐτὸν
						λόγον λέγων πρὸς τοὺς αὐτοὺς ἄνδρας περὶ τῶν αὐτῶν τἀναντιώτατα λέγει; </p>
				</div>
				<div type="textpart" subtype="section" n="26">
					<p>Βουλοίμην δ᾿ ἂν παρὰ σοῦ πυθέσθαι, πότερα τοὺς σοφοὺς ἄνδρας νομίζεις
						ἀνοήτους <pb n="170" /> ἢ φρονίμους. εἰ μὲν γὰρ ἀνοήτους, καινὸς ὁ λόγος,
						ἀλλ᾿ οὐκ ἀληθής· εἰ δὲ φρονίμους, οὐ δήπου προσήκει τούς γε φρονοῦντας
						ἐξαμαρτάνειν τὰς μεγίστας ἁμαρτίας καὶ μᾶλλον αἱρεῖσθαι κακὰ πρὸ τῶν ἀγαθῶν.
						εἰ μὲν οὖν εἰμὶ σοφός, οὐχ ἥμαρτον· εἰ δ᾿ ἥμαρτον, οὐ σοφός εἰμι. ὥστε δι᾿
						ἀμφότερ᾿ ἂν εἴης ψευδής.</p>
				</div>
				<div type="textpart" subtype="section" n="27">
					<p> Ἀντικατηγορῆσαι δέ σου πολλὰ καὶ μεγάλα καὶ παλαιὰ καὶ νέα προσόντα
						δυνάμενος οὐ βούλομαι· <add>βούλομαι</add> γὰρ οὐ τοῖς σοῖς κακοῖς ἀλλὰ τοῖς
						ἐμοῖς ἀγαθοῖς ἀποφεύγειν τὴν αἰτίαν ταύτην. πρὸς μὲν οὖν σὲ ταῦτα.</p>
				</div>
				<div type="textpart" subtype="section" n="28">
					<p> Πρὸς δ᾿ ὑμᾶς ὦ ἄνδρες κριταὶ περὶ ἐμαυτοῦ βούλομαι <add>λόγον</add> εἰπεῖν
						ἐπίφθονον μὲν ἀληθῆ δέ, <add>μὴ</add> κατηγορημένου μὲν οὐκ ἀνεκτόν,
						κατηγορουμένῳ δὲ προσήκοντα. νῦν γὰρ ἐν ὑμῖν εὐθύνας καὶ λόγον ὑπέχω τοῦ
						παροιχομένου βίου. δέομαι οὖν ὑμῶν, ἂν ὑμᾶς ὑπομνήσω τῶν ἐμοί τι πεπραγμένων
						καλῶν, μηδένα φθονῆσαι τοῖς λεγομένοις, ἀλλ᾿ ἀναγκαῖον ἡγήσασθαι
						κατηγορημένον δεινὰ καὶ ψευδῆ καί τι τῶν ἀληθῶν ἀγαθῶν εἰπεῖν ἐν εἰδόσιν
						ὑμῖν· ὅπερ ἥδιστόν <pb n="171" /> μοι. </p>
				</div>
				<div type="textpart" subtype="section" n="29">
					<p>πρῶτον μὲν οὖν καὶ δεύτερον καὶ μέγιστον, διὰ παντὸς ἀπ᾿ ἀρχῆς εἰς τέλος
						ἀναμάρτητος ὁ
						παροιχόμενος βίος ἐστί μοι, καθαρὸς πάσης αἰτίας· οὐδεὶς γὰρ ἂν οὐδεμίαν
						αἰτίαν
						κακότητος ἀληθῆ πρὸς ὑμᾶς περὶ ἐμοῦ εἰπεῖν ἔχοι. καὶ γὰρ οὐδ᾿ αὐτὸς ὁ
						κατήγορος οὐδεμίαν
						ἀπόδειξιν εἴρηκεν ὧν εἴρηκεν· οὕτω λοιδορίαν οὐκ ἔχουσαν ἔλεγχον ὁ λόγος
						αὐτῷ δύναται.
					</p>
				</div>
				<div type="textpart" subtype="section" n="30">
					<p>φήσαιμι δ᾿ ἄν, καὶ φήσας οὐκ ἂν ψευσαίμην οὐδ᾿ ἂν ἐλεγχθείην, οὐ μόνον
						ἀναμάρτητος ἀλλὰ καὶ μέγας εὐεργέτης ὑμῶν καὶ τῶν Ἑλλήνων καὶ τῶν ἁπάντων
						ἀνθρώπων, οὐ μόνον τῶν νῦν ὄντων ἀλλὰ <add>καὶ</add> τῶν μελλόντων, εἶναι.
						τίς γὰρ ἄλλος ἐποίησε τὸν ἀνθρώπινον βίον πόριμον ἐξ ἀπόρου καὶ κεκοσμημένον
						ἐξ ἀκόσμου, τάξεις τε πολεμικὰς εὑρών, μέγιστον εἰς πλεονεκτήματα, νόμους τε
						γραπτούς, <pb ed="alt" n="690" /> φύλακας τοῦ δικαίου, γράμματά τε, μνήμης
						ὄργανον, μέτρα τε καὶ σταθμά, συναλλαγῶν εὐπόρους διαλλαγάς, ἀριθμόν τε,
						χρημάτων φύλακα, πυρσούς τε, κρατίστους καὶ ταχίστους ἀγγέλους, πεσσούς τε,
						σχολῆς ἄλυπον διατριβήν; τίνος οὖν ἕνεκα ταῦθ᾿ ὑμᾶς ὑπέμνησα; </p>
				</div>
				<div type="textpart" subtype="section" n="31">
					<p>δηλῶν <add>μὲν</add> ὅτι τοῖς τοιούτοις τὸν νοῦν προσέχω, σημεῖον δὲ
						ποιούμενος <pb n="172" /> ὅτι τῶν αἰσχρῶν καὶ τῶν κακῶν ἔργων ἀπέχομαι· τὸ
						γὰρ ἐκείνοις τὸν νοῦν προσέχοντα τοῖς τοιούτοις προσέχειν ἀδύνατον. ἀξιῶ δ᾿,
						εἰ μηδὲν αὐτὸς ὑμᾶς ἀδικῶ, μηδ᾿ αὐτὸς ὑφ᾿ ὑμῶν ἀδικηθῆναι. </p>
				</div>
				<div type="textpart" subtype="section" n="32">
					<p>καὶ γὰρ οὐδὲ τῶν ἄλλων ἐπιτηδευμάτων οὕνεκ᾿ ἄξιός εἰμι κακῶς πάσχειν, οὔθ᾿
						ὑπὸ νεωτέρων
						οὔθ᾿ ὑπὸ πρεσβυτέρων. τοῖς μὲν γὰρ πρεσβυτέροις ἄλυπός εἰμι, τοῖς δὲ
						νεωτέροις οὐκ
						ἀνωφελής· τοῖς εὐτυχοῦσιν οὐ φθονερός, τῶν δυστυχούντων οἰκτίρμων· οὔτε
						πενίας ὑπερορῶν,
						οὔτε πλοῦτον ἀρετῆς ἀλλ᾿ ἀρετὴν πλούτου προτιμῶν· οὔτ᾿ ἐν βουλαῖς ἄχρηστος
						οὔτ᾿ ἐν
						μάχαις ἀργός, ποιῶν τὸ τασσόμενον, πειθόμενος τοῖς ἄρχουσιν. ἀλλὰ γὰρ οὐκ
						ἐμὸν ἐμαυτὸν
						ἐπαινεῖν· ὁ δὲ παρὼν καιρὸς ἠνάγκασε καὶ ταῦτα, κατηγορημένον πάντως
						ἀπολογήσασθαι.</p>
				</div>
				<div type="textpart" subtype="section" n="33">
					<p> Λοιπὸς δὲ περὶ ὑμῶν πρὸς ὑμᾶς ἐστί μοι λόγος, ὃν εἰπὼν παύσομαι τῆς
						ἀπολογίας. οἶκτος μὲν οὖν καὶ λιταὶ καὶ φίλων παραίτησις ἐν ὄχλῳ μὲν οὔσης
						τῆς κρίσεως χρήσιμα· παρὰ δ᾿ ὑμῖν τοῖς πρώτοις οὖσι τῶν Ἑλλήνων καὶ
						δοκοῦσιν, οὐ φίλων βοηθείαις οὐδὲ λιταῖς οὐδ᾿ οἴκτοις δεῖ πείθειν ὑμᾶς, ἀλλὰ
						τῷ σαφεστάτῳ <pb n="173" /> δικαίῳ, διδάξαντα τἀληθές, οὐκ ἀπατήσαντά με δεῖ
						διαφυγεῖν τὴν αἰτίαν ταύτην. </p>
				</div>
				<div type="textpart" subtype="section" n="34">
					<p>ὑμᾶς δὲ χρὴ μὴ τοῖς λόγοις μᾶλλον ἢ τοῖς ἔργοις προσέχειν τὸν νοῦν, μηδὲ τὰς
						αἰτίας τῶν ἐλέγχων προκρίνειν, μηδὲ τὸν ὀλίγον χρόνον τοῦ πολλοῦ σοφώτερον
						ἡγεῖσθαι κριτήν, μηδὲ τὴν διαβολὴν τῆς πείρας πιστοτέραν νομίζειν. ἅπαντα <add>
						μὲν</add> γὰρ τοῖς ἀγαθοῖς ἀνδράσι μεγάλης εὐλαβείας ἁμαρτάνειν, τὰ δ᾿
						ἀνήκεστα τῶν ἀκεστῶν ἔτι μᾶλλον· ταῦτα γὰρ προνοήσασι μὲν ἀδύνατα,
						μετανοήσασι δ᾿ ἀνίατα. τῶν δὲ τοιούτων ἐστίν, ὅταν ἄνδρες ἄνδρα περὶ θανάτου
						κρίνωσιν· ὅπερ ἐστὶ νῦν παρ᾿ ὑμῖν. </p>
				</div>
				<div type="textpart" subtype="section" n="35">
					<p>εἰ μὲν οὖν ἦν διὰ τῶν λόγων τὴν ἀλήθειαν τῶν ἔργων καθαρῶς γενέσθαι τοῖς
						ἀκούουσι
						φανεράν, εὔπορος ἂν ἡ κρίσις ἦν ἀπὸ τῶν εἰρημένων· ἐπειδὴ δ᾿ οὐχ οὕτως ἔχει,
						τὸ μὲν σῶμα
						τοὐμὸν φυλάξατε, τὸν δὲ πλείω χρόνον ἐπιμείνατε, μετὰ δὲ τῆς ἀληθείας τὴν
						κρίσιν
						ποιήσατε. ὑμῖν μὲν γὰρ μέγας ὁ κίνδυνος ἀδίκοις φανεῖσι δόξαν τὴν μὲν
						καταβαλεῖν, τὴν δὲ
						κτήσασθαι. τοῖς δ᾿ ἀγαθοῖς ἀνδράσιν αἱρετώτερος θάνατος δόξης αἰσχρᾶς· </p>
				</div>
				<div type="textpart" subtype="section" n="36">
					<p>τὸ μὲν γὰρ τοῦ βίου τέλος, ἡ δὲ τῷ βίῳ νόσος, ἐὰν δ᾿ ἀδίκως ἀποκτείνητέ με,
						πολλοῖς γενήσεται φανερόν· <pb n="174" /> ἐγώ τε γὰρ <add>οὐκ</add> ἀγνώς,
						ὑμῖν τε <add>παρὰ</add> πᾶσιν Ἕλλησι γνώριμος ἡ κακότης καὶ φανερά. καὶ τὴν
						αἰτίαν [φανερὰν] ἅπασαν ὑμεῖς ἕξετε τῆς ἀδικίας, οὐχ ὁ κατήγορος· ἐν ὑμῖν
						γὰρ τὸ τέλος ἐστὶ τῆς δίκης. ἁμαρτία δ᾿ οὐκ ἂν γένοιτο μείζων ταύτης. οὐ γὰρ
						μόνον εἰς ἐμὲ καὶ τοκέας τοὺς ἐμοὺς ἁμαρτήσεσθε δικάσαντες ἀδίκως, ἀλλ᾿ ὑμῖν
						αὐτοῖς δεινὸν ἄθεον ἄδικον ἄνομον ἔργον συνεπιστήσεσθε πεποιηκότες,
						ἀπεκτονότες ἄνδρα σύμμαχον, χρήσιμον ὑμῖν, εὐεργέτην τῆς Ἑλλάδος, Ἕλληνες
						Ἕλληνα, φανερὰν οὐδεμίαν ἀδικίαν οὐδὲ πιστὴν αἰτίαν ἀποδείξαντες.</p>
				</div>
				<div type="textpart" subtype="section" n="37">
					<p> Εἴρηται τὰ παρ᾿ ἐμοῦ, καὶ παύομαι. τὸ γὰρ ὑπομνῆσαι τὰ διὰ μακρῶν εἰρημένα
						συντόμως
						πρὸς μὲν φαύλους δικαστὰς ἔχει λόγον· τοὺς δὲ πρώτους τῶν πρώτων Ἕλληνας
						Ἑλλήνων οὐκ
						ἄξιον οὐδ᾿ ἀξιῶσαι μήτε προσέχειν τὸν νοῦν μήτε μεμνῆσθαι τὰ λεχθέντα.</p>
				</div>
			</div>
		</body>
	</text>
</TEI>