<?xml version="1.0" encoding="UTF-8"?>
<?xml-model href="http://www.stoa.org/epidoc/schema/latest/tei-epidoc.rng" schematypens="http://relaxng.org/ns/structure/1.0"?>
<TEI xmlns="http://www.tei-c.org/ns/1.0">
	<teiHeader>

		<fileDesc>
			<titleStmt>
				<title xml:lang="lat">Interpretatione</title>
				<author>Aristotle</author>
				<editor>Immanuel Bekker</editor>
				<funder>Andrew W. Mellon Foundation</funder>
				<respStmt>
					<resp>Published original versions of the electronic texts</resp>
					<orgName ref="http://www.graeco-arabic-studies.org/">A Digital Corpus for
						Graeco-Arabic
						Studies, funded by the Andrew W. Mellon Foundation</orgName>
					<persName>Mark Schiefsky, Harvard University</persName>
					<persName>Gregory R. Crane, Universität Leipzig</persName>
					<persName>Uwe Vagelpohl, University of Warwick</persName>
				</respStmt>
				<respStmt>
					<resp>Keyboarding</resp>
					<orgName xml:id="DDD">Digital Divide Data</orgName>
				</respStmt>
				<respStmt>
					<resp>Editor-in-Chief, Perseus Digital Library</resp>
					<persName>Gregory R. Crane</persName>
				</respStmt>
				<respStmt>
					<resp>Project Manager (University of Leipzig)</resp>
					<persName>Matt Munson</persName>
				</respStmt>
				<respStmt>
					<resp>Project Assistant (University of Leipzig)</resp>
					<persName>Annette Geßner</persName>
				</respStmt>
				<respStmt>
					<resp>Lead Developer (University of Leipzig)</resp>
					<persName>Thibault Clérice</persName>
				</respStmt>
				<respStmt>
					<resp>Technical Advisor</resp>
					<persName>Bruce Robertson</persName>
				</respStmt>
			</titleStmt>
			<publicationStmt>
				<authority>A Digital Corpus for Graeco-Arabic Studies, funded by the Andrew W.
					Mellon
					Foundation</authority>
				<publisher>University of Leipzig</publisher>
				<pubPlace>Germany</pubPlace>
				<idno type="filename">tlg0086.tlg017.1st1K-grc1.xml</idno>
				<availability>
					<licence target="https://creativecommons.org/licenses/by-sa/4.0/">Available
						under a
						Creative Commons Attribution-ShareAlike 4.0 International License</licence>
				</availability>
				<date>2016</date>
			</publicationStmt>
			<sourceDesc>
				<biblStruct>
					<monogr>
						<title xml:lang="lat">Aristotelis Opera</title>
						<author>Aristotle</author>
						<editor>Immanuel Bekker</editor>
						<imprint>
							<publisher>Oxford University Press</publisher>
							<pubPlace>Oxford</pubPlace>
							<biblScope unit="vol">1</biblScope>
							<biblScope unit="pp" from="39" to="60">39-60</biblScope>
							<date>1837</date>
						</imprint>
					</monogr>
					<ref target="https://hdl.handle.net/2027/mdp.39015027645400?urlappend=%3Bseq=48">
						HathiTrust</ref>
				</biblStruct>
			</sourceDesc>
		</fileDesc>
		<encodingDesc>
			<p>The following text is encoded in accordance with EpiDoc standards and with the
				CTS/CITE
				Architecture.</p>
			<refsDecl n="CTS">
				<cRefPattern n="chapter"
					replacementPattern="#xpath(/tei:TEI/tei:text/tei:body/tei:div/tei:div[@n='$1'])"
					matchPattern="(.+)" />
			</refsDecl>
		</encodingDesc>
		<profileDesc>
			<langUsage>
				<language ident="grc">Greek</language>
			</langUsage>
		</profileDesc>
	</teiHeader>
	<text>
		<body>

			<div type="edition" xml:lang="grc" n="urn:cts:greekLit:tlg0086.tlg017.1st1K-grc1">
				<pb n="39" />

				<div type="textpart" subtype="chapter" n="1">
					<milestone unit="section" n="1" />
					<head>ΠΕΡΙ ΕΡΜΗΝΕΙΑΣ.</head>
					<p>ΠΡΩΤΟΝ δεῖ θέσθαι τί ὄνομα καὶ τί ῥῆμα, ἔπειτα τί ἐστιν ἀπόφασις καὶ
						κατάφασις καὶ
						ἀπόφανσις καὶ λόγος.</p>
					<milestone unit="section" n="2" />
					<p>Ἔστι μὲν οὖν τὰ ἐν τῇ φωνῇ τῶν ἐν τῇ ψυχῇ παθημάτων σύμβολα, καὶ τὰ γραφόμενα
						τῶν ἐν τῇ φωνῇ. Καὶ ὥσπερ οὐδὲ γράμματα πᾶσι τὰ αὐτά, οὐδὲ φωναὶ αἱ αὐταί·
						ὧν μέντοι ταῦτα σημεῖα πρώτως, ταὐτὰ πᾶσι παθήματα τῆς ψυχῆς, καὶ ὧν ταῦτα
						ὁμοιώματα, πράγματα ἤδη ταὐτά. Περὶ μὲν οὖν τούτων εἴρηται ἐν τοῖς περὶ
						ψυχῆς· <milestone unit="section" n="3" />ἄλλης γὰρ πραγματείας. Ἔστι δ᾿,
						ὥσπερ ἐν τῇ ψυχῇ ὁτὲ μὲν νόημα ἄνευ τοῦ ἀληθεύειν ἢ ψεύδεσθαι, ὁτὲ δὲ ἤδη ᾧ
						ἀνάγκη τούτων ὑπάρχειν θάτερον, οὕτω καὶ ἐν τῇ φωνῇ· περὶ γὰρ σύνθεσιν καὶ
						διαίρεσίν ἐστι τὸ ψεῦδος καὶ τὸ ἀληθές. <milestone unit="section" n="4" />Τὰ
						μὲν οὖν ὀνόματα αὐτὰ καὶ τὰ ῥήματα ἔοικε τῷ ἄνευ συνθέσεως καὶ διαιρέσεως
						νοήματι, οἷον τὸ ἄνθρωπος ἢ τὸ λευκόν, ὅταν μὴ προστεθῇ τι· οὔτε γὰρ ψεῦδος
						οὔτε ἀληθές πω. Σημεῖον δ᾿ ἐστὶ τοῦδε· καὶ γὰρ ὁ τραγέλαφος σημαίνει μέν τι,
						οὔπω δὲ ἀληθὲς ἢ ψεῦδος, ἐὰν μὴ τὸ εἶναι ἢ μὴ εἶναι προστεθῇ, ἢ ἁπλῶς ἢ κατὰ
						χρόνον.</p>
				</div>

				<div type="textpart" subtype="chapter" n="2">
					<milestone unit="section" n="1" />
					<p>Ὄνομα μὲν οὖν ἐστὶ φωνὴ σημαντικὴ κατὰ συνθήκην ἄνευ χρόνου, ἧς μηδὲν μέρος
						ἐστὶ σημαντικὸν κεχωρισμένον· ἐν γὰρ τῷ Κάλλιππος τὸ ἵππος οὐδὲν αὐτὸ καθ᾿
						ἑαυτὸ σημαίνει, ὥσπερ ἐν τῷ λόγῳ τῷ καλὸς ἵππος. <milestone unit="section"
							n="2" />Οὐ μὴν οὐδ᾿ ὥσπερ ἐν τοῖς ἁπλοῖς ὀνόμασιν, οὕτως ἔχει καὶ ἐν
						τοῖς συμπεπλεγμένοις· ἐν ἐκείνοις μὲν γὰρ τὸ μέρος οὐδαμῶς σημαντικόν, ἐν δὲ
						τούτοις βούλεται μέν, ἀλλ᾿ οὐδενὸς κεχωρισμένον, οἷον ἐν <pb n="40" /> τῷ
						ἐπακτροκέλης τὸ κέλης οὐδὲν σημαίνει καθ᾿ ἑαυτό. Τὸ δὲ κατὰ συνθήκην, ὅτι
						φύσει τῶν ὀνομάτων οὐδέν ἐστιν, ἀλλ᾿ ὅταν γένηται σύμβολον, ἐπεὶ δηλοῦσί γέ
						τι καὶ οἱ ἀγράμματοι ψόφοι, οἷον θηρίων, ὧν οὐδέν ἐστιν ὄνομα.</p>
					<milestone unit="section" n="3" />
					<p>Τὸ δ᾿ οὐκ ἄνθρωπος οὐκ ὄνομα. Οὐ μὴν οὐδὲ κεῖται ὄνομα ὅ τι δεῖ καλεῖν αὐτό·
						οὔτε γὰρ λόγος οὔτε ἀπόφασίς ἐστιν. Ἀλλ᾿ ἔστω ὄνομα ἀόριστον, ὅτι ὁμοίως ἐφ᾿
						ὁτουοῦν ὑπάρχει καὶ ὄντος καὶ μὴ ὄντος. Τὸ δὲ Φίλωνος ἢ Φίλωνι καὶ ὅσα
						τοιαῦτα, οὐκ ὀνόματα ἀλλὰ πτώσεις ὀνόματος. <milestone unit="section" n="4" />Λόγος
						δέ ἐστιν αὐτοῦ τὰ μὲν ἄλλα κατὰ τὰ αὐτά· ὅτι δὲ μετὰ τοῦ ἔστιν ἢ ἦν ἢ ἔσται
						οὐκ ἀληθεύει ἢ ψεύδεται, τὸ δὲ ὄνομα ἀεί· οἷον Φίλωνός ἐστιν ἢ οὐκ ἔστιν·
						οὐδὲν γάρ πω οὔτε ἀληθεύει οὔτε ψεύδεται.</p>
				</div>

				<div type="textpart" subtype="chapter" n="3">
					<milestone unit="section" n="1" />
					<p>Ῥῆμα δέ ἐστι τὸ προσσημαῖνον χρόνον, οὗ μέρος οὐδὲν σημαίνει χωρίς, καὶ ἔστιν
						ἀεὶ τῶν
						καθ᾿ ἑτέρου λεγομένων σημεῖον. Λέγω δ᾿ ὅτι προσσημαίνει χρόνον, οἷον ὑγίεια
						μὲν ὄνομα,
						τὸ δὲ ὑγιαίνει ῥῆμα· προσσημαίνει γὰρ τὸ νῦν ὑπάρχειν. Καὶ ἀεὶ τῶν καθ᾿
						ἑτέρου λεγομένων
						σημεῖόν ἐστιν, οἷον τῶν καθ᾿ ὑποκειμένου ἢ ἐν ὑποκειμένῳ.</p>
					<milestone unit="section" n="2" />
					<p>Τὸ δὲ οὐχ ὑγιαίνει καὶ τὸ οὐ κάμνει οὐ ῥῆμα λέγω· προσσημαίνει μὲν γὰρ χρόνον
						καὶ ἀεὶ κατά τινος ὑπάρχει, τῇ δὲ διαφορᾷ ὄνομα οὐ κεῖται· ἀλλ᾿ ἔστω
						ἀόριστον ῥῆμα, ὅτι ὁμοίως ἐφ᾿ ὁτουοῦν ὑπάρχει, καὶ ὄντος καὶ μὴ ὄντος. <milestone
							unit="section" n="3" />Ὁμοίως δὲ καὶ τὸ ὑγίανεν ἢ τὸ ὑγιανεῖ οὐ ῥῆμα,
						ἀλλὰ πτῶσις ῥήματος· διαφέρει δὲ τοῦ ῥήματος, ὅτι τὸ μὲν τὸν παρόντα
						προσσημαίνει χρόνον, τὰ δὲ τὸ πέριξ.</p>
					<milestone unit="section" n="4" />
					<p>Αὐτὰ μὲν οὖν καθ᾿ ἑαυτὰ λεγόμενα τὰ ῥήματα ὀνόματά ἐστι καὶ σημαίνει τι
						(ἵστησι γὰρ ὁ λέγων τὴν διάνοιαν, καὶ ὁ ἀκούσας ἠρέμησεν), ἀλλ᾿ εἰ ἔστιν ἢ
						μή, οὔπω σημαίνει· οὐδὲ γὰρ τὸ εἶναι ἢ μὴ εἶναι σημεῖόν ἐστι τοῦ πράγματος, <pb
							n="41" /> οὐδ᾿ ἐὰν τὸ ὂν εἴπῃς αὐτὸ καθ᾿ ἑαυτὸ ψιλόν. Αὐτὸ μὲν γὰρ οὐδέν
						ἐστι, προσσημαίνει δὲ σύνθεσίν τινα, ἣν ἄνευ τῶν συγκειμένων οὐκ ἔστι
						νοῆσαι.</p>
				</div>

				<div type="textpart" subtype="chapter" n="4">
					<milestone unit="section" n="1" />
					<p>Λόγος δέ ἐστι φωνὴ σημαντικὴ κατὰ συνθήκην, ἧς τῶν μερῶν τι σημαντικόν ἐστι
						κεχωρισμένον, ὡς φάσις, ἀλλ᾿ οὐχ ὡς κατάφασις ἢ ἀπόφασις. Λέγω δέ, οἷον
						ἄνθρωπος σημαίνει μέν τι, ἀλλ᾿ οὐχ ὅτι ἔστιν ἢ οὐκ ἔστιν· ἀλλ᾿ ἔσται
						κατάφασις ἢ ἀπόφασις, ἐάν τι προστεθῇ. <milestone unit="section" n="2" />Ἀλλ᾿
						οὐχὶ τοῦ ἀνθρώπου συλλαβὴ μία. Οὐδὲ γὰρ ἐν τῷ μῦς τὸ ῦς σημαντικόν, ἀλλὰ
						φωνή ἐστι νῦν μόνον. Ἐν δὲ τοῖς διπλοῖς σημαίνει μέν, ἀλλ᾿ οὐ καθ᾿ αὑτό, ὡς
						προείρηται.</p>
					<milestone unit="section" n="3" />
					<p>Ἔστι δὲ λόγος ἅπας μὲν σημαντικός, οὐχ ὡς ὄργανον δέ, ἀλλ᾿ ὡς προείρηται,
						κατὰ συνθήκην. Ἀποφαντικὸς δὲ οὐ πᾶς, ἀλλ᾿ ἐν ᾧ τὸ ἀληθεύειν ἢ ψεύδεσθαι
						ὑπάρχει. <milestone unit="section" n="4" />Οὐκ ἐν ἅπασι δὲ ὑπάρχει, οἷον ἡ
						εὐχὴ λόγος μέν, ἀλλ᾿ οὔτε ἀληθὴς οὔτε ψευδής. Οἱ μὲν οὖν ἄλλοι ἀφείσθωσαν·
						ῥητορικῆς γὰρ ἢ ποιητικῆς οἰκειοτέρα ἡ σκέψις· ὁ δὲ ἀποφαντικὸς τῆς νῦν
						θεωρίας.</p>
				</div>

				<div type="textpart" subtype="chapter" n="5">
					<milestone unit="section" n="1" />
					<p>Ἔστι δὲ εἷς πρῶτος λόγος ἀποφαντικὸς κατάφασις, εἶτα ἀπόφασις· οἱ δ᾿ ἄλλοι
						πάντες συνδέσμῳ εἷς. Ἀνάγκη δὲ πάντα λόγον ἀποφαντικὸν ἐκ ῥήματος εἶναι ἢ
						πτώσεως ῥήματος· καὶ γὰρ ὁ τοῦ ἀνθρώπου λόγος, ἐὰν μὴ τὸ ἔστιν ἢ ἦν ἢ ἔσται
						ἤ τι τοιοῦτον προστεθῇ, οὔπω λόγος ἀποφαντικός. <milestone unit="section"
							n="2" />Διότι δὴ ἕν τί ἐστιν ἀλλ᾿ οὐ πολλὰ τὸ ζῷον πεζὸν δίπουν· οὐ γὰρ
						δὴ τῷ σύνεγγυς εἰρῆσθαι εἷς ἔσται. Ἔστι δὲ ἄλλης πραγματείας τοῦτο εἰπεῖν.
						Ἔστι δὲ εἷς λόγος ἀποφαντικὸς ἢ ὁ ἓν δηλῶν ἢ ὁ συνδέσμῳ εἷς, πολλοὶ δὲ οἱ
						πολλὰ καὶ μὴ ἓν ἢ οἱ ἀσύνδετοι. <milestone unit="section" n="3" />Τὸ μὲν οὖν
						ὄνομα ἢ ῥῆμα φάσις ἔστω μόνον, ἐπειδὴ οὐκ ἔστιν εἰπεῖν οὕτω δηλοῦντά τι τῇ
						φωνῇ ὥστε ἀποφαίνεσθαι, ἢ ἐρωτῶντός τινος, <pb n="42" /> ἢ μή, ἀλλ᾿ αὐτὸν
						προαιρούμενον. <milestone unit="section" n="4" />Τούτων δὲ ἡ μὲν ἁπλῆ ἐστὶν
						ἀπόφανσις, οἷον τὶ κατά τινος ἢ τὶ ἀπό τινος, ἡ δὲ ἐκ τούτων συγκειμένη οἷον
						λόγος τις ἤδη σύνθετος. <milestone unit="section" n="5" />Ἔστι δὲ ἡ ἁπλῆ
						ἀπόφανσις φωνὴ σημαντικὴ περὶ τοῦ ὑπάρχειν τι ἢ μὴ ὑπάρχειν, ὡς οἱ χρόνοι
						διῄρηνται.</p>
				</div>

				<div type="textpart" subtype="chapter" n="6">
					<milestone unit="section" n="1" />
					<p>Κατάφασις δέ ἐστιν ἀπόφανσίς τινος κατά τινος. Ἀπόφασις δέ ἐστιν ἀπόφανσίς
						τινος ἀπό τινος. <milestone unit="section" n="2" />Ἐπεὶ δὲ ἔστι καὶ τὸ
						ὑπάρχον ἀποφαίνεσθαι ὡς μὴ ὑπάρχον καὶ τὸ μὴ ὑπάρχον ὡς ὑπάρχον καὶ τὸ
						ὑπάρχον ὡς ὑπάρχον καὶ τὸ μὴ ὑπάρχον ὡς μὴ ὑπάρχον, καὶ περὶ τοὺς ἐκτὸς δὲ
						τοῦ νῦν χρόνους ὡσαύτως, ἅπαν ἂν ἐνδέχοιτο καὶ ὃ κατέφησέ τις ἀποφῆσαι καὶ ὃ
						ἀπέφησέ τις καταφῆσαι. <milestone unit="section" n="3" />Ὥστε δῆλον ὅτι πάσῃ
						καταφάσει ἐστὶν ἀπόφασις ἀντικειμένη καὶ πάσῃ ἀποφάσει κατάφασις. Καὶ ἔστω
						ἀντίφασις τοῦτο, κατάφασις καὶ ἀπόφασις αἱ ἀντικείμεναι. <milestone
							unit="section" n="4" />Λέγω δὲ ἀντικεῖσθαι τὴν τοῦ αὐτοῦ κατὰ τοῦ αὐτοῦ,
						μὴ ὁμωνύμως δέ, καὶ ὅσα ἄλλα τῶν τοιούτων προσδιοριζόμεθα πρὸς τὰς
						σοφιστικὰς ἐνοχλήσεις.</p>
				</div>

				<div type="textpart" subtype="chapter" n="7">
					<milestone unit="section" n="1" />
					<p>Ἐπεὶ δ᾿ ἐστὶ τὰ μὲν καθόλου τῶν πραγμάτων τὰ δὲ καθ᾿ ἕκαστον (λέγω δὲ καθόλου
						μὲν ὃ ἐπὶ πλειόνων πέφυκε κατηγορεῖσθαι, καθ᾿ ἕκαστον δὲ ὃ μή, οἷον ἄνθρωπος
						μὲν τῶν καθόλου, Καλλίας δὲ τῶν καθ᾿ ἕκαστον)· ἀνάγκη δὲ ἀποφαίνεσθαι ὡς
						ὑπάρχει τι ἢ μὴ ὁτὲ μὲν τῶν καθόλου τινί, ὁτὲ δὲ τῶν καθ᾿ ἕκαστον. <milestone
							unit="section" n="2" />Ἐὰν μὲν οὖν καθόλου ἀποφαίνηται ἐπὶ τοῦ καθόλου
						ὅτι ὑπάρχει τι ἢ μή, ἔσονται ἐναντίαι αἱ ἀποφάνσεις. Λέγω δὲ ἐπὶ τοῦ καθόλου
						ἀποφαίνεσθαι καθόλου, οἷον πᾶς ἄνθρωπος λευκός, οὐδεὶς ἄνθρωπος λευκός. <milestone
							unit="section" n="3" />Ὅταν δὲ ἐπὶ τῶν καθόλου μέν, μὴ καθόλου δέ, αὗται
						μὲν οὐκ εἰσὶν ἐναντίαι, τὰ μέντοι δηλούμενα ἔστιν εἶναι ἐναντία ποτέ. <milestone
							unit="section" n="4" />Λέγω δὲ τὸ μὴ καθόλου ἀποφαίνεσθαι ἐπὶ τῶν
						καθόλου, οἷον ἔστι λευκὸς ἄνθρωπος, οὐκ ἔστι λευκὸς ἄνθρωπος· καθόλου <pb
							n="43" /> γὰρ ὄντος τοῦ ἄνθρωπος οὐχ ὡς καθόλου κέχρηται τῇ ἀποφάνσει·
						τὸ γὰρ πᾶς οὐ τὸ καθόλου σημαίνει ἀλλ᾿ ὅτι καθόλου. <milestone
							unit="section" n="5" />Ἐπὶ δὲ τοῦ κατηγορουμένου καθόλου κατηγορεῖν τὸ
						καθόλου οὐκ ἔστιν ἀληθές· οὐδεμία γὰρ κατάφασις ἀληθὴς ἔσται, ἐν ᾗ τοῦ
						κατηγορουμένου καθόλου τὸ καθόλου κατηγορεῖται, οἷον ἔστι πᾶς ἄνθρωπος πᾶν
						ζῷον. <milestone unit="section" n="6" />Ἀντικεῖσθαι μὲν οὖν κατάφασιν
						ἀποφάσει λέγω ἀντιφατικῶς τὴν τὸ καθόλου σημαίνουσαν τῷ αὐτῷ ὅτι οὐ καθόλου,
						οἷον πᾶς ἄνθρωπος λευκός — οὐ πᾶς ἄνθρωπος λευκός, οὐδεὶς ἄνθρωπος λευκός —
						ἔστι τις ἄνθρωπος λευκός· ἐναντίως δὲ τὴν τοῦ καθόλου κατάφασιν καὶ τὴν τοῦ
						καθόλου ἀπόφασιν, οἷον πᾶς ἄνθρωπος λευκός — οὐδεὶς ἄνθρωπος λευκός, πᾶς
						ἄνθρωπος δίκαιος — οὐδεὶς ἄνθρωπος δίκαιος. <milestone unit="section" n="7" />Διὸ
						ταύτας μὲν οὐχ οἷόν τε ἅμα ἀληθεῖς εἶναι, τὰς δὲ ἀντικειμένας αὐταῖς
						ἐνδέχεταί ποτε ἐπὶ τοῦ αὐτοῦ ἅμα ἀληθεῖς εἶναι, οἷον οὐ πᾶς ἄνθρωπος λευκός
						καὶ ἔστι τις ἄνθρωπος λευκός. <milestone unit="section" n="8" />Ὅσαι μὲν οὖν
						ἀντιφάσεις τῶν καθόλου εἰσὶ καθόλου, ἀνάγκη τὴν ἑτέραν ἀληθῆ εἶναι ἢ ψευδῆ,
						καὶ ὅσαι ἐπὶ τῶν καθ᾿ ἕκαστα, οἷον ἔστι Σωκράτης λευκός — οὐκ ἔστι Σωκράτης
						λευκός· ὅσαι δὲ ἐπὶ τῶν καθόλου μέν, μὴ καθόλου δέ, οὐκ ἀεὶ ἡ μὲν ἀληθὴς ἡ
						δὲ ψευδής. <milestone unit="section" n="9" />Ἅμα γὰρ ἀληθές ἐστιν εἰπεῖν ὅτι
						ἔστιν ἄνθρωπος λευκὸς καὶ ὅτι οὐκ ἔστιν ἄνθρωπος λευκός, καὶ ἔστιν ἄνθρωπος
						καλὸς καὶ οὐκ ἔστιν ἄνθρωπος καλός. Εἰ γὰρ αἰσχρός, καὶ οὐ καλός· καὶ εἰ
						γίνεταί τι, καὶ οὐκ ἔστιν. <milestone unit="section" n="10" />Δόξειε δ᾿ ἂν
						ἐξαίφνης ἄτοπον εἶναι διὰ τὸ φαίνεσθαι σημαίνειν τὸ οὐκ ἔστιν ἄνθρωπος
						λευκός ἅμα καὶ ὅτι οὐδεὶς ἄνθρωπος λευκός· τὸ δὲ οὔτε ταὐτὸν σημαίνει οὔθ᾿
						ἅμα ἐξ ἀνάγκης.</p>
					<milestone unit="section" n="11" />
					<p>Φανερὸν δὲ ὅτι καὶ μία ἀπόφασις μιᾶς καταφάσεώς ἐστι· τὸ γὰρ αὐτὸ δεῖ
						ἀποφῆσαι τὴν ἀπόφασιν ὅπερ κατέφησεν ἡ <pb n="44" /> κατάφασις, καὶ ἀπὸ τοῦ
						αὐτοῦ, ἢ τῶν καθ᾿ ἕκαστά τινος ἢ ἀπὸ τῶν καθόλου τινός, ἢ ὡς καθόλου ἢ ὡς μὴ
						καθόλου. <milestone unit="section" n="12" />Λέγω δὲ οἷον ἔστι Σωκράτης
						λευκός — οὐκ ἔστι Σωκράτης λευκός. Ἐὰν δὲ ἄλλο τι ἢ ἀπ᾿ ἄλλου τὸ αὐτό, οὐχ ἡ
						ἀντικειμένη ἀλλ᾿ ἔσται ἐκείνης ἑτέρα. Τῇ δὲ πᾶς ἄνθρωπος λευκός ἡ οὐ πᾶς
						ἄνθρωπος λευκός, τῇ δὲ τὶς ἄνθρωπος λευκός ἡ οὐδεὶς ἄνθρωπος λευκός· τῇ δὲ
						ἔστιν ἄνθρωπος λευκός ἡ οὐκ ἔστιν ἄνθρωπος λευκός.</p>
					<milestone unit="section" n="13" />
					<p>Ὅτι μὲν οὖν μιᾷ καταφάσει μία ἀπόφασις ἀντίκειται ἀντιφατικῶς, καὶ τίνες
						εἰσὶν αὗται,
						εἴρηται· καὶ ὅτι αἱ ἐναντίαι ἄλλαι, καὶ τίνες εἰσὶν αὗται, εἴρηται· καὶ ὅτι
						οὐ πᾶσα
						ἀληθὴς ἢ ψευδὴς ἀντίφασις, καὶ διὰ τί, καὶ πότε ἀληθὴς ἢ ψευδής.</p>
				</div>

				<div type="textpart" subtype="chapter" n="8">
					<milestone unit="section" n="1" />
					<p>Μία δέ ἐστι κατάφασις καὶ ἀπόφασις ἡ ἓν καθ᾿ ἑνὸς σημαίνουσα, ἢ καθόλου ὄντος
						καθόλου ἢ μὴ ὁμοίως, οἷον πᾶς ἄνθρωπος λευκός ἐστιν — οὐκ ἔστι πᾶς ἄνθρωπος
						λευκός, ἔστιν ἄνθρωπος λευκός — οὐκ ἔστιν ἄνθρωπος λευκός, οὐδεὶς ἄνθρωπος
						λευκός — ἔστι τις ἄνθρωπος λευκός, εἰ τὸ λευκὸν ἓν σημαίνει. <milestone
							unit="section" n="2" />Εἰ δὲ δυοῖν ἓν ὄνομα κεῖται, ἐξ ὧν μή ἐστιν ἕν,
						οὐ μία κατάφασις οὐδὲ ἀπόφασις μία, οἷον εἴ τις θεῖτο ὄνομα ἱμάτιον ἵππῳ καὶ
						ἀνθρώπῳ, τὸ ἔστιν ἱμάτιον λευκόν, αὕτη οὐ μία κατάφασις οὐδὲ ἀπόφασις μία.
						Οὐδὲν γὰρ διαφέρει τοῦτο εἰπεῖν ἢ ἔστιν ἵππος καὶ ἄνθρωπος λευκός. Τοῦτο δὲ
						οὐδὲν διαφέρει τοῦ εἰπεῖν ἔστιν ἵππος λευκὸς καὶ ἔστιν ἄνθρωπος λευκός. <milestone
							unit="section" n="3" />Εἰ οὖν αὗται πολλὰ σημαίνουσι καὶ εἰσὶ πολλαί,
						δῆλον ὅτι καὶ ἡ πρώτη ἤτοι πολλὰ ἢ οὐδὲν σημαίνει· οὐ γάρ ἐστιν ὁ τὶς
						ἄνθρωπος ἵππος. Ὥστε οὐδ᾿ ἐν ταύταις ἀνάγκη τὴν μὲν ἀληθῆ τὴν δὲ ψευδῆ εἶναι
						ἀντίφασιν.</p>
				</div>

				<div type="textpart" subtype="chapter" n="9">
					<milestone unit="section" n="1" />
					<p>Ἐπὶ μὲν οὖν τῶν ὄντων καὶ γενομένων ἀνάγκη τὴν κατάφασιν <pb n="45" /> ἢ τὴν
						ἀπόφασιν ἀληθῆ ἢ ψευδῆ εἶναι, καὶ ἐπὶ μὲν τῶν καθόλου ὡς καθόλου ἀεὶ τὴν μὲν
						ἀληθῆ τὴν δὲ ψευδῆ εἶναι, καὶ ἐπὶ τῶν καθ᾿ ἕκαστα, ὥσπερ εἴρηται, ἐπὶ δὲ τῶν
						καθόλου μὴ καθόλου λεχθέντων οὐκ ἀνάγκη· εἴρηται δὲ καὶ περὶ τούτων. <milestone
							unit="section" n="2" />Ἐπὶ δὲ τῶν καθ᾿ ἕκαστα καὶ μελλόντων οὐχ ὁμοίως.
						Εἰ γὰρ πᾶσα κατάφασις καὶ ἀπόφασις ἀληθὴς ἢ ψευδής, καὶ ἅπαν ἀνάγκη ὑπάρχειν
						ἢ μὴ ὑπάρχειν, ὥστε εἰ ὁ μὲν φήσει ἔσεσθαί τι ὁ δὲ μὴ φήσει τὸ αὐτὸ τοῦτο,
						δῆλον ὅτι ἀνάγκη ἀληθεύειν τὸν ἕτερον αὐτῶν, εἰ πᾶσα κατάφασις καὶ ἀπόφασις
						ἀληθὴς ἢ ψευδής. <milestone unit="section" n="3" />Ἄμφω γὰρ οὐχ ὑπάρξει ἅμα
						ἐπὶ τοῖς τοιούτοις. Εἰ γὰρ ἀληθὲς εἰπεῖν ὅτι λευκὸν ἢ ὅτι οὐ λευκόν ἐστιν,
						ἀνάγκη εἶναι λευκὸν ἢ οὐ λευκόν, καὶ εἰ ἔστι λευκὸν ἢ οὐ λευκόν, ἀληθὲς ἦν
						φάναι ἢ ἀποφάναι· καὶ εἰ μὴ ὑπάρχει, ψεύδεται, καὶ εἰ ψεύδεται, οὐχ ὑπάρχει,
						ὥστε ἀνάγκη ἢ τὴν κατάφασιν ἢ τὴν ἀπόφασιν ἀληθῆ εἶναι ἢ ψευδῆ. <milestone
							unit="section" n="4" />Οὐδὲν ἄρα οὔτε ἔστιν οὔτε γίνεται οὔτε ἀπὸ τύχης
						οὔθ᾿ ὁπότερ᾿ ἔτυχεν, οὐδὲ ἔσται ἢ οὐκ ἔσται, ἀλλ᾿ ἐξ ἀνάγκης ἅπαντα καὶ οὐχ
						ὁπότερ᾿ ἔτυχεν. Ἢ γὰρ ὁ φὰς ἀληθεύσει ἢ ὁ ἀποφάς. Ὁμοίως γὰρ ἂν ἐγίνετο ἢ
						οὐκ ἐγίνετο· τὸ γὰρ ὁπότερ᾿ ἔτυχεν οὐδὲν μᾶλλον οὕτως ἢ μὴ οὕτως ἔχει ἢ
						ἕξει. <milestone unit="section" n="5" />Ἔτι εἰ ἔστι λευκὸν νῦν, ἀληθὲς ἦν
						εἰπεῖν πρότερον ὅτι ἔσται λευκόν, ὥστε ἀεὶ ἀληθὲς ἦν εἰπεῖν ὁτιοῦν τῶν
						γενομένων ὅτι ἔστιν ἢ ἔσται. Εἰ δὲ ἀεὶ ἀληθὲς ἦν εἰπεῖν ὅτι ἔστιν ἢ ἔσται,
						οὐχ οἷόν τε τοῦτο μὴ εἶναι οὐδὲ μὴ ἔσεσθαι. Ὃ δὲ μὴ οἷόν τε μὴ γενέσθαι,
						ἀδύνατον μὴ γενέσθαι· ὃ δὲ ἀδύνατον μὴ γενέσθαι, ἀνάγκη γενέσθαι. <milestone
							unit="section" n="6" />Ἅπαντα οὖν τὰ ἐσόμενα ἀναγκαῖον γενέσθαι. Οὐδὲν
						ἄρα ὁπότερ᾿ ἔτυχεν οὐδὲ ἀπὸ τύχης ἔσται· εἰ γὰρ ἀπὸ τύχης, οὐκ ἐξ ἀνάγκης.
						Ἀλλὰ μὴν οὐδ᾿ ὡς οὐδέτερόν γε ἀληθὲς ἐνδέχεται λέγειν, οἷον ὅτι οὔτε ἔσται
						οὔτε οὐκ ἔσται. <milestone unit="section" n="7" />Πρῶτον μὲν γὰρ οὔσης τῆς
						καταφάσεως ψευδοῦς <pb n="46" /> ἡ ἀπόφασις οὐκ ἀληθής, καὶ ταύτης ψευδοῦς
						οὔσης τὴν κατάφασιν συμβαίνει μὴ ἀληθῆ εἶναι. Καὶ πρὸς τούτοις, εἰ ἀληθὲς
						εἰπεῖν ὅτι λευκὸν καὶ μέγα, δεῖ ἄμφω ὑπάρχειν. Εἰ δὲ ὑπάρξει εἰς αὔριον,
						ὑπάρξει εἰς αὔριον. Εἰ δὲ μήτε ἔσται μήτε μὴ ἔσται αὔριον, οὐκ ἂν εἴη τὸ
						ὁπότερ᾿ ἔτυχεν, οἷον ναυμαχία· δέοι γὰρ ἂν μήτε γενέσθαι ναυμαχίαν αὔριον
						μήτε μὴ γενέσθαι.</p>
					<milestone unit="section" n="8" />
					<p>Τὰ μὲν δὴ συμβαίνοντα ἄτοπα ταῦτα καὶ τοιαῦτα ἕτερα, εἴπερ πάσης καταφάσεως
						καὶ ἀποφάσεως ἢ ἐπὶ τῶν καθόλου λεγομένων ὡς καθόλου ἢ ἐπὶ τῶν καθ᾿ ἕκαστον
						ἀνάγκη τῶν ἀντικειμένων εἶναι τὴν μὲν ἀληθῆ τὴν δὲ ψευδῆ, μηδὲν δὲ ὁπότερ᾿
						ἔτυχεν εἶναι ἐν τοῖς γιγνομένοις, ἀλλὰ πάντα εἶναι καὶ γίγνεσθαι ἐξ ἀνάγκης.
						Ὥστε οὔτε βουλεύεσθαι δέοι ἂν οὔτε πραγματεύεσθαι, ὡς ἐὰν μὲν τοδὶ
						ποιήσωμεν, ἔσται τοδί, ἐὰν δὲ μὴ τοδί, οὐκ ἔσται τοδί. <milestone
							unit="section" n="9" />Οὐδὲν γὰρ κωλύει καὶ εἰς μυριοστὸν ἔτος τὸν μὲν
						φάναι τοῦτο ἔσεσθαι τὸν δὲ μὴ φάναι, ὥστε ἐξ ἀνάγκης ἔσεσθαι ὁποτερονοῦν
						αὐτῶν ἀληθὲς ἦν εἰπεῖν τότε. Ἀλλὰ μὴν οὐδὲ τοῦτο διαφέρει, εἴ τινες εἶπον
						τὴν ἀντίφασιν ἢ μὴ εἶπον· δῆλον γὰρ ὅτι οὕτως ἔχει τὰ πράγματα, κἂν μὴ ὁ μὲν
						καταφήσῃ τι ὁ δὲ ἀποφήσῃ οὐδὲ γὰρ διὰ τὸ καταφαθῆναι ἢ ἀποφαθῆναι ἔσται ἢ
						οὐκ ἔσται, οὐδ᾿ εἰς μυριοστὸν ἔτος μᾶλλον ἢ ἐν ὁποσῳοῦν χρόνῳ. <milestone
							unit="section" n="10" />Ὥστε εἰ ἐν ἅπαντι τῷ χρόνῳ οὕτως εἶχεν ὥστε τὸ
						ἕτερον ἀληθεύεσθαι, ἀναγκαῖον ἦν τοῦτο γενέσθαι, καὶ ἕκαστον τῶν γενομένων
						ἀεὶ οὕτως εἶχεν ὥστε ἐξ ἀνάγκης γενέσθαι. Ὅ τε γὰρ ἀληθῶς εἶπέ τις ὅτι
						ἔσται, οὐχ οἷόν τε μὴ γενέσθαι· καὶ τὸ γινομένον ἀληθὲς ἦν εἰπεῖν ἀεὶ ὅτι
						ἔσται.</p>
					<milestone unit="section" n="11" />
					<p>Εἰ δὴ ταῦτα ἀδύνατα — ὁρῶμεν γὰρ ὅτι ἔστιν ἀρχὴ τῶν ἐσομένων καὶ ἀπὸ τοῦ
						βουλεύεσθαι καὶ ἀπὸ τοῦ πρᾶξαί τι, καὶ ὅτι ὅλως ἔστιν ἐν τοῖς μὴ ἀεὶ
						ἐνεργοῦσι τὸ δυνατὸν εἶναι <pb n="47" /> καὶ μὴ ὁμοίως· ἐν οἷς ἄμφω
						ἐνδέχεται, καὶ τὸ εἶναι καὶ τὸ μὴ εἶναι, ὥστε καὶ τὸ γενέσθαι καὶ τὸ μὴ
						γενέσθαι. <milestone unit="section" n="12" />Καὶ πολλὰ ἡμῖν δῆλά ἐστιν οὕτως
						ἔχοντα, οἷον ὅτι τουτὶ τὸ ἱμάτιον δυνατόν ἐστι διατμηθῆναι καὶ οὐ
						διατμηθήσεται, ἀλλ᾿ ἔμπροσθεν κατατριβήσεται. Ὁμοίως δὲ καὶ τὸ μὴ
						διατμηθῆναι δυνατόν· οὐ γὰρ ἂν ὑπῆρχε τὸ ἔμπροσθεν αὐτὸ κατατριβῆναι, εἴγε
						μὴ δυνατὸν ἦν τὸ μὴ διατμηθῆναι. <milestone unit="section" n="13" />Ὥστε καὶ
						ἐπὶ τῶν ἄλλων γενέσεων, ὅσαι κατὰ δύναμιν λέγονται τὴν τοιαύτην. Φανερὸν ἄρα
						ὅτι οὐχ ἅπαντα ἐξ ἀνάγκης οὔτ᾿ ἔστιν οὔτε γίνεται, ἀλλὰ τὰ μὲν ὁπότερ᾿
						ἔτυχε, καὶ οὐδὲν μᾶλλον ἡ κατάφασις ἢ ἡ ἀπόφασις ἀληθής, τὰ δὲ μᾶλλον μὲν
						καὶ ὡς ἐπὶ τὸ πολὺ θάτερον, οὐ μὴν ἀλλ᾿ ἐνδέχεται γενέσθαι καὶ θάτερον,
						θάτερον δὲ μή.</p>
					<milestone unit="section" n="14" />
					<p>Τὸ μὲν οὖν εἶναι τὸ ὂν ὅταν ᾖ, καὶ τὸ μὴ ὂν μὴ εἶναι ὅταν μὴ ᾗ, ἀνάγκη· οὐ
						μὴν οὔτε τὸ ὂν ἅπαν ἀνάγκη εἶναι οὔτε τὸ μὴ ὂν μὴ εἶναι. Οὐ γὰρ ταὐτόν ἐστι
						τὸ ὂν ἅπαν εἶναι ἐξ ἀνάγκης ὅτε ἔστι, καὶ τὸ ἁπλῶς εἶναι ἐξ ἀνάγκης. Ὁμοίως
						δὲ καὶ ἐπὶ τοῦ μὴ ὄντος. Καὶ ἐπὶ τῆς ἀντιφάσεως ὁ αὐτὸς λόγος. Εἶναι μὲν ἢ
						μὴ εἶναι ἅπαν ἀνάγκη, καὶ ἔσεσθαί γε ἢ μή· οὐ μέντοι διελόντα γε εἰπεῖν
						θάτερον ἀναγκαῖον. <milestone unit="section" n="15" />Λέγω δὲ οἷον ἀνάγκη
						μὲν ἔσεσθαι ναυμαχίαν αὔριον ἢ μὴ ἔσεσθαι, οὐ μέντοι ἔσεσθαί γε αὔριον
						ναυμαχίαν ἀναγκαῖον οὐδὲ μὴ γενέσθαι· γενέσθαι μέντοι ἢ μὴ γενέσθαι
						ἀναγκαῖον. Ὤστ᾿ ἐπεὶ ὁμοίως οἱ λόγοι ἀληθεῖς ὥσπερ τὰ πράγματα, δῆλον ὅτι
						ὅσα οὕτως ἔχει ὥστε ὁπότερ᾿ ἔτυχε καὶ τἀναντία ἐνδέχεσθαι, ἀνάγκη ὁμοίως
						ἔχειν καὶ τὴν ἀντίφασιν. Ὅπερ συμβαίνει ἐπὶ τοῖς μὴ ἀεὶ οὖσιν ἢ μὴ ἀεὶ μὴ
						οὖσιν. <milestone unit="section" n="16" />Τούτων γὰρ ἀνάγκη μὲν θάτερον
						μόριον τῆς ἀντιφάσεως ἀληθὲς εἶναι ἢ ψεῦδος, οὐ μέντοι τόδε ἢ τόδε ἀλλ᾿
						ὁπότερ᾿ ἔτυχε, καὶ μᾶλλον μὲν ἀληθῆ τὴν ἑτέραν, οὐ μέντοι ἤδη ἀληθῆ ἢ ψευδῆ. <pb
							n="48" /> Ὥστε δῆλον ὅτι οὐκ ἀνάγκη πάσης καταφάσεως καὶ ἀποφάσεως τῶν
						ἀντικειμένων τὴν μὲν ἀληθῆ τὴν δὲ ψευδῆ εἶναι· οὐ γὰρ ὥσπερ ἐπὶ τῶν ὄντων,
						οὕτως ἔχει καὶ ἐπὶ τῶν μὴ ὄντων μὲν δυνατῶν δὲ εἶναι ἢ μὴ εἶναι, ἀλλ᾿ ὥσπερ
						εἴρηται.</p>
				</div>

				<div type="textpart" subtype="chapter" n="10">
					<milestone unit="section" n="1" />
					<p>Ἐπεὶ δέ ἐστί τι κατά τινος ἡ κατάφασις σημαίνουσα, τοῦτο δέ ἐστιν ἢ ὄνομα ἢ
						τὸ ἀνώνυμον, ἓν δὲ δεῖ εἶναι καὶ καθ᾿ ἑνὸς τὸ ἐν τῇ καταφάσει (τὸ δὲ ὄνομα
						εἴρηται καὶ τὸ ἀνώνυμον πρότερον· τὸ γὰρ οὐκ ἄνθρωπος ὄνομα μὲν οὐ λέγω ἀλλ᾿
						ἀόριστον ὄνομα· ἓν γάρ πως σημαίνει καὶ τὸ ἀόριστον· ὥσπερ καὶ τὸ οὐχ
						ὑγιαίνει οὐ ῥῆμα ἀλλ᾿ ἀόριστον ῥῆμα), ἔσται πᾶσα κατάφασις καὶ ἀπόφασις ἢ ἐξ
						ὀνόματος καὶ ῥήματος ἢ ἐξ ἀορίστου ὀνόματος καὶ ῥήματος. <milestone
							unit="section" n="2" />Ἄνευ δὲ ῥήματος οὐδεμία κατάφασις οὐδὲ ἀπόφασις·
						τὸ γὰρ ἔστιν ἢ ἔσται ἢ ἦν ἢ γίνεται, ἢ ὅσα ἄλλα τοιαῦτα, ῥήματα ἐκ τῶν
						κειμένων ἐστί· προσσημαίνει γὰρ χρόνον. Ὥστε πρώτη ἔσται κατάφασις καὶ
						ἀπόφασις τὸ ἔστιν ἄνθρωπος — οὐκ ἔστιν ἄνθρωπος, εἶτα ἔστιν οὐκ ἄνθρωπος —
						οὐκ ἔστιν οὐκ ἄνθρωπος, πάλιν ἔστι πᾶς ἄνθρωπος — οὐκ ἔστι πᾶς ἄνθρωπος,
						ἔστι πᾶς οὐκ ἄνθρωπος — οὐκ ἔστι πᾶς οὐκ ἄνθρωπος. <milestone unit="section"
							n="3" />Καὶ ἐπὶ τῶν ἐκτὸς δὲ χρόνων ὁ αὐτὸς λόγος. Ὅταν δὲ τὸ ἔστι
						τρίτον προσκατηγορῆται, ἤδη διχῶς λέγονται αἱ ἀντιθέσεις. Λέγω δὲ οἷον ἔστι
						δίκαιος ἄνθρωπος· τὸ ἔστι τρίτον φημὶ συγκεῖσθαι ὄνομα ἢ ῥῆμα ἐν τῇ
						καταφάσει. Ὥστε διὰ τοῦτο τέτταρα ἔσται ταῦτα, ὧν τὰ μὲν δύο πρὸς τὴν
						κατάφασιν καὶ ἀπόφασιν ἕξει κατὰ τὸ στοιχοῦν ὡς αἱ στερήσεις, τὰ δὲ δύο οὔ.
						Λέγω δ᾿ ὅτι τὸ ἔστιν ἢ τῷ δικαίῳ προσκείσεται ἢ τῷ οὐ δικαίῳ, ὥστε καὶ ἡ
						ἀπόφασις. Τέτταρα οὖν ἔσται. <milestone unit="section" n="4" />Νοοῦμεν δὲ τὸ
						λεγόμενον ἐκ τῶν ὑπογεγραμμένων. Ἔστι δίκαιος ἄνθρωπος· ἀπόφασις τούτου, οὐκ
						ἔστι δίκαιος ἄνθρωπος. Ἔστιν οὐ δίκαιος ἄνθρωπος· τούτου ἀπόφασις, οὐκ ἔστιν
						οὐ δίκαιος ἄνθρωπος. Τὸ γὰρ ἔστιν ἐνταῦθα καὶ τὸ <pb n="49" /> οὐκ ἔστι τῷ
						δικαίῳ προσκείσεται καὶ τῷ οὐ δικαίῳ. Ταῦτα μὲν οὖν, ὥσπερ ἐν τοῖς
						Ἀναλυτικοῖς λέγεται, οὕτω τέτακται. <milestone unit="section" n="5" />Ὁμοίως
						δὲ ἔχει κἂν καθόλου τοῦ ὀνόματος ᾖ ἡ κατάφασις, οἷον πᾶς ἐστὶν ἄνθρωπος
						δίκαιος. Ἀπόφασις τούτου, οὐ πᾶς ἐστὶν ἄνθρωπος δίκαιος. Πᾶς ἐστὶν ἄνθρωπος
						οὐ δίκαιος — οὐ πᾶς ἐστὶν ἄνθρωπος οὐ δίκαιος. Πλὴν οὐχ ὁμοίως τὰς κατὰ
						διάμετρον ἐνδέχεται συναληθεύειν· ἐνδέχεται δὲ ποτέ. <milestone
							unit="section" n="6" />Αὗται μὲν οὖν δύο ἀντίκεινται, ἄλλαι δὲ δύο πρὸς
						τὸ οὐκ ἄνθρωπος ὡς ὑποκείμενόν τι προστεθέν· ἔστι δίκαιος οὐκ ἄνθρωπος — οὐκ
						ἔστι δίκαιος οὐκ ἄνθρωπος, ἔστιν οὐ δίκαιος οὐκ ἄνθρωπος — οὐκ ἔστιν οὐ
						δίκαιος οὐκ ἄνθρωπος. Πλείους δὲ τούτων οὐκ ἔσονται ἀντιθέσεις. <milestone
							unit="section" n="7" />Αὗται δὲ χωρὶς ἐκείνων αὐταὶ καθ᾿ ἑαυτὰς ἔσονται,
						ὡς ὀνόματι τῷ οὐκ ἄνθρωπος χρώμεναι. Ἐφ᾿ ὅσων δὲ τὸ ἔστι μὴ ἁρμόττει, οἷον
						ἐπὶ τοῦ ὑγιαίνει καὶ βαδίζει, ἐπὶ τούτων τὸ αὐτὸ ποιεῖ οὕτω τιθέμενον ὡς ἂν
						εἰ τὸ ἔστι προσήπτετο, οἷον ὑγιαίνει πᾶς ἄνθρωπος — οὐχ ὑγιαίνει πᾶς
						ἄνθρωπος, ὑγιαίνει πᾶς οὐκ ἄνθρωπος — οὐχ ὑγιαίνει πᾶς οὐκ ἄνθρωπος. <milestone
							unit="section" n="8" />Οὐ γάρ ἐστι τὸ οὐ πᾶς ἄνθρωπος λεκτέον, ἀλλὰ τὸ
						οὔ, τὴν ἀπόφασιν, τῷ ἄνθρωπος προσθετέον. Τὸ γὰρ πᾶς οὐ τὸ καθόλου σημαίνει,
						ἀλλ᾿ ὅτι καθόλου. Δῆλον δὲ ἐκ τοῦδε, ὑγιαίνει ἄνθρωπος — οὐχ ὑγιαίνει
						ἄνθρωπος, ὑγιαίνει οὐκ ἄνθρωπος — οὐχ ὑγιαίνει οὐκ ἄνθρωπος. Ταῦτα γὰρ
						ἐκείνων διαφέρει τῷ μὴ καθόλου εἶναι. <milestone unit="section" n="9" />Ὥστε
						τὸ πᾶς ἢ οὐδείς οὐδὲν ἄλλο προσσημαίνει ἢ ὅτι καθόλου τοῦ ὀνόματος ἢ
						κατάφασιν ἢ ἀπόφασιν. Τὰ δὲ ἄλλα τὰ αὐτὰ δεῖ προστιθέναι.</p>
					<milestone unit="section" n="10" />
					<p>Ἐπεὶ δὲ ἐναντία ἀπόφασίς ἐστι τῇ ἅπαν ἐστὶ ζῷον δίκαιον ἡ σημαίνουσα ὅτι
						οὐδέν ἐστι ζῷον δίκαιον, αὗται μὲν φανερὸν ὅτι οὐδέποτε ἔσονται οὔτε ἀληθεῖς
						ἅμα οὔτε ἐπὶ τοῦ αὐτοῦ, αἱ δὲ ἀντικείμεναι ταύταις ἔσονταί ποτε, οἷον οὐ <pb
							n="50" /> πᾶν ζῷον δίκαιον καὶ ἔστι τι ζῷον δίκαιον. <milestone
							unit="section" n="11" />Ἀκολουθοῦσι δὲ αὗται, τῇ μὲν πᾶς ἄνθρωπος οὐ
						δίκαιός ἐστιν ἡ οὐδείς ἐστιν ἄνθρωπος δίκαιος, τῇ δὲ ἔστι τις ἄνθρωπος
						δίκαιος ἡ ἀντικειμένη ὅτι οὐ πᾶς ἄνθρωπός ἐστιν οὐ δίκαιος· ἀνάγκη γὰρ εἶναί
						τινα. <milestone unit="section" n="12" />Φανερὸν δὲ καὶ ὅτι ἐπὶ μὲν τῶν καθ᾿
						ἕκαστον, εἰ ἀληθὲς ἐρωτηθέντα ἀποφῆσαι, ὅτι καὶ καταφῆσαι ἀληθές· οἷον ἆρά
						γε Σωκράτης σοφός; οὔ. <milestone unit="section" n="13" />Σωκράτης ἄρα οὐ
						σοφός. Ἐπὶ δὲ τῶν καθόλου οὐκ ἀληθὴς ἡ ὁμοίως λεγομένη, ἀληθὴς δὲ ἡ
						ἀπόφασις, οἷον ἆρά γε πᾶς ἄνθρωπος σοφός; οὔ. Πᾶς ἄρα ἄνθρωπος οὐ σοφός·
						τοῦτο γὰρ ψεῦδος. Ἀλλὰ τὸ οὐ πᾶς ἄρα ἄνθρωπος σοφός ἀληθές· αὕτη δέ ἐστιν ἡ
						ἀντικειμένη, ἐκείνη δὲ ἡ ἐναντία.</p>
					<milestone unit="section" n="14" />
					<p>Αἱ δὲ κατὰ τὰ ἀόριστα ἀντικείμεναι ὀνόματα καὶ ῥήματα, οἷον ἐπὶ τοῦ μὴ
						ἄνθρωπος καὶ μὴ δίκαιος, ὥσπερ ἀποφάσεις ἄνευ ὀνόματος καὶ ῥήματος δόξειαν
						ἂν εἶναι. Οὐκ εἰσὶ δέ· ἀεὶ γὰρ ἀληθεύειν ἀνάγκη ἢ ψεύδεσθαι τὴν ἀπόφασιν, ὁ
						δ᾿ εἰπὼν οὐκ ἄνθρωπος οὐδὲν μᾶλλον τοῦ εἰπόντος ἄνθρωπος ἀλλὰ καὶ ἧττον
						ἠλήθευκέ τι ἢ ἔψευσται, ἐὰν μήτι προστεθῇ. <milestone unit="section" n="15" />Σημαίνει
						δὲ τὸ ἔστι πᾶς οὐκ ἄνθρωπος δίκαιος οὐδεμιᾷ ἐκείνων ταὐτόν, οὐδὲ ἡ
						ἀντικειμένη ταύτῃ ἡ οὐκ ἔστι πᾶς οὐκ ἄνθρωπος δίκαιος· τὸ δὲ πᾶς οὐ δίκαιος
						οὐκ ἄνθρωπος τῷ οὐδεὶς δίκαιος οὐκ ἄνθρωπος ταὐτὸν σημαίνει.</p>
					<milestone unit="section" n="16" />
					<p>Μετατιθέμενα δὲ τὰ ὀνόματα καὶ τὰ ῥήματα ταὐτὸν σημαίνει, οἷον ἔστι λευκὸς
						ἄνθρωπος, ἔστιν ἄνθρωπος λευκός. Εἰ γὰρ μὴ τοῦτό ἐστι, τοῦ αὐτοῦ πλείους
						ἔσονται ἀποφάσεις. Ἀλλ᾿ ἐδέδεικτο ὅτι μία μιᾶς. Τοῦ μὲν γὰρ ἔστι λευκὸς
						ἄνθρωπος ἀπόφασις τὸ οὐκ ἔστι λευκὸς ἄνθρωπος· τοῦ δὲ ἔστιν ἄνθρωπος λευκός,
						εἰ μὴ ἡ αὐτή ἐστι τῇ ἔστι λευκὸς ἄνθρωπος, ἔσται ἀπόφασις ἤτοι τὸ οὐκ ἔστιν
						οὐκ ἄνθρωπος λευκός ἢ τὸ οὐκ ἔστιν ἄνθρωπος λευκός. <milestone
							unit="section" n="17" />Ἀλλ᾿ ἡ ἑτέρα μέν ἐστιν ἀπόφασις τοῦ ἔστιν οὐκ
						ἄνθρωπος λευκός, ἡ ἑτέρα δὲ τοῦ ἔστι λευκὸς ἄνθρωπος, ὥστε ἔσονται δύο μιᾶς.
						Ὅτι μὲν <pb n="51" /> οὖν μετατιθεμένου τοῦ ὀνόματος καὶ τοῦ ῥήματος ἡ αὐτὴ
						γίνεται κατάφασις καὶ ἀπόφασις, δῆλον.</p>
				</div>

				<div type="textpart" subtype="chapter" n="11">
					<milestone unit="section" n="1" />
					<p>Τὸ δὲ ἓν κατὰ πολλῶν ἢ πολλὰ καθ᾿ ἑνὸς καταφάναι ἢ ἀποφάναι, ἐὰν μὴ ἕν τι ᾖ
						τὸ ἐκ τῶν πολλῶν δηλούμενον, οὐκ ἔστι κατάφασις μία οὐδὲ ἀπόφασις. Λέγω δὲ
						ἓν οὐκ ἐὰν ὄνομα ἓν ᾖ κείμενον, μὴ ᾖ δὲ ἕν τι ἐξ ἐκείνων, οἷον ὁ ἄνθρωπος
						ἴσως ἐστὶ καὶ ζῷον καὶ δίπουν καὶ ἥμερον, ἀλλὰ καὶ ἕν τι γίνεται ἐκ τούτων·
						ἐκ δὲ τοῦ λευκοῦ καὶ τοῦ ἀνθρώπου καὶ τοῦ βαδίζειν οὐχ ἕν. <milestone
							unit="section" n="2" />Ὥστε οὔτ᾿ ἐὰν ἕν τι κατὰ τούτων καταφήσῃ τις μία
						κατάφασις, ἀλλὰ φωνὴ μὲν μία καταφάσεις δὲ πολλαί, οὔτε ἐὰν καθ᾿ ἑνὸς ταῦτα,
						ἀλλ᾿ ὁμοίως πολλαί. Εἰ οὖν ἡ ἐρώτησις ἡ διαλεκτικὴ ἀποκρίσεώς ἐστιν αἴτησις,
						ἢ τῆς προτάσεως ἢ θατέρου μορίου τῆς ἀντιφάσεως, ἡ δὲ πρότασις ἀντιφάσεως
						μιᾶς μόριον, οὐκ ἂν εἴη ἀπόκρισις μία πρὸς ταῦτα· οὐδὲ γὰρ ἡ ἐρώτησις μία,
						οὐδ᾿ ἐὰν ᾖ ἀληθής. Εἴρηται δὲ ἐν τοῖς Τοπικοῖς περὶ αὐτῶν. <milestone
							unit="section" n="3" />Ἅμα δὲ δῆλον ὅτι οὐδὲ τὸ τί ἐστιν ἐρώτησίς ἐστι
						διαλεκτική· δεῖ γὰρ δεδόσθαι ἐκ τῆς ἐρωτήσεως ἑλέσθαι ὁπότερον βούλεται τῆς
						ἀντιφάσεως μόριον ἀποφήνασθαι. Ἀλλὰ δεῖ τὸν ἐρωτῶντα προσδιορίσαι πότερον
						τόδε ἐστὶν ὁ ἄνθρωπος ἢ οὐ τοῦτο.</p>
					<milestone unit="section" n="4" />
					<p>Ἐπεὶ δὲ τὰ μὲν κατηγορεῖται συντιθέμενα, ὡς ἓν τὸ πᾶν κατηγόρημα τῶν χωρὶς
						κατηγορουμένων, τὰ δ᾿ οὔ, τίς ἡ διαφορά; κατὰ γὰρ τοῦ ἀνθρώπου ἀληθὲς εἰπεῖν
						καὶ χωρὶς ζῷον καὶ χωρὶς δίπουν, καὶ ταῦτα ὡς ἕν, καὶ ἄνθρωπον καὶ λευκόν,
						καὶ ταῦθ᾿ ὡς ἕν. Ἀλλ᾿ οὐχί, εἰ σκυτεὺς καὶ ἀγαθός, καὶ σκυτεὺς ἀγαθός. Εἰ
						γάρ, ὅτι ἑκάτερον ἀληθές, εἶναι δεῖ καὶ τὸ συνάμφω, πολλὰ καὶ ἄτοπα ἔσται. <milestone
							unit="section" n="5" />Κατὰ γὰρ τοῦ ἀνθρώπου καὶ τὸ ἄνθρωπος ἀληθὲς καὶ
						τὸ λευκόν, ὥστε καὶ τὸ ἅπαν. Πάλιν εἰ τὸ λευκὸν αὐτό, καὶ τὸ ἅπαν, ὥστε
						ἔσται ἄνθρωπος λευκὸς λευκός, καὶ τοῦτο εἰς ἄπειρον. Καὶ πάλιν μουσικὸς
						λευκὸς βαδίζων· καὶ ταῦτα πολλάκις πεπλεγμένα εἰς ἄπειρον. Ἔτι εἰ ὁ Σωκράτης
						Σωκράτης καὶ ἄνθρωπος, <pb n="52" /> καὶ Σωκράτης Σωκράτης ἄνθρωπος. Καὶ εἰ
						ἄνθρωπος καὶ δίπους, καὶ ἄνθρωπος ἄνθρωπος δίπους.</p>
					<milestone unit="section" n="6" />
					<p>Ὅτι μὲν οὖν εἴ τις ἁπλῶς φήσει τὰς συμπλοκὰς γίνεσθαι, πολλὰ συμβαίνει λέγειν
						ἄτοπα, δῆλον· ὅπως δὲ θετέον, λέγομεν νῦν. Τῶν δὴ κατηγορουμένων, καὶ ἐφ᾿
						οἷς κατηγορεῖσθαι συμβαίνει, ὅσα μὲν λέγεται κατὰ συμβεβηκὸς ἢ κατὰ τοῦ
						αὐτοῦ ἢ θάτερον κατὰ θατέρου, ταῦτα οὐκ ἔσται ἕν, οἷον ἄνθρωπος λευκός ἐστι
						καὶ μουσικός, ἀλλ᾿ οὐχ ἓν τὸ λευκὸν καὶ τὸ μουσικόν· συμβεβηκότα γὰρ ἄμφω τῷ
						αὐτῷ. <milestone unit="section" n="7" />Οὐδ᾿ εἰ τὸ λευκὸν μουσικὸν ἀληθὲς
						εἰπεῖν, ὅμως οὐκ ἔσται τὸ μουσικὸν λευκὸν ἕν τι· κατὰ συμβεβηκὸς γὰρ τὸ
						μουσικὸν λευκόν, ὥστε οὐκ ἔσται τὸ λευκὸν μουσικὸν ἕν τι. Διὸ οὐδ᾿ ὁ σκυτεὺς
						ἁπλῶς ἀγαθός, ἀλλὰ ζῷον δίπουν· οὐ γὰρ κατὰ συμβεβηκός. Ἔτι οὐδ᾿ ὅσα
						ἐνυπάρχει ἐν τῷ ἑτέρῳ. <milestone unit="section" n="8" />Διὸ οὔτε τὸ λευκὸν
						πολλάκις οὔτε ὁ ἄνθρωπος ἄνθρωπος ζῷόν ἐστιν ἢ δίπουν· ἐνυπάρχει γὰρ ἐν τῷ
						ἀνθρώπῳ τὸ ζῷον καὶ τὸ δίπουν. Ἀληθὲς δέ ἐστιν εἰπεῖν κατὰ τοῦ τινὸς καὶ
						ἁπλῶς, οἷον τὸν τινὰ ἄνθρωπον ἄνθρωπον ἢ τὸν τινὰ λευκὸν ἄνθρωπον ἄνθρωπον
						λευκόν· οὐκ ἀεὶ δέ, ἀλλ᾿ ὅταν μὲν ἐν τῷ προσκειμένῳ τῶν ἀντικειμένων τι
						ἐνυπάρχῃ ᾧ ἕπεται ἀντίφασις, οὐκ ἀληθὲς ἀλλὰ ψεῦδος, οἷον τὸν τεθνεῶτα
						ἄνθρωπον ἄνθρωπον εἰπεῖν, ὅταν δὲ μὴ ἐνυπάρχῃ, ἀληθές. <milestone
							unit="section" n="9" />Ἢ ὅταν μὲν ἐνυπάρχῃ, ἀεὶ οὐκ ἀληθές, ὅταν δὲ μὴ
						ἐνυπάρχῃ, οὐκ ἀεὶ ἀληθές, ὥσπερ Ὅμηρός ἐστί τι, οἷον ποιητής. Ἀρ᾿ οὖν καὶ
						ἔστιν, ἢ οὔ; κατὰ συμβεβηκὸς γὰρ κατηγορεῖται τοῦ Ὁμήρου τὸ ἔστιν· ὅτι γὰρ
						ποιητής ἐστιν, ἀλλ᾿ οὐ καθ᾿ αὑτό, κατηγορεῖται κατὰ τοῦ Ὁμήρου τὸ ἔστιν. <milestone
							unit="section" n="10" />Ὥστε ἐν ὅσαις κατηγορίαις μήτε ἐναντιότης
						ἔνεστιν, ἐὰν λόγοι ἀντ᾿ ὀνομάτων λέγωνται, καὶ καθ᾿ ἑαυτὰ κατηγορῆται καὶ μὴ
						κατὰ συμβεβηκός, ἐπὶ τούτων τὸ τὶ καὶ ἁπλῶς ἀληθὲς ἔσται εἰπεῖν. <pb n="53" />
						Τὸ δὲ μὴ ὄν, ὅτι δοξαστόν, οὐκ ἀληθὲς εἰπεῖν ὄν τι· δόξα γὰρ αὐτοῦ οὐκ ἔστιν
						ὅτι ἔστιν, ἀλλ᾿ ὅτι οὐκ ἔστιν.</p>
				</div>

				<div type="textpart" subtype="chapter" n="12">
					<milestone unit="section" n="1" />
					<p>Τούτων δὲ διωρισμένων σκεπτέον ὅπως ἔχουσιν αἱ ἀποφάσεις καὶ καταφάσεις πρὸς
						ἀλλήλας αἱ τοῦ δυνατὸν εἶναι καὶ μὴ δυνατὸν καὶ ἐνδεχόμενον καὶ μὴ
						ἐνδεχόμενον, καὶ περὶ τοῦ ἀδυνάτου τε καὶ ἀναγκαίου· ἔχει γὰρ ἀπορίας τινάς. <milestone
							unit="section" n="2" />Εἰ γὰρ τῶν συμπλεκομένων αὗται ἀλλήλαις
						ἀντίκεινται ἀντιφάσεις, ὅσαι κατὰ τὸ εἶναι καὶ μὴ εἶναι τάττονται, οἷον τοῦ
						εἶναι ἄνθρωπον ἀπόφασις τὸ μὴ εἶναι ἄνθρωπον, οὐ τὸ εἶναι μὴ ἄνθρωπον, καὶ
						τοῦ εἶναι λευκὸν ἄνθρωπον τὸ μὴ εἶναι λευκὸν ἄνθρωπον, ἀλλ᾿ οὐ τὸ εἶναι μὴ
						λευκὸν ἄνθρωπον. <milestone unit="section" n="3" />Εἰ γὰρ κατὰ παντὸς ἡ
						κατάφασις ἢ ἡ ἀπόφασις, τὸ ξύλον ἔσται ἀληθὲς εἰπεῖν εἶναι μὴ λευκὸν
						ἄνθρωπον. Εἰ δὲ τοῦτο οὕτως, καὶ ὅσοις τὸ εἶναι μὴ προστίθεται, τὸ αὐτὸ
						ποιήσει τὸ ἀντὶ τοῦ εἶναι λεγόμενον, οἷον τοῦ ἄνθρωπος βαδίζει οὐ τὸ οὐκ
						ἄνθρωπος βαδίζει ἀπόφασις ἔσται, ἀλλὰ τὸ οὐ βαδίζει ἄνθρωπος· οὐδὲν γὰρ
						διαφέρει εἰπεῖν ἄνθρωπον βαδίζειν ἢ ἄνθρωπον βαδίζοντα εἶναι. <milestone
							unit="section" n="4" />Ὥστε εἰ οὕτως πανταχοῦ, καὶ τοῦ δυνατὸν εἶναι
						ἀπόφασις ἔσται τὸ δυνατὸν μὴ εἶναι, ἀλλ᾿ οὐ τὸ μὴ δυνατὸν εἶναι. Δοκεῖ δὲ τὸ
						αὐτὸ δύνασθαι καὶ εἶναι καὶ μὴ εἶναι· πᾶν γὰρ τὸ δυνατὸν τέμνεσθαι ἢ
						βαδίζειν καὶ μὴ βαδίζειν καὶ μὴ τέμνεσθαι δυνατόν. <milestone unit="section"
							n="5" />Λόγος δέ, ὅτι ἅπαν τὸ οὕτω δυνατὸν οὐκ ἀεὶ ἐνεργεῖ, ὥστε ὑπάρξει
						αὐτῷ καὶ ἡ ἀπόφασις· δύναται γὰρ καὶ μὴ βαδίζειν τὸ βαδιστικὸν καὶ μὴ
						ὁρᾶσθαι τὸ ὁρατόν. Ἀλλὰ μὴν ἀδύνατον κατὰ τοῦ αὐτοῦ ἀληθεύεσθαι τὰς
						ἀντικειμένας φάσεις· οὐκ ἄρα τοῦ δυνατὸν εἶναι ἀπόφασίς ἐστι τὸ δυνατὸν μὴ
						εἶναι. <milestone unit="section" n="6" />Συμβαίνει γὰρ ἐκ τούτων ἢ τὸ αὐτὸ
						φάναι καὶ ἀποφάναι ἅμα καὶ κατὰ τοῦ αὐτοῦ, ἢ μὴ κατὰ τὸ εἶναι καὶ μὴ εἶναι
						τὰ προστιθέμενα γίνεσθαι φάσεις καὶ ἀποφάσεις. Εἰ οὖν ἐκεῖνο ἀδύνατον, τοῦτ᾿
						ἂν εἴη αἱρετόν. Ἔστιν ἄρα ἀπόφασις τοῦ δυνατὸν εἶναι τὸ μὴ δυνατὸν εἶναι. <milestone
							unit="section" n="7" />Ὁ δ᾿ αὐτὸς λόγος καὶ περὶ τοῦ ἐνδεχόμενον <pb
							n="54" /> εἶναι· καὶ γὰρ τούτου ἀπόφασις τὸ μὴ ἐνδεχόμενον εἶναι. Καὶ
						ἐπὶ τῶν ἄλλων δὲ ὁμοιοτρόπως, οἷον ἀναγκαίου τε καὶ ἀδυνάτου. Γίνεται γὰρ
						ὥσπερ ἐπ᾿ ἐκείνων τὸ εἶναι καὶ τὸ μὴ εἶναι προσθέσεις, τὰ δ᾿ ὑποκείμενα
						πράγματα τὸ μὲν λευκὸν τὸ δ᾿ ἄνθρωπος; οὕτως ἐνταῦθα τὸ μὲν εἶναι καὶ μὴ
						εἶναι ὡς ὑποκείμενον γίνεται, τὸ δὲ δύνασθαι καὶ τὸ ἐνδέχεσθαι προσθέσεις
						διορίζουσαι, ὥσπερ ἐπ᾿ ἐκείνων τὸ εἶναι καὶ μὴ εἶναι, τὸ ἀληθὲς καὶ τὸ
						ψεῦδος, ὁμοίως αὗται ἐπὶ τοῦ εἶναι δυνατὸν καὶ εἶναι οὐ δυνατόν. <milestone
							unit="section" n="8" />Τοῦ δὲ δυνατὸν μὴ εἶναι ἀπόφασις οὐ τὸ οὐ δυνατὸν
						εἶναι, ἀλλὰ τὸ οὐ δυνατὸν μὴ εἶναι, καὶ τοῦ δυνατὸν εἶναι οὐ τὸ δυνατὸν μὴ
						εἶναι, ἀλλὰ τὸ μὴ δυνατὸν εἶναι. Διὸ καὶ ἀκολουθεῖν ἂν δόξειαν ἀλλήλαις αἱ
						τοῦ δυνατὸν εἶναι καὶ δυνατὸν μὴ εἶναι· τὸ γὰρ αὐτὸ δυνατὸν εἶναι καὶ μὴ
						εἶναι· οὐ γὰρ ἀντιφάσεις ἀλλήλων αἱ τοιαῦται, τὸ δυνατὸν εἶναι καὶ δυνατὸν
						μὴ εἶναι. Ἀλλὰ τὸ δυνατὸν εἶναι καὶ μὴ δυνατὸν εἶναι οὐδέποτε ἐπὶ τοῦ αὐτοῦ
						ἅμα ἀληθεύονται· ἀντίκεινται γάρ. <milestone unit="section" n="9" />Οὐδέ γε
						τὸ δυνατὸν μὴ εἶναι καὶ οὐ δυνατὸν μὴ εἶναι οὐδέποτε ἅμα ἐπὶ τοῦ αὐτοῦ
						ἀληθεύονται. Ὁμοίως δὲ καὶ τοῦ ἀναγκαῖον εἶναι ἀπόφασις οὐ τὸ ἀναγκαῖον μὴ
						εἶναι, ἀλλὰ τὸ μὴ ἀναγκαῖον εἶναι· τοῦ δὲ ἀναγκαῖον μὴ εἶναι τὸ μὴ ἀναγκαῖον
						μὴ εἶναι. <milestone unit="section" n="10" />Καὶ τοῦ ἀδύνατον εἶναι οὐ τὸ
						ἀδύνατον μὴ εἶναι, ἀλλὰ τὸ μὴ ἀδύνατον εἶναι· τοῦ δὲ ἀδύνατον μὴ εἶναι τὸ
						οὐκ ἀδύνατον μὴ εἶναι. Καὶ καθόλου δέ, ὥσπερ εἴρηται, τὸ μὲν εἶναι καὶ μὴ
						εἶναι δεῖ τιθέναι ὡς τὰ ὑποκείμενα, κατάφασιν δὲ καὶ ἀπόφασιν ταῦτα ποιοῦντα
						πρὸς τὸ εἶναι καὶ μὴ εἶναι. συντάττειν. Καὶ ταύτας οἴεσθαι χρὴ εἶναι τὰς
						ἀντικειμένας φάσεις, δυνατόν — οὐ δυνατόν, ἐνδεχόμενον — οὐκ ἀνδεχόμενον,
						ἀδύνατον — οὐκ ἀδύνατον, ἀναγκαῖον — οὐκ ἀναγκαῖον, ἀληθές — οὐκ ἀληθές.</p>
				</div>

				<div type="textpart" subtype="chapter" n="13">
					<milestone unit="section" n="1" />
					<p>Καὶ αἱ ἀκολουθήσεις δὲ κατὰ λόγον γίνονται οὕτω τιθεμένοις· <pb n="55" /> τῷ
						μὲν γὰρ δυνατὸν εἶναι τὸ ἐνδέχεσθαι εἶναι, καὶ τοῦτο ἐκείνῳ ἀντιστρέφει, καὶ
						τὸ μὴ ἀδύνατον εἶναι καὶ τὸ μὴ ἀναγκαῖον εἶναι· τῷ δὲ δυνατὸν μὴ εἶναι καὶ
						ἐνδεχόμενον μὴ εἶναι τὸ μὴ ἀναγκαῖον μὴ εἶναι καὶ τὸ οὐκ ἀδύνατον μὴ εἶναι,
						τῷ δὲ μὴ δυνατὸν εἶναι καὶ μὴ ἐνδεχόμενον εἶναι τὸ ἀναγκαῖον μὴ εἶναι καὶ τὸ
						ἀδύνατον εἶναι, τῷ δὲ μὴ δυνατὸν μὴ εἶναι καὶ μὴ ἐνδεχόμενον μὴ εἶναι τὸ
						ἀναγκαῖον εἶναι καὶ τὸ ἀδύνατον μὴ εἶναι. <milestone unit="section" n="2" />Θεωρείσθω
						δὲ ἐκ τῆς ὑπογραφῆς ὡς λέγομεν.</p>
					<p>δυνατὸν εἶναι οὐ δυνατὸν εἶναι</p>
					<p>ἐνδεχόμενον εἶναι οὐκ ἐνδεχόμενον εἶναι</p>
					<p>οὐκ ἀδύνατον εἶναι ἀδύνατον εἶναι</p>
					<p>οὐκ ἀναγκαῖον εἶναι ἀναγκαῖον μὴ εἶναι</p>
					<p>δυνατὸν μὴ εἶναι οὐ δυνατὸν μὴ εἶναι</p>
					<p>ἐνδεχόμενον μὴ εἶναι οὐκ ἐνδεχόμενον μὴ εἶναι</p>
					<p>οὐκ ἀδύνατον μὴ εἶναι ἀδύνατον μὴ εἶναι</p>
					<p>οὐκ ἀναγκαῖον μὴ εἶναι ἀναγκαῖον εἶναι</p>
					<milestone unit="section" n="3" />
					<p>Τὸ μὲν οὖν ἀδύνατον καὶ οὐκ ἀδύνατον τῷ ἐνδεχομένῳ καὶ δυνατῷ καὶ οὐκ
						ἐνδεχομένῳ καὶ μὴ δυνατῷ ἀκολουθεῖ μὲν ἀντιφατικῶς, ἀντεστραμμένως δέ· τῷ
						μὲν γὰρ δυνατὸν εἶναι ἡ ἀπόφασις τοῦ ἀδυνάτου ἀκολουθεῖ, τῇ δὲ ἀποφάσει ἡ
						κατάφασις· τῷ γὰρ οὐ δυνατὸν εἶναι τὸ ἀδύνατον εἶναι· κατάφασις γὰρ τὸ
						ἀδύνατον εἶναι, τὸ δ᾿ οὐκ ἀδύνατον εἶναι ἀπόφασις. Τὸ δ᾿ ἀναγκαῖον πῶς,
						ὀπτέον. <milestone unit="section" n="4" />Φανερὸν δὴ ὅτι οὐχ οὕτως ἔχει,
						ἀλλ᾿ αἱ ἐναντίαι ἕπονται· αἱ δ᾿ ἀντιφάσεις χωρίς. Οὐ γάρ ἐστιν ἀπόφασις τοῦ
						ἀνάγκη μὴ εἶναι τὸ οὐκ ἀνάγκη εἶναι· ἐνδέχεται γὰρ ἀληθεύεσθαι ἐπὶ τοῦ αὐτοῦ
						ἀμφοτέρας· τὸ γὰρ ἀναγκαῖον μὴ εἶναι οὐκ ἀναγκαῖον εἶναι. <milestone
							unit="section" n="5" />Αἴτιον δὲ τοῦ μὴ ἀκολουθεῖν τὸ ἀναγκαῖον ὁμοίως
						τοῖς <pb n="56" /> ἑτέροις, ὅτι ἐναντίως τὸ ἀδύνατον τῷ ἀναγκαίῳ ἀποδίδοται,
						τὸ αὐτὸ δυνάμενον. Εἰ γὰρ ἀδύνατον εἶναι, ἀναγκαῖον τοῦτο οὐκ εἶναι ἀλλὰ μὴ
						εἶναι· εἰ δὲ ἀδύνατον μὴ εἶναι, τοῦτο ἀνάγκη εἶναι· ὥστε εἰ ἐκεῖνα ὁμοίως τῷ
						δυνατῷ καὶ μή, ταῦτα ἐξ ἐναντίας, ἐπεὶ οὐ σημαίνει γε ταὐτὸν τό τε ἀνάγκαῖον
						καὶ τὸ ἀδύνατον, ἀλλ᾿ ὥσπερ εἴρηται, ἀντεστραμμένως. <milestone
							unit="section" n="6" />Ἣ ἀδύνατον οὕτως κεῖσθαι τὰς τοῦ ἀναγκαίου
						ἀντιφάσεις; τὸ μὲν γὰρ ἀναγκαῖον εἶναι δυνατὸν εἶναι· εἰ γὰρ μή, ἡ ἀπόφασις
						ἀκολουθήσει· ἀνάγκη γὰρ ἢ φάναι ἢ ἀποφάναι· ὥστ᾿ εἰ μὴ δυνατὸν εἶναι,
						ἀδύνατον εἶναι· ἀδύνατον ἄρα εἶναι τὸ ἀναγκαῖον εἶναι, ὅπερ ἄτοπον. <milestone
							unit="section" n="7" />Ἀλλὰ μὴν τῷ γε δυνατὸν εἶναι τὸ οὐκ ἀδύνατον
						εἶναι ἀκολουθεῖ, τούτῳ δὲ τὸ μὴ ἀναγκαῖον εἶναι· ὥστε συμβαίνει τὸ ἀναγκαῖον
						εἶναι μὴ ἀναγκαῖον εἶναι, ὅπερ ἄτοπον. Ἀλλὰ μὴν οὐδὲ τὸ ἀναγκαῖον εἶναι
						ἀκολουθεῖ τῷ δυνατὸν εἶναι, οὐδὲ τὸ ἀναγκαῖον μὴ εἶναι· τῷ μὲν γὰρ ἄμφω
						ἐνδέχεται συμβαίνειν, τούτων δὲ ὁπότερον ἂν ἀληθὲς ᾖ, οὐκέτι ἔσται ἐκεῖνα
						ἀληθῆ. <milestone unit="section" n="8" />Ἄμα γὰρ δυνατὸν εἶναι καὶ μὴ εἶναι·
						εἰ δ᾿ ἀνάγκη εἶναι ἢ μὴ εἶναι, οὐκ ἔσται δυνατὸν ἄμφω. Λείπεται τοίνυν τὸ
						οὐκ ἀναγκαῖον μὴ εἶναι ἀκολουθεῖν τῷ δυνατὸν εἶναι. Τοῦτο γὰρ ἀληθὲς καὶ
						κατὰ τοῦ ἀναγκαῖον εἶναι. <milestone unit="section" n="9" />Καὶ γὰρ αὕτη
						γίνεται ἀντίφασις τῇ ἑπομένῃ τῷ οὐ δυνατὸν εἶναι· ἐκείνῳ γὰρ ἀκολουθεῖ τὸ
						ἀδύνατον εἶναι καὶ ἀναγκαῖον μὴ εἶναι, οὗ ἡ ἀπόφασις τὸ οὐκ ἀναγκαῖον μὴ
						εἶναι. Ἀκολουθοῦσί τε ἄρα καὶ αὗται αἱ ἀντιφάσεις κατὰ τὸν εἰρημένον τρόπον,
						καὶ οὐδὲν ἀδύνατον συμβαίνει τιθεμένων οὕτως.</p>
					<milestone unit="section" n="10" />
					<p> Ἀπορήσειε δ᾿ ἄν τις εἰ τῷ ἀναγκαῖον εἶναι τὸ δυνατὸν εἶναι ἕπεται. Εἴ τε γὰρ
						μὴ ἕπεται, ἡ ἀντίφασις ἀκολουθήσει, τὸ μὴ δυνατὸν εἶναι· καὶ εἴ τις ταύτην
						μὴ φήσειεν εἶναι ἀντίφασιν, ἀνάγκη λέγειν τὸ δυνατὸν μὴ εἶναι· ἅπερ ἄμφω
						ψευδῆ κατὰ τοῦ ἀναγκαῖον εἶναι. <milestone unit="section" n="11" />Ἁλλὰ μὴν
						πάλιν <pb n="57" /> τὸ αὐτὸ εἶναι δοκεῖ δυνατὸν τέμνεσθαι καὶ μὴ τέμνεσθαι
						καὶ εἶναι καὶ μὴ εἶναι, ὥστε ἔσται τὸ ἀναγκαῖον εἶναι ἐνδεχόμενον μὴ εἶναι·
						τοῦτο δὲ ψεῦδος. Φανερὸν δὴ ὅτι οὐ πᾶν τὸ δυνατὸν ἢ εἶναι ἢ βαδίζειν καὶ τὰ
						ἀντικείμενα δύναται, ἀλλ᾿ ἔστιν ἐφ᾿ ὧν οὐκ ἀληθές, πρῶτον μὲν ἐπὶ τῶν μὴ
						κατὰ λόγον δυνατῶν, οἷον τὸ πῦρ θερμαντικὸν καὶ ἔχει δύναμιν ἄλογον. <milestone
							unit="section" n="12" />Αἱ μὲν οὖν μετὰ λόγου δυνάμεις αἱ αὐταὶ πλειόνων
						καὶ τῶν ἐναντίων, αἱ δ᾿ ἄλογοι οὐ πᾶσαι, ἀλλ᾿ ὥσπερ εἴρηται, τὸ πῦρ οὐ
						δυνατὸν θερμαίνειν καὶ μή, οὐδ᾿ ὅσα ἅλλα ἐνεργεῖ ἀεί. Ἔνια μέντοι δύναται
						καὶ τῶν κατὰ τὰς ἀλόγους δυνάμεις ἅμα τὰ ἀντικείμενα δέξασθαι. <milestone
							unit="section" n="13" />Ἀλλὰ τοῦτο μὲν τούτου χάριν εἴρηται, ὅτι οὐ πᾶσα
						δύναμις τῶν ἀντικειμένων, οὐδ᾿ ὅσαι λέγονται κατὰ τὸ αὐτὸ εἶδος. Ἔνιαι δὲ
						δυνάμεις ὁμώνυμοί εἰσιν. Τὸ γὰρ δυνατὸν οὐχ ἁπλῶς λέγεται, ἀλλὰ τὸ μὲν ὅτι
						ἀληθὲς ὡς ἐνεργείᾳ ὄν, οἷον δυνατὸν βαδίζειν ὅτι βαδίζει, καὶ ὅλως δυνατὸν
						εἶναι ὅτι ἤδη ἔστι κατ᾿ ἐνέργειαν ὃ λέγεται εἶναι δυνατόν, τὸ δὲ ὅτι
						ἐνεργήσειεν ἄν, οἷον δυνατὸν εἶναι βαδίζειν ὅτι βαδίσειεν ἄν. <milestone
							unit="section" n="14" />Καὶ αὕτη μὲν ἐπὶ τοῖς κινητοῖς ἐστὶ μόνοις ἡ
						δύναμις, ἐκείνη δὲ καὶ ἐπὶ τοῖς ἀκινήτοις. Ἅμφω δὲ ἀληθὲς εἰπεῖν τὸ μὴ
						ἀδύνατον εἶναι βαδίζειν ἢ εἶναι, καὶ τὸ βαδίζον ἤδη καὶ ἐνεργοῦν καὶ τὸ
						βαδιστικόν. <milestone unit="section" n="15" />Τὸ μὲν οὖν οὕτω δυνατὸν οὐκ
						ἀληθὲς κατὰ τοῦ ἀναγκαίου ἁπλῶς εἰπεῖν, θάτερον δὲ ἀληθές. Ὥστε ἐπεὶ τῷ ἐν
						μέρει τὸ καθόλου ἕπεται, τῷ ἐξ ἀνάγκης ὄντι ἕπεται τὸ δύνασθαι εἶναι, οὐ
						μέντοι πᾶν. Καὶ ἔστι δὴ ἀρχὴ ἴσως τὸ ἀναγκαῖον καὶ μὴ ἀναγκαῖον πάντων ἢ
						εἶναι ἢ μὴ εἶναι, καὶ τἆλλα ὡς τούτοις ἀκολουθοῦντα ἐπισκοπεῖν δεῖ.</p>
					<milestone unit="section" n="16" />
					<p>Φανερὸν δὴ ἐκ τῶν εἰρημένων ὅτι τὸ ἐξ ἀνάγκης ὂν κατ᾿ ἐνέργειάν ἐστιν, ὥστε
						εἰ πρότερα τὰ ἀΐδια, καὶ ἡ ἐνέργεια δυνάμεως προτέρα. Καὶ τὰ μὲν ἄνευ
						δυνάμεως ἐνέργειαί εἰσιν, οἷον αἱ πρῶται οὐσίαι, τὰ δὲ μετὰ δυνάμεως, ἃ τῇ
						μὲν <pb n="58" /> φύσει πρότερα τῷ δὲ χρόνῳ ὕστερα, τὰ δὲ οὐδέποτε ἐνέργειαί
						εἰσιν ἀλλὰ δυνάμεις μόνον.</p>
				</div>

				<div type="textpart" subtype="chapter" n="14">
					<milestone unit="section" n="1" />
					<p>Πότερον δὲ ἐναντία ἐστὶν ἡ κατάφασις τῇ ἀποφάσει ἢ ἡ κατάφασις τῇ καταφάσει,
						καὶ ὁ λόγος τῷ λόγῳ ὁ λέγων ὅτι πᾶς ἄνθρωπος δίκαιος τῷ οὐδεὶς ἄνθρωπος
						δίκαιος, ἢ τὸ πᾶς ἄνθρωπος δίκαιος τῷ πᾶς ἄνθρωπος ἄδικος, οἷον ἔστι Καλλίας
						δίκαιος — οὐκ ἔστι Καλλίας δίκαιος — Καλλίας ἄδικός ἐστι· ποτέρα δὴ ἐναντία
						τούτων; εἰ γὰρ τὰ μὲν ἐν τῇ φωνῇ ἀκολουθεῖ τοῖς ἐν τῇ διανοίᾳ, ἐκεῖ δὲ
						ἐναντία δόξα ἡ τοῦ ἐναντίου, οἷον ὅτι πᾶς ἄνθρωπος δίκαιος τῇ πᾶς ἄνθρωπος
						ἄδικος, καὶ ἐπὶ τῶν ἐν τῇ φωνῇ καταφάσεων ἀνάγκη ὁμοίως ἔχειν. <milestone
							unit="section" n="2" />Εἰ δὲ μὴ ἐκεῖ ἡ τοῦ ἐναντίου δόξα ἐναντία ἐστίν,
						οὐδὲ ἡ κατάφασις τῇ καταφάσει ἔσται ἐναντία, ἀλλ᾿ ἡ εἰρημένη ἀπόφασις. Ὥστε
						σκεπτέον ποία δόξα ἀληθὴς ψευδεῖ δόξῃ ἐναντία, πότερον ἡ τῆς ἀποφάσεως ἢ ἡ
						τὸ ἐναντίον εἶναι δοξάζουσα. <milestone unit="section" n="3" />Λέγω δὲ ὧδε.
						Ἔστι τις δόξα ἀληθὴς τοῦ ἀγαθοῦ ὅτι ἀγαθόν, ἄλλη δὲ ὅτι οὐκ ἀγαθὸν ψευδής,
						ἑτέρα δὲ ὅτι κακόν. Ποτέρα δὴ τούτων ἐναντία τῇ ἀληθεῖ; καὶ εἰ ἔστι μία,
						καθ᾿ ὁποτέραν ἡ ἐναντία; τὸ μὲν δὴ τούτῳ οἴεσθαι τὰς ἐναντίας δόξας ὡρίσθαι,
						τῷ τῶν ἐναντίων εἶναι, ψεῦδος· τοῦ γὰρ ἀγαθοῦ ὅτι ἀγαθὸν καὶ τοῦ κακοῦ ὅτι
						κακὸν ἡ αὐτὴ ἴσως καὶ ἀληθὴς ἔσται, εἴτε πλείους εἴτε μία ἐστίν. Ἐναντία δὲ
						ταῦτα. Ἀλλ᾿ οὐ τῷ ἐναντίων εἶναι ἐναντία, ἀλλὰ μᾶλλον τῷ ἐναντίως. <milestone
							unit="section" n="4" />Εἰ δὴ ἔστι μὲν τοῦ ἀγαθοῦ ὅτι ἐστὶν ἀγαθὸν δόξα,
						ἄλλη δ᾿ ὅτι οὐκ ἀγαθόν, ἔστι δὲ ἄλλο τι ὃ οὐχ ὑπάρχει οὐδ᾿ οἷόν τε ὑπάρξαι,
						τῶν μὲν δὴ ἄλλων οὐδεμίαν θετέον, οὔτε ὅσαι ὑπάρχειν τὸ μὴ ὑπάρχον
						δοξάζουσιν οὔθ᾿ ὅσαι μὴ ὑπάρχειν τὸ ὑπάρχον (ἄπειροι γὰρ ἀμφότεραι, καὶ ὅσαι
						ὑπάρχειν δοξάζουσι τὸ μὴ ὑπάρχον καὶ ὅσαι μὴ ὑπάρχειν τὸ ὑπάρχον), ἀλλ᾿ ἐν
						ὅσαις ἐστὶν ἡ ἀπάτη. <milestone unit="section" n="5" />Αὗται δέ εἰσιν ἐξ ὧν
						αἱ γενέσεις. Ἐκ των ἀντικειμένων δὲ αἱ γενέσεις, ὥστε καὶ αἱ ἀπάται. Εἰ οὖν
						τὸ ἀγαθὸν καὶ ἀγαθὸν καὶ οὐ <pb n="59" /> κακόν ἐστι, καὶ τὸ μὲν καθ᾿ ἑαυτὸ
						τὸ δὲ κατὰ συμβεβηκός (συμβέβηκε γὰρ αὐτῷ οὐ κακῷ εἶναι), μᾶλλον δὲ ἑκάστου
						ἀληθὴς ἡ καθ᾿ ἑαυτό, καὶ ψευδής, εἴπερ καὶ ἀληθής. <milestone unit="section"
							n="6" />Ἡ μὲν οὖν ὅτι οὐκ ἀγαθὸν τὸ ἀγαθὸν τοῦ καθ᾿ ἑαυτὸ ὑπάρχοντος
						ψευδής, ἡ δὲ τοῦ ὅτι κακὸν τοῦ κατὰ συμβεβηκός. Ὥστε μᾶλλον ἂν εἴη ψευδὴς
						τοῦ ἀγαθοῦ ἡ τῆς ἀποφάσεως ἢ ἡ τοῦ ἐναντίου δόξα. <milestone unit="section"
							n="7" />Διέψευσται δὲ μάλιστα περὶ ἕκαστον ὁ τὴν ἐναντίαν ἔχων δόξαν· τὰ
						γὰρ ἐναντία τῶν πλεῖστον διαφερόντων περὶ τὸ αὐτό. Εἰ οὖν ἐναντία μὲν τούτων
						ἡ ἑτέρα, ἐναντιωτέρα δὲ ἡ τῆς ἀντιφάσεως, δῆλον ὅτι αὕτη ἂν εἴη ἐναντία. <milestone
							unit="section" n="8" />Ἡ δὲ τοῦ ὅτι κακὸν τὸ ἀγαθὸν συμπεπλεγμένη ἐστί·
						καὶ γὰρ ὅτι οὐκ ἀγαθὸν ἀνάγκη ἴσως ὑπολαμβάνειν τὸν αὐτόν. Ἔτι δέ, εἰ καὶ
						ἐπὶ τῶν ἄλλων ὁμοίως δεῖ ἔχειν, καὶ ταύτῃ ἂν δόξειε καλῶς εἰρῆσθαι· ἢ γὰρ
						πανταχοῦ τὸ τῆς ἀντιφάσεως ἢ οὐδαμοῦ. <milestone unit="section" n="9" />Ὅσοις
						δὲ μή ἐστιν ἐναντία, περὶ τούτων ἔστι μὲν ψευδὴς ἡ τῇ ἀληθεῖ ἀντικειμένη,
						οἷον ὁ τὸν ἄνθρωπον οὐκ ἄνθρωπον οἰόμενος διέψευσται. Εἰ οὖν αὗται ἐναντίαι,
						καὶ αἱ ἄλλαι αἱ τῆς ἀντιφάσεως. <milestone unit="section" n="10" />Ἔτι
						ὁμοίως ἔχει ἡ τοῦ ἁγαθοῦ ὅτι ἀγαθὸν καὶ ἡ τοῦ μὴ ἀγαθοῦ ὅτι οὐκ ἀγαθόν, καὶ
						πρὸς ταύταις ἡ τοῦ ἀγαθοῦ ὅτι οὐκ ἀγαθὸν καὶ ἡ τοῦ μὴ ἀγαθοῦ ὅτι ἀγαθόν. <milestone
							unit="section" n="11" />Τῇ οὖν τοῦ μὴ ἀγαθοῦ ὅτι οὐκ ἀγαθὸν ἀληθεῖ οὔσῃ
						δόξῃ τίς ἂν εἴη ἡ ἐναντία; οὐ γὰρ δὴ ἡ λέγουσα ὅτι κακόν· ἅμα γὰρ ἄν ποτε
						εἴη ἀληθής, οὐδέποτε δὲ ἀληθὴς ἀληθεῖ ἐναντία· ἔστι γάρ τι μὴ ἀγαθὸν κακόν,
						ὥστε ἐνδέχεται ἅμα ἀληθεῖς εἶναι. Οὐδ᾿ αὖ ἡ ὅτι οὐ κακόν· ἀληθὴς γὰρ καὶ
						αὕτη. Ἅμα γὰρ καὶ ταῦτα ἂν εἴη. <milestone unit="section" n="12" />Λείπεται
						οὖν τῇ τοῦ μὴ ἀγαθοῦ ὅτι οὐκ ἀγαθὸν ἐναντία ἡ τοῦ μὴ ἀγαθοῦ ὅτι ἀγαθόν·
						ψευδὴς γὰρ αὕτη. Ὥστε καὶ ἡ τοῦ ἀγαθοῦ ὅτι οὐκ ἀγαθὸν τῇ τοῦ ἀγαθοῦ ὅτι
						ἀγαθόν. Φανερὸν δὲ ὅτι οὐδὲν διοίσει οὐδ᾿ ἂν καθόλου τιθῶμεν τὴν κατάφασιν·
						ἡ γὰρ καθόλου ἀπόφασις ἐναντία ἔσται, οἷον τῇ δόξῃ τῇ <pb n="60" />
						δοξαζούσῃ ὅτι πᾶν ὃ ἂν ᾖ ἀγαθὸν ἀγαθόν ἐστιν ἡ ὅτι οὐδὲν τῶν ἀγαθῶν ἀγαθόν. <milestone
							unit="section" n="13" />Ἡ γὰρ τοῦ ἀγαθοῦ ὅτι ἀγαθόν, εἰ καθόλου τὸ
						ἀγαθόν, ἡ αὐτή ἐστι τῇ ὅτι ὃ ἂν ᾖ ἀγαθὸν δοξαζούσῃ ὅτι ἀγαθόν· τοῦτο δὲ
						οὐδὲν διαφέρει τοῦ ὅτι πᾶν ὃ ἂν ᾖ ἀγαθὸν ἀγαθόν ἐστιν. <milestone
							unit="section" n="14" />Ὁμοίως δὲ καὶ ἐπὶ τοῦ μὴ ἀγαθοῦ. Ὥστε εἴπερ ἐπὶ
						δόξης οὕτως ἔχει, εἰσὶ δὲ αἱ ἐν τῇ φωνῇ καταφάσεις καὶ ἀποφάσεις σύμβολα τῶν
						ἐν τῇ ψυχῇ, δῆλον ὅτι καὶ καταφάσει ἐναντία μὲν ἀπόφασις ἡ περὶ τοῦ αὐτοῦ
						καθόλου, οἷον τῇ ὅτι πᾶν ἀγαθὸν ἀγαθὸν ἢ ὅτι πᾶς ἄνθρωπος ἀγαθὸς ἡ ὅτι οὐδὲν
						ἢ οὐδείς, ἀντιφατικῶς δὲ ὅτι ἢ οὐ πᾶν ἢ οὐ πᾶς. <milestone unit="section"
							n="15" />Φανερὸν δὲ ὅτι καὶ ἀληθῆ ἀληθεῖ οὐκ ἐνδέχεται ἐναντίαν εἶναι
						οὔτε δόξαν οὔτε ἀπόφασιν. Ἐναντίαι μὲν γὰρ αἱ περὶ τὰ ἀντικείμενα, περὶ
						ταῦτα δὲ ἐνδέχεται ἀληθεύειν τὸν αὐτόν· ἅμα δὲ οὐκ ἐνδέχεται τὰ ἐναντία
						ὑπάρχειν τῷ αὐτῷ.</p>
				</div>
			</div>
		</body>
	</text>
</TEI>