<?xml version="1.0" encoding="UTF-8"?> 
<?xml-model href="http://www.stoa.org/epidoc/schema/latest/tei-epidoc.rng" schematypens="http://relaxng.org/ns/structure/1.0"?>
<TEI xmlns="http://www.tei-c.org/ns/1.0">
	<teiHeader>
		<fileDesc>

			<titleStmt>
				<title>Summoriou</title>
				<author>Demosthenes</author>
				<editor>S. H. Butcher</editor>
				<sponsor>Perseus Project, Tufts University</sponsor>
				<principal>Gregory Crane</principal>
				<respStmt>
					<resp>Prepared under the supervision of</resp>
					<name>Lisa Cerrato</name>
					<name>William Merrill</name>
					<name>Elli Mylonas</name>
					<name>David Smith</name>
				</respStmt>
				<funder n="org:AnnCPB">The Annenberg CPB/Project</funder>

			</titleStmt>
			<publicationStmt>
				<publisher>Trustees of Tufts University</publisher>
				<pubPlace>Medford, MA</pubPlace>
				<authority>Perseus Project</authority>
				<date type="release">1996</date>
			</publicationStmt>
			<notesStmt>
				<note>Perseus 2.0</note>
			</notesStmt>
			<sourceDesc>
				<biblStruct>
					<monogr>
						<author>Demosthenes</author>
						<title>Demosthenis. Orationes. Vol. I. ed. S. H. Butcher</title>
						<imprint>
							<publisher>Clarendon Press, Oxford</publisher>
							<date>1903</date>
						</imprint>
					</monogr>
					<ref target="https://archive.org/details/orationesrecogno01demouoft">Internet
						Archive</ref>
				</biblStruct>
			</sourceDesc>
		</fileDesc>
		<encodingDesc>
			<refsDecl n="CTS">
				<cRefPattern n="section"
					matchPattern="(\w+)"
					replacementPattern="#xpath(/tei:TEI/tei:text/tei:body/tei:div/tei:div[@n='$1'])">
					<p>This pointer pattern extracts section</p>
				</cRefPattern>
			</refsDecl>

			<refsDecl>
				<refState unit="section" />
			</refsDecl>
			<editorialDecl>
				<quotation marks="none" />
			</editorialDecl>
		</encodingDesc>
		<profileDesc>
			<langUsage>
				<language ident="grc">Greek</language>
				<language ident="eng">English</language>
			</langUsage>
		</profileDesc>
		<revisionDesc>
			<change when="2018-09-26" who="Lisa Cerrato">CTS and EpiDoc conversion</change>
			<change when="2014-08-01" who="Stella Dee">edited markup</change>
			<change when="2014-07-01" who="Stella Dee">split composite text and converted to unicode</change>
			<change when="1992-06-02" who="David Smith">added quotedtext tags around verse and
				un-capitalized some non-proper nouns</change>
		</revisionDesc>
	</teiHeader>
	<text xml:lang="grc">
		<body>
			<div type="edition" n="urn:cts:greekLit:tlg0014.tlg014.perseus-grc2" xml:lang="grc">
				<div type="textpart" subtype="section" n="1">
					<p rend="indent">οἱ μὲν ἐπαινοῦντες, ὦ ἄνδρες Ἀθηναῖοι, τοὺς προγόνους ὑμῶν
						λόγον εἰπεῖν μοι
						δοκοῦσι προαιρεῖσθαι κεχαρισμένον, οὐ μὴν συμφέροντά γʼ ἐκείνοις οὓς
						ἐγκωμιάζουσι ποιεῖν· περὶ γὰρ πραγμάτων ἐγχειροῦντες λέγειν ὧν οὐδʼ εἷς
						ἀξίως
						ἐφικέσθαι τῷ λόγῳ δύναιτο, αὐτοὶ μὲν τοῦ δοκεῖν δύνασθαι λέγειν δόξαν
						ἐκφέρονται, τὴν δʼ ἐκείνων ἀρετὴν ἐλάττω τῆς ὑπειλημμένης παρὰ τοῖς
						ἀκούουσιν
						φαίνεσθαι ποιοῦσιν. ἐγὼ δʼ ἐκείνων μὲν ἔπαινον τὸν χρόνον ἡγοῦμαι μέγιστον,
						οὗ
						πολλοῦ γεγενημένου μείζω τῶν ὑπʼ ἐκείνων πραχθέντων οὐδένες ἄλλοι
						παραδείξασθαι
						δεδύνηνται·</p>
				</div>
				<div type="textpart" subtype="section" n="2">
					<p>αὐτὸς δὲ πειράσομαι τὸν τρόπον εἰπεῖν ὃν ἄν μοι δοκεῖτε μάλιστα δύνασθαι
						παρασκευάσασθαι. καὶ γὰρ οὕτως ἔχει· εἰ μὲν ἡμεῖς ἅπαντες οἱ μέλλοντες
						λέγειν
						δεινοὶ φανείημεν ὄντες, οὐδὲν ἂν τὰ ὑμέτερʼ εὖ οἶδʼ ὅτι βέλτιον σχοίη· εἰ δὲ
						παρελθὼν εἷς ὁστισοῦν δύναιτο διδάξαι καὶ πεῖσαι, τίς παρασκευὴ καὶ πόση καὶ
						πόθεν πορισθεῖσα χρήσιμος ἔσται τῇ πόλει, πᾶς ὁ παρὼν φόβος λελύσεται. ἐγὼ
						δὲ
						τοῦτʼ, ἂν ἄρʼ οἷός τʼ ὦ, πειράσομαι ποιῆσαι, μικρὰ προειπὼν ὑμῖν ὡς ἔχω
						γνώμης
						περὶ τῶν πρὸς τὸν βασιλέα.</p>
				</div>
				<div type="textpart" subtype="section" n="3">
					<p rend="indent">ἐγὼ νομίζω κοινὸν ἐχθρὸν ἁπάντων τῶν Ἑλλήνων εἶναι βασιλέα, οὐ
						μὴν διὰ τοῦτο
						παραινέσαιμʼ ἂν μόνοις τῶν ἄλλων ὑμῖν πόλεμον πρὸς αὐτὸν ἄρασθαι· οὐδὲ γὰρ
						αὐτοὺς τοὺς Ἕλληνας ὁρῶ κοινοὺς ἀλλήλοις ὄντας φίλους, ἀλλʼ ἐνίους μᾶλλον
						ἐκείνῳ
						πιστεύοντας ἤ τισιν αὑτῶν. ἐκ δὴ τῶν τοιούτων νομίζω συμφέρειν ὑμῖν τὴν μὲν
						ἀρχὴν τοῦ πολέμου τηρεῖν ὅπως ἴση καὶ δικαία γενήσεται, παρασκευάζεσθαι δʼ ἃ
						προσήκει πάντα καὶ τοῦθʼ ὑποκεῖσθαι.</p>
				</div>
				<div type="textpart" subtype="section" n="4">
					<p>ἡγοῦμαι γάρ, ὦ ἄνδρες Ἀθηναῖοι, τοὺς Ἕλληνας, εἰ μὲν ἐναργὲς <del>τι</del>
						γένοιτο καὶ σαφὲς ὡς βασιλεὺς αὐτοῖς ἐπιχειρεῖ, κἂν συμμαχῆσαι καὶ χάριν
						μεγάλην ἔχειν τοῖς πρὸ αὐτῶν καὶ μετʼ αὐτῶν ἐκεῖνον ἀμυνομένοις· εἰ δʼ ἔτʼ
						ἀδήλου τούτου καθεστηκότος προαπεχθησόμεθʼ ἡμεῖς, δέδιʼ, ὦ ἄνδρες Ἀθηναῖοι,
						μὴ τούτοις μετʼ ἐκείνου πολεμεῖν ἀναγκασθῶμεν, ὑπὲρ ὧν προνοούμεθα.</p>
				</div>
				<div type="textpart" subtype="section" n="5">
					<p>ὁ μὲν γὰρ ἐπισχὼν ὧν ὥρμηκεν, εἰ ἄρʼ ἐγχειρεῖν ἔγνωκε τοῖς Ἕλλησι, χρήματα
						δώσει
						τισὶν αὐτῶν καὶ φιλίαν προτενεῖται, οἱ δὲ τοὺς ἰδίους πολέμους ἐπανορθῶσαι
						βουλόμενοι καὶ τοῦτον τὸν νοῦν ἔχοντες τὴν κοινὴν ἁπάντων σωτηρίαν
						παρόψονται.
						εἰς δὲ τὴν ταραχὴν ταύτην καὶ τὴν ἀγνωμοσύνην παραινῶ μὴ προκαθεῖναι τὴν
						πόλιν
						ἡμῶν.</p>
				</div>
				<div type="textpart" subtype="section" n="6">
					<p>οὐδὲ γὰρ οὐδʼ ἀπʼ ἴσης ὁρῶ τοῖς τʼ ἄλλοις Ἕλλησι καὶ ὑμῖν περὶ τῶν πρὸς τὸν
						βασιλέα τὴν βουλὴν οὖσαν, ἀλλʼ ἐκείνων μὲν πολλοῖς ἐνδέχεσθαί μοι δοκεῖ τῶν
						ἰδίᾳ
						τι συμφερόντων διοικουμένοις τῶν ἄλλων Ἑλλήνων ἀμελῆσαι, ὑμῖν δʼ οὐδʼ
						ἀδικουμένοις παρὰ τῶν ἀδικούντων καλόν ἐστιν λαβεῖν ταύτην τὴν δίκην, ἐᾶσαί
						τινας αὐτῶν ὑπὸ τῷ βαρβάρῳ γενέσθαι.</p>
				</div>
				<div type="textpart" subtype="section" n="7">
					<p>ὅτε δʼ οὕτω ταῦτʼ ἔχει, σκεπτέον ὅπως μήθʼ ἡμεῖς ἐν τῷ πολέμῳ γενησόμεθʼ οὐκ
						ἴσοι, μήτʼ ἐκεῖνος, ὃν ἡμεῖς ἐπιβουλεύειν ἡγούμεθα τοῖς Ἕλλησι, τὴν τοῦ
						φίλος
						αὐτοῖς δοκεῖν εἶναι πίστιν λήψεται. πῶς οὖν ταῦτʼ ἔσται; ἂν ἡ μὲν δύναμις
						τῆς
						πόλεως ἐξητασμένη καὶ παρεσκευασμένη πᾶσιν ᾖ φανερά, φαίνηται δὲ δίκαιʼ ἐπὶ
						ταύτῃ φρονεῖν αἱρουμένη.</p>
				</div>
				<div type="textpart" subtype="section" n="8">
					<p>τοῖς δὲ θρασυνομένοις καὶ σφόδρʼ ἑτοίμως πολεμεῖν κελεύουσιν ἐκεῖνο λέγω, ὅτι
						οὐκ
						ἔστιν χαλεπὸν οὔθʼ ὅταν βουλεύεσθαι δέῃ, δόξαν ἀνδρείας λαβεῖν, οὔθʼ ὅταν
						κίνδυνός τις ἐγγὺς ᾖ, δεινὸν εἰπεῖν φανῆναι, ἀλλʼ ἐκεῖνο καὶ χαλεπὸν καὶ
						προσῆκον, ἐπὶ μὲν τῶν κινδύνων τὴν ἀνδρείαν ἐνδείκνυσθαι, ἐν δὲ τῷ
						συμβουλεύειν
						φρονιμώτερα τῶν ἄλλων εἰπεῖν ἔχειν.</p>
				</div>
				<div type="textpart" subtype="section" n="9">
					<p>ἐγὼ δʼ, ὦ ἄνδρες Ἀθηναῖοι, νομίζω τὸν μὲν πόλεμον τὸν πρὸς βασιλέα χαλεπὸν τῇ
						πόλει, τὸν δʼ ἀγῶνα τὸν ἐκ τοῦ πολέμου ῥᾴδιον ἂν συμβῆναι. διὰ τί; ὅτι τοὺς
						μὲν
						πολέμους ἅπαντας ἀναγκαίως ἡγοῦμαι τριήρων καὶ χρημάτων καὶ τόπων δεῖσθαι,
						ταῦτα
						δὲ πάντʼ ἀφθονώτερʼ ἐκεῖνον ἔχονθʼ ἡμῶν εὑρίσκω· τοὺς δʼ ἀγῶνας οὐδενὸς οὕτω
						τῶν
						ἄλλων ὁρῶ δεομένους ὡς ἀνδρῶν ἀγαθῶν, τούτους δʼ ἡμῖν καὶ τοῖς μεθʼ ἡμῶν
						κινδυνεύουσι πλείους ὑπάρχειν νομίζω.</p>
				</div>
				<div type="textpart" subtype="section" n="10">
					<p>τὸν μὲν δὴ πόλεμον διὰ ταῦτα παραινῶ μηδʼ ἐξ ἑνὸς τρόπου προτέρους ἀνελέσθαι,
						ἐπὶ
						δὲ τὸν ἀγῶνα ὀρθῶς φημι παρεσκευασμένους ὑπάρχειν χρῆναι. εἰ μὲν οὖν ἕτερος
						μὲν
						ἦν τις τρόπος δυνάμεως ᾗ τοὺς βαρβάρους οἷόν τʼ ἦν ἀμύνασθαι, ἕτερος δέ τις
						ᾗ
						τοὺς Ἕλληνας, εἰκότως ἂν ἴσως φανεροὶ πρὸς ἐκεῖνον ἐγιγνόμεθʼ
						ἀντιταττόμενοι·
					</p>
				</div>
				<div type="textpart" subtype="section" n="11">
					<p>ἐπεὶ δὲ πάσης ἐστὶ παρασκευῆς ὁ αὐτὸς τρόπος καὶ δεῖ ταὔτʼ εἶναι κεφάλαια τῆς
						δυνάμεως, τοὺς ἐχθροὺς ἀμύνασθαι δύνασθαι, τοῖς οὖσι συμμάχοις βοηθεῖν, τὰ
						ὑπάρχοντʼ ἀγαθὰ σῴζειν, τί τοὺς ὁμολογουμένως ἐχθροὺς ἔχοντες ἑτέρους
						ζητοῦμεν;
						ἀλλὰ παρασκευασώμεθα μὲν πρὸς αὐτούς, ἀμυνούμεθα δὲ κἀκεῖνον, ἂν ἡμᾶς
						ἀδικεῖν
						ἐπιχειρῇ.</p>
				</div>
				<div type="textpart" subtype="section" n="12">
					<p>καὶ νῦν μὲν καλεῖτε πρὸς ὑμᾶς αὐτοὺς τοὺς Ἕλληνας· ἂν δʼ ἃ κελεύουσιν οὗτοι
						μὴ
						ποιῆτε, οὐχ ἡδέως ἐνίων ὑμῖν ἐχόντων, πῶς χρὴ προσδοκᾶν τινʼ ὑπακούσεσθαι;
						ὅτι
						νὴ Δίʼ ἀκούσονται παρʼ ἡμῶν ὡς ἐπιβουλεύει βασιλεὺς αὐτοῖς. αὐτοὺς δʼ οὐ
						προορᾶν, ὦ πρὸς τοῦ Διός, οἴεσθε τοῦτο; ἐγὼ μὲν γὰρ οἶμαι. ἀλλʼ οὔπω μείζων
						ἔσθʼ
						ὁ φόβος τῶν πρὸς ὑμᾶς καὶ πρὸς ἀλλήλους ἐνίοις διαφορῶν. οὐδὲν οὖν ἀλλʼ ἢ
						ῥαψῳδήσουσιν οἱ πρέσβεις περιιόντες.</p>
				</div>
				<div type="textpart" subtype="section" n="13">
					<p>τότε δʼ, ἂν ἄρʼ ἃ νῦν οἰόμεθʼ ἡμεῖς πράττηται, οὐδεὶς δήπου τῶν πάντων
						Ἑλλήνων
						τηλικοῦτον ἐφʼ αὑτῷ φρονεῖ, ὅστις ὁρῶν ὑμῖν χιλίους μὲν ἱππέας, ὁπλίτας δʼ
						ὅσους
						ἂν ἐθέλῃ τις, ναῦς δὲ τριακοσίας, οὐχ ἥξει καὶ δεήσεται, μετὰ τούτων
						ἀσφαλέστατʼ
						ἂν ἡγούμενος σωθῆναι. οὐκοῦν ἐκ μὲν τοῦ καλεῖν ἤδη τὸ δεῖσθαι κἂν μὴ τύχητʼ
						ἀφαμαρτεῖν, ἐκ δὲ τοῦ μετὰ τοῦ παρεσκευάσθαι τὰ ὑμέτερʼ αὐτῶν ἐπισχεῖν
						δεομένους
						σῴζειν καὶ εὖ εἰδέναι πάντας ἥξοντάς ἐστιν.</p>
				</div>
				<div type="textpart" subtype="section" n="14">
					<p rend="indent">ἐγὼ τοίνυν, ὦ ἄνδρες Ἀθηναῖοι, ταῦτά τε καὶ παραπλήσια τούτοις
						λογιζόμενος λόγον
						μὲν οὐδένʼ ἐβουλόμην θρασὺν οὐδʼ ἔχοντα μάταιον μῆκος εὑρεῖν· τὴν μέντοι
						παρασκευήν, ὅπως ὡς ἄριστα καὶ τάχιστα γενήσεται, πάνυ πολλὰ πράγματʼ ἔσχον
						σκοπῶν. οἴομαι δὴ δεῖν ἀκούσαντας ὑμᾶς αὐτήν, ἂν ὑμῖν ἀρέσκῃ, ψηφίσασθαι.
						ἔστι
						τοίνυν πρῶτον μὲν τῆς παρασκευῆς, ὦ ἄνδρες Ἀθηναῖοι, καὶ μέγιστον, οὕτω
						διακεῖσθαι τὰς γνώμας ὑμᾶς ὡς ἕκαστον ἑκόντα προθύμως ὅ τι ἂν δέῃ ποιήσοντα.
					</p>
				</div>
				<div type="textpart" subtype="section" n="15">
					<p>ὁρᾶτε γάρ, ὦ ἄνδρες Ἀθηναῖοι, ὅτι, ὅσα μὲν πώποθʼ ἅπαντες ἐβουλήθητε καὶ μετὰ
						ταῦτα τὸ πράττειν αὐτὸς ἕκαστος ἑαυτῷ προσήκειν ἡγήσατο, οὐδὲν πώποθʼ ὑμᾶς
						ἐξέφυγεν, ὅσα δʼ ἐβουλήθητε μέν, μετὰ ταῦτα δʼ ἀπεβλέψατʼ εἰς ἀλλήλους ὡς
						αὐτὸς
						μὲν ἕκαστος οὐ ποιήσων, τὸν δὲ πλησίον πράξοντα, οὐδὲν πώποθʼ ὑμῖν ἐγένετο.</p>
				</div>
				<div type="textpart" subtype="section" n="16">
					<p>ἐχόντων δʼ ὑμῶν οὕτω καὶ παρωξυμμένων, τοὺς διακοσίους καὶ χιλίους
						ἀναπληρῶσαί
						φημι χρῆναι καὶ ποιῆσαι δισχιλίους, ὀκτακοσίους αὐτοῖς προσνείμαντας· ἐὰν
						γὰρ
						τοῦτʼ ἀποδείξητε τὸ πλῆθος, ἡγοῦμαι, τῶν ἐπικλήρων καὶ τῶν ὀρφανῶν καὶ τῶν
						κληρουχικῶν καὶ τῶν κοινωνικῶν καὶ εἴ τις ἀδύνατος ἀφαιρεθέντων, ἔσεσθαι
						χίλια
						καὶ διακόσια ταῦθʼ ὑμῖν σώματα.</p>
				</div>
				<div type="textpart" subtype="section" n="17">
					<p>ἐκ τοίνυν τούτων οἶμαι δεῖν ποιῆσαι συμμορίας εἴκοσιν, ὥσπερ νῦν εἰσιν,
						ἑξήκοντα
						σώματʼ ἔχουσαν ἑκάστην. τούτων δὲ τῶν συμμοριῶν ἑκάστην διελεῖν κελεύω πέντε
						μέρη κατὰ δώδεκʼ ἄνδρας, ἀνταναπληροῦντας πρὸς τὸν εὐπορώτατον ἀεὶ τοὺς
						ἀπορωτάτους. καὶ τὰ μὲν σώμαθʼ οὕτω συντετάχθαι φημὶ δεῖν· διʼ ὃ δʼ,
						εἴσεσθε,
						ἐπειδὰν ὅλον τὸν τρόπον τῆς συντάξεως ἀκούσητε.</p>
				</div>
				<div type="textpart" subtype="section" n="18">
					<p>τὰς δὲ τριήρεις πῶς; τὸν ἅπαντʼ ἀριθμὸν κελεύω τριακοσίας ἀποδείξαντας, κατὰ
						πεντεκαιδεκαναΐαν εἴκοσι ποιῆσαι μέρη, τῶν πρώτων ἑκατὸν πέντε, καὶ τῶν
						δευτέρων
						ἑκατὸν πέντε, καὶ τῶν τρίτων ἑκατὸν πένθʼ ἑκάστῳ μέρει διδόντας, εἶτα
						συγκληρῶσαι συμμορίᾳ σωμάτων ἑκάστῃ τὴν πεντεκαιδεκαναΐαν, τὴν δὲ συμμορίαν
						ἑκάστῳ τῷ μέρει σφῶν αὐτῶν τρεῖς ἀποδοῦναι τριήρεις.</p>
				</div>
				<div type="textpart" subtype="section" n="19">
					<p>ἐπειδὰν δὲ ταῦθʼ οὕτως ἔχονθʼ ὑπάρχῃ, κελεύω, ἐπειδὴ τὸ τίμημʼ ἐστὶ τῆς χώρας
						ἑξακισχιλίων ταλάντων, ἵνʼ ὑμῖν καὶ τὰ χρήματʼ ᾖ συντεταγμένα, διελεῖν τοῦτο
						καὶ
						ποιῆσαι καθʼ ἑξήκοντα τάλανθʼ ἑκατὸν μέρη, εἶτα πένθʼ ἑξηκονταταλαντίας εἰς
						ἑκάστην τῶν μεγάλων τῶν εἴκοσι συμμοριῶν ἐπικληρῶσαι, τὴν δὲ συμμορίαν
						ἑκάστῳ
						τῶν μερῶν μίαν ἑξηκονταταλαντίαν ἀποδοῦναι, </p>
				</div>
				<div type="textpart" subtype="section" n="20">
					<p>ὅπως, ἂν μὲν ὑμῖν ἑκατὸν δέῃ τριήρων, τὴν μὲν δαπάνην ἑξήκοντα τάλαντα
						συντελῇ,
						τριήραρχοι δʼ ὦσι δώδεκα, ἂν δὲ διακοσίων, τριάκοντα μὲν ᾖ τάλαντα τὴν
						δαπάνην
						συντελοῦντα, ἓξ δὲ σώματα τριηραρχοῦντα, ἐὰν δὲ τριακοσίων, εἴκοσιν μὲν ᾖ
						τάλαντα τὴν δαπάνην διαλύοντα, τέτταρα δὲ σώματα τριηραρχοῦντα.</p>
				</div>
				<div type="textpart" subtype="section" n="21">
					<p>τὸν αὐτὸν δὲ τρόπον καὶ τὰ νῦν ὀφειλόμενʼ, ὦ ἄνδρες Ἀθηναῖοι, τῶν σκευῶν ἐπὶ
						τὰς
						τριήρεις τιμήσαντας ἅπαντʼ ἐκ τοῦ διαγράμματος νεῖμαι κελεύω μέρη εἴκοσιν,
						ἔπειτα ταῖς μεγάλαις ἐπικληρῶσαι συμμορίαις μέρος ἓν χρήστων ἑκάστῃ, τὴν δὲ
						συμμορίαν ἑκάστην διανεῖμαι τῶν αὑτῆς μερῶν ἑκάστῳ τὸ ἴσον, τοὺς δὲ δώδεκα
						τοὺς
						ἐν ἑκάστῳ τῷ μέρει ταῦτʼ εἰσπράξαντας τὰς τριήρεις, ἃς ἂν ἕκαστοι λάχωσι,
						παρεσκευασμένας παρέχειν.</p>
				</div>
				<div type="textpart" subtype="section" n="22">
					<p>τὴν μὲν δαπάνην καὶ τὰ σκάφη καὶ τοὺς τριηράρχους καὶ τὴν τῶν σκευῶν
						εἴσπραξιν
						οὕτως ἂν ἄρισθʼ ἡγοῦμαι καὶ πορισθῆναι καὶ παρασκευασθῆναι· πλήρωσιν δʼ, ἣ
						καὶ
						σαφὴς ἔσται καὶ ῥᾳδία, μετὰ ταῦτα λέγω. φημὶ τοὺς στρατηγοὺς δεῖν διανεῖμαι
						τόπους δέκα τῶν νεωρίων, σκεψαμένους ὅπως ὡς ἐγγύτατʼ ἀλλήλων κατὰ τριάκοντʼ
						ὦσι
						νεώσοικοι, ἐπειδὰν δὲ τοῦτο ποιήσωσι, δύο συμμορίας καὶ τριάκοντα τριήρεις
						τούτων ἑκάστῳ προσνεῖμαι τῶν τόπων, εἶτʼ ἐπικληρῶσαι τὰς φυλάς·</p>
				</div>
				<div type="textpart" subtype="section" n="23">
					<p>τὸν δὲ ταξίαρχον ἕκαστον, ὃν ἂν ἡ φυλὴ τόπον λάχῃ, διελεῖν τρίχα καὶ τὰς ναῦς
						ὡσαύτως, εἶτʼ ἐπικληρῶσαι τὰς τριττῦς, ὅπως ἂν τῶν μὲν ὅλων νεωρίων ἓν
						ἑκάστῃ μέρος ᾖ τῶν φυλῶν, τοῦ δὲ μέρους ἑκάστου τὸ τρίτον μέρος ἡ τριττὺς
						ἔχῃ, εἰδῆτε δʼ, ἄν τι δέῃ, πρῶτον μὲν τὴν φυλήν, ὅπου τέτακται, μετὰ ταῦτα
						δὲ τὴν τριττύν, εἶτα τριήραρχοι τίνες καὶ τριήρεις ποῖαι<del>, καὶ τριάκοντα
						μὲν ἡ φυλή, δέκα δʼ
							ἡ τριττὺς ἑκάστη τριήρεις ἔχῃ</del>. ἐὰν γὰρ ταῦθʼ οὕτως εἰς ὁδὸν
						καταστῇ, εἴ τι καὶ παραλείπομεν νῦν (πάντα γὰρ ἴσως εὑρεῖν οὐ ῥᾴδιον), αὐτὸ
						τὸ πρᾶγμʼ ἑαυτῷ εὑρήσει, καὶ μία σύνταξις καὶ πασῶν τῶν νεῶν καὶ μέρους
						ἔσται.</p>
				</div>
				<div type="textpart" subtype="section" n="24">
					<p rend="indent">ὑπὲρ δὲ χρημάτων καὶ πόρου φανεροῦ τινὸς ἤδη παράδοξον μὲν οἶδα
						λόγον ὃν μέλλω
						λέγειν, ὅμως δʼ εἰρήσεται· πιστεύω γάρ, ἐάν τις ὀρθῶς σκοπῇ, μόνος τἀληθῆ
						καὶ τὰ
						γενησόμενʼ εἰρηκὼς φανεῖσθαι. ἐγώ φημι χρῆναι μὴ λέγειν νυνὶ περὶ χρημάτων·
						εἶναι γὰρ πόρον, ἂν δέῃ, μέγαν καὶ καλὸν καὶ δίκαιον, ὃν ἂν μὲν ἤδη ζητῶμεν,
						οὐδʼ εἰς τόθʼ ὑπάρχειν ἡγησόμεθʼ ἡμῖν· οὕτω πολὺ τοῦ πορίσαι νῦν
						ἀποσχήσομεν·
						ἐὰν δʼ ἐῶμεν, ἔσται. τίς οὖν ἔσθʼ οὗτος ὁ νῦν μὲν οὐκ ὤν, ὑπάρξων δʼ εἰς
						τότε;
						αἰνίγματι γὰρ ὅμοιον τοῦτό γε.</p>
				</div>
				<div type="textpart" subtype="section" n="25">
					<p>ἐγὼ φράσω. ὁρᾶτε τὴν πόλιν, ὦ ἄνδρες Ἀθηναῖοι, πᾶσαν ταύτην. ἐν ταύτῃ χρήματʼ
						ἔνεστιν ὀλίγου δέω πρὸς ἁπάσας τὰς ἄλλας εἰπεῖν πόλεις. ταῦτα δʼ οἱ
						κεκτημένοι τοιοῦτον ἔχουσι νοῦν ὥστʼ, εἰ πάντες οἱ λέγοντες φοβοῖεν ὡς ἥξει
						βασιλεύς, ὡς πάρεστιν, ὡς οὐδʼ οἷόν τε ταῦτʼ ἄλλως ἔχειν, καὶ μετὰ τῶν
						λεγόντων ἴσοι τὸ πλῆθος τούτοις χρησμῳδοῖεν, οὐ μόνον οὐκ ἂν εἰσενέγκαιεν,
						ἀλλʼ οὐδʼ ἂν δόξειαν <del>οὐδʼ ἂν ὁμολογήσαιεν</del> κεκτῆσθαι.</p>
				</div>
				<div type="textpart" subtype="section" n="26">
					<p>εἰ μέντοι τὰ νῦν διὰ τῶν λόγων φοβερὰ ἔργῳ πραττόμενʼ αἴσθοιντο, οὐδεὶς οὕτως
						ἠλίθιός ἐστιν ὅστις οὐχὶ κἂν δοίη καὶ πρῶτος εἰσενέγκαι· τίς γὰρ αἱρήσεται
						μᾶλλον αὐτὸς καὶ τὰ ὄντʼ ἀπολωλέναι ἢ μέρος τῶν ὄντων ὑπὲρ αὑτοῦ καὶ τῶν
						λοιπῶν
						εἰσενεγκεῖν; χρήματα μὲν δή φημʼ εἶναι τότε, ἂν ὡς ἀληθῶς δέῃ, πρότερον δʼ
						οὔ.
						διὸ μηδὲ ζητεῖν παραινῶ· ὅσα γὰρ νῦν πορίσαιτʼ ἄν, εἰ προέλοισθε πορίζειν,
						πλείων ἐστὶ γέλως τοῦ μηδενός.</p>
				</div>
				<div type="textpart" subtype="section" n="27">
					<p>φέρε γάρ, ἑκατοστήν τις εἰσφέρειν ἐρεῖ νῦν; οὐκοῦν ἑξήκοντα τάλαντα. ἀλλὰ
						πεντηκοστήν τις ἐρεῖ, τὸ διπλοῦν; οὐκοῦν ἑκατὸν καὶ εἴκοσι. καὶ τί τοῦτʼ
						ἔστι
						πρὸς διακοσίας καὶ χιλίας καμήλους, ἃς βασιλεῖ τὰ χρήματʼ ἄγειν φασὶν οὗτοι;
						ἀλλὰ θῶ βούλεσθε δωδεκάτην ἡμᾶς εἰσοίσειν, πεντακόσια τάλαντα; ἀλλʼ οὔτʼ ἂν
						ἀνάσχοισθε οὔτʼ, εἰ καταθεῖτε, ἄξια τοῦ πολέμου τὰ χρήματα.</p>
				</div>
				<div type="textpart" subtype="section" n="28">
					<p>δεῖ τοίνυν ὑμᾶς τὰ μὲν ἄλλα παρασκευάσασθαι, τὰ δὲ χρήματα νῦν μὲν ἐᾶν τοὺς
						κεκτημένους ἔχειν (οὐδαμοῦ γὰρ ἂν ἐν καλλίονι σῴζοιτο τῇ πόλει), ἐὰν δέ ποθʼ
						οὗτος ὁ καιρὸς ἔλθῃ, τόθʼ ἑκόντων εἰσφερόντων αὐτῶν λαμβάνειν. ταῦτα δὲ καὶ
						δυνάτʼ ἐστίν, ὦ ἄνδρες Ἀθηναῖοι, καὶ πράττειν καλὰ καὶ συμφέροντα καὶ
						βασιλεῖ
						περὶ ὑμῶν ἐπιτήδειʼ ἀπαγγελθῆναι, καὶ φόβος οὐκ ὀλίγος γένοιτʼ ἂν ἐκείνῳ διὰ
						τούτων.</p>
				</div>
				<div type="textpart" subtype="section" n="29">
					<p>οἶδε μέν γε διακοσίαις τριήρεσιν, ὧν ἑκατὸν παρεσχόμεθʼ ἡμεῖς, τοὺς προγόνους
						αὐτοῦ χιλίας ἀπολέσαντας ναῦς, ἀκούσεται δὲ τριακοσίας αὐτοὺς ὑμᾶς νῦν
						παρεσκευασμένους τριήρεις· ὥστε μὴ κομιδῇ, μηδʼ εἰ πάνυ μαίνοιτο, νομίσαι
						ῥᾴδιόν
						τι τὸ τὴν ἡμετέραν πόλιν ἐχθρὰν ποιήσασθαι. ἀλλὰ μὴν εἴ γʼ ἐπὶ χρήμασιν αὐτῷ
						μέγʼ ἐπέρχεται φρονεῖν, καὶ ταύτην ἀσθενεστέραν ἀφορμὴν τῆς ὑμετέρας
						εὑρήσει.
					</p>
				</div>
				<div type="textpart" subtype="section" n="30">
					<p>ὁ μέν γε χρυσίον, ὥς φασιν, ἄγει πολύ. τοῦτο δʼ ἂν διαδῷ ζητήσει· καὶ γὰρ τὰς
						κρήνας καὶ τὰ φρέατʼ ἐπιλείπειν πέφυκεν, ἄν τις ἀπʼ αὐτῶν ἁθρόα πολλὰ
						λαμβάνῃ. ἡμῖν δὲ τὸ τῆς χώρας τίμημʼ ὑπάρχον ἀφορμὴν <del>ἑξακισχίλια
						τάλαντα</del> ἀκούσεται, ὑπὲρ ἧς ὡς μὲν τοὺς ἐπιόντας ἐκείνων ἀμυνόμεθα, οἱ
						Μαραθῶνι τῶν προγόνων αὐτοῦ μάλιστʼ ἂν εἰδεῖεν, ἕως δʼ ἂν κρατῶμεν, οὐκ ἔνι
						δήπου χρήμαθʼ ἡμᾶς ἐπιλείπειν.</p>
				</div>
				<div type="textpart" subtype="section" n="31">
					<p rend="indent">καὶ μὴν οὐδʼ ὅ τινες δεδίασι, μὴ ξενικὸν πολὺ συστήσηται
						χρήματʼ ἔχων, ἀληθὲς
						εἶναί μοι δοκεῖ. ἐγὼ γὰρ ἡγοῦμαι ἐπὶ μὲν Αἴγυπτον καὶ Ὀρόνταν καί τινας τῶν
						ἄλλων βαρβάρων πολλοὺς ἂν ἐθελῆσαι τῶν Ἑλλήνων μισθοφορεῖν παρʼ ἐκείνῳ, οὐχ
						ἵνʼ
						ἐκεῖνος ἕλῃ τινὰ τούτων, ἀλλʼ ἵνʼ εὐπορίαν τινʼ ἕκαστος ἑαυτῷ κτησάμενος
						ἀπαλλαγῇ τῆς ὑπαρχούσης πενίας· ἐπὶ δὲ τὴν Ἑλλάδα Ἕλληνʼ οὐδένʼ ἂν ἐλθεῖν
						ἡγοῦμαι. ποῖ γὰρ αὐτὸς τρέψεται μετὰ ταῦτα;</p>
				</div>
				<div type="textpart" subtype="section" n="32">
					<p>εἰς Φρυγίαν ἐλθὼν δουλεύσει; οὐ γὰρ ὑπὲρ ἄλλου τινός ἐστιν ὁ πρὸς τὸν
						βάρβαρον
						πόλεμος ἢ περὶ χώρας καὶ βίου καὶ ἐθῶν καὶ ἐλευθερίας καὶ πάντων τῶν
						τοιούτων.
						τίς οὖν οὕτως δυστυχής ἐστιν ὅστις ἑαυτόν, γονέας, τάφους, πατρίδα εἵνεκα
						κέρδους βραχέος προέσθαι βουλήσεται; ἐγὼ μὲν οὐδένʼ ἡγοῦμαι. οὐ μὴν οὐδʼ
						ἐκείνῳ
						συμφέρει ξένοις κρατῆσαι τῶν Ἑλλήνων· οἱ γὰρ ἡμῶν κρατήσαντες ἐκείνου γε
						πάλαι
						κρείττους ὑπάρχουσιν· βούλεται δʼ ἐκεῖνος οὐκ ἀνελὼν ἡμᾶς ἐπʼ ἄλλοις εἶναι,
						ἀλλὰ
						μάλιστα μὲν πάντων, εἰ δὲ μή, τῶν γʼ ὑπαρχόντων δούλων ἑαυτῷ νῦν ἄρχειν.</p>
				</div>
				<div type="textpart" subtype="section" n="33">
					<p rend="indent">εἰ τοίνυν τις οἴεται Θηβαίους ἔσεσθαι μετʼ ἐκείνου, ἔστι μὲν
						χαλεπὸς πρὸς ὑμᾶς ὁ
						περὶ τούτων λόγος· διὰ γὰρ τὸ μισεῖν αὐτοὺς οὐδʼ ἂν ἀληθὲς οὐδὲν ἡδέως
						ἀγαθὸν
						περὶ αὐτῶν ἀκούσαιτε· οὐ μὴν ἀλλὰ δεῖ τοὺς περὶ πραγμάτων μεγάλων σκοποῦντας
						μηδένα συμφέροντα λογισμὸν παραλιπεῖν διὰ μηδεμίαν πρόφασιν. ἐγὼ τοίνυν
						οἶμαι
						τοσοῦτʼ ἀπέχειν Θηβαίους τοῦ μετʼ ἐκείνου ποτʼ ἂν ἐλθεῖν ἐπὶ τοὺς Ἕλληνας,
						ὥστε
						πολλῶν ἂν χρημάτων, εἰ ἔχοιεν δοῦναι, </p>
				</div>
				<div type="textpart" subtype="section" n="34">
					<p>πρίασθαι γενέσθαι τινʼ αὐτοῖς καιρὸν διʼ οὗ τὰς προτέρας ἀναλύσονται πρὸς
						τοὺς
						Ἕλληνας ἁμαρτίας. εἰ δʼ ἄρα παντάπασί τις οὕτως οἴεται φύσει δυστυχεῖς
						Θηβαίους
						εἶναι, ἐκεῖνό γε δήπουθεν ἅπαντες ἐπίστασθε, ὅτι Θηβαίων τἀκείνου
						φρονούντων,
						ἀνάγκη τοὺς τούτων ἐχθροὺς τὰ τῶν Ἑλλήνων φρονεῖν.</p>
				</div>
				<div type="textpart" subtype="section" n="35">
					<p rend="indent">ἡγοῦμαι τοίνυν ἐγὼ ταύτην τὴν τάξιν τοῦ δικαίου καὶ τοὺς μετʼ
						αὐτῆς ὄντας
						κρείττους τῶν προδοτῶν καὶ τοῦ βαρβάρου ἔσεσθαι πρὸς ἅπαντα. ὥστʼ οὔτε
						φοβεῖσθαί
						φημι δεῖν πέρα τοῦ μετρίου, οὔθʼ ὑπαχθῆναι προτέρους ἐκφέρειν τὸν πόλεμον.
						καὶ
						μὴν οὐδὲ τῶν ἄλλων οὐδένʼ ἂν εἰκότως Ἑλλήνων φοβηθέντα τὸν πόλεμον τοῦτον
						ὁρῶ.
					</p>
				</div>
				<div type="textpart" subtype="section" n="36">
					<p>τίς γὰρ οὐκ οἶδεν αὐτῶν ὅτι, τέως μὲν κοινὸν ἐχθρὸν ἐκεῖνον ὑπειληφότες
						ὡμονόουν
						ἀλλήλοις, πολλῶν ἀγαθῶν ἦσαν κύριοι, ἐπειδὴ δὲ φίλον αὐτὸν νομίσαντες αὑτοῖς
						ὑπάρχειν περὶ τῶν πρὸς ἑαυτοὺς διηνέχθησαν διαφόρων, ὅσʼ ἂν οὐδὲ καταρώμενος
						εὗρέ τις αὐτοῖς, τοσαῦτα πεπόνθασι κακά; εἶθʼ ὃν ἡ τύχη καὶ τὸ δαιμόνιον
						φίλον
						μὲν ἀλυσιτελῆ, συμφέροντα δʼ ἐχθρὸν ἐμφανίζει, τοῦτον ἡμεῖς φοβώμεθα;
						μηδαμῶς·
						ἀλλὰ μηδʼ ἀδικῶμεν, αὐτῶν ἡμῶν εἵνεκα καὶ τῆς τῶν ἄλλων Ἑλλήνων ταραχῆς καὶ
						ἀπιστίας·</p>
				</div>
				<div type="textpart" subtype="section" n="37">
					<p>ἐπεὶ εἴ γʼ ὁμοθυμαδὸν ἦν μετὰ πάντων ἐπιθέσθαι μόνῳ, οὐδʼ ἀδικεῖν ἡμᾶς
						ἐκεῖνον
						ἀδίκημʼ ἂν ἔθηκα. ἐπειδὴ δὲ τοῦτʼ οὐχ οὕτως ἔχει, φυλάττεσθαί φημι δεῖν μὴ
						πρόφασιν δῶμεν βασιλεῖ τοῦ τὰ δίκαιʼ ὑπὲρ τῶν ἄλλων Ἑλλήνων ζητεῖν· ἡσυχίαν
						μὲν
						γὰρ ἐχόντων ὑμῶν ὕποπτος ἂν εἴη τοιοῦτόν τι πράττων, πόλεμον δὲ ποιησαμένων
						προτέρων εἰκότως ἂν δοκοίη διὰ τὴν πρὸς ὑμᾶς ἔχθραν τοῖς ἄλλοις φίλος εἶναι
						βούλεσθαι.</p>
				</div>
				<div type="textpart" subtype="section" n="38">
					<p>μὴ οὖν ἐξελέγξηθʼ ὡς κακῶς ἔχει τὰ Ἑλληνικά, συγκαλοῦντες ὅτʼ οὐ πείσονται,
						καὶ πολεμοῦντες ὅτʼ οὐ δυνήσεσθε· ἀλλʼ ἔχεθʼ ἡσυχίαν θαρροῦντες καὶ
						παρασκευαζόμενοι, καὶ βούλεσθʼ ἀπαγγέλλεσθαι μὲν περὶ ὑμῶν πρὸς βασιλέα, μὴ
						μὰ Δίʼ ὡς ἀποροῦσιν ἢ φοβοῦνται ἢ θορυβοῦνται πάντες <del>οἱ Ἕλληνες καὶ
						Ἀθηναῖοι</del>, πολλοῦ γε καὶ δεῖ·</p>
				</div>
				<div type="textpart" subtype="section" n="39">
					<p>ἀλλʼ ὅτι, εἰ μὲν μὴ τοῖς Ἕλλησιν ὁμοίως αἰσχρὸν ἦν τὸ ψεύδεσθαι καὶ ἐπιορκεῖν
						ὥσπερ ἐκείνῳ καλόν, πάλαι ἂν ἐπʼ αὐτὸν ὑμεῖς ἐπορεύεσθε, νῦν δὲ τοῦτο μὲν
						οὐκ ἂν
						ποιήσαιτε ὑμῶν ἕνεκʼ αὐτῶν, εὔχεσθε δὲ πᾶσι τοῖς θεοῖς τὴν αὐτὴν λαβεῖν
						παράνοιαν ἐκεῖνον ἥνπερ ποτὲ τοὺς προγόνους αὐτοῦ. καὶ ταῦτʼ ἂν ἐπίῃ σκοπεῖν
						αὐτῷ, οὐκ ὀλιγώρως ὑμᾶς βουλευομένους εὑρήσει.</p>
				</div>
				<div type="textpart" subtype="section" n="40">
					<p>ἐκ μέν γε τῶν πρὸς τοὺς ἑαυτοῦ προγόνους πολέμων σύνοιδε τὴν πόλιν εὐδαίμονα
						καὶ
						μεγάλην γεγενημένην, ἐκ δὲ τῆς ἡσυχίας ἧς ἦγέ ποτε, οὐδεμιᾶς τῶν Ἑλληνίδων
						πόλεων τοσοῦτον ὅσον νῦν ὑπεραίρουσαν. καὶ μὴν καὶ τοὺς Ἕλληνας ὁρᾷ
						δεομένους
						ἤτοι τινὸς ἑκουσίου ἢ ἀκουσίου διαλλακτοῦ, τοῦτον δʼ αὑτὸν ἂν οἶδε φανέντʼ
						αὐτοῖς, εἰ πόλεμον κινοίη. ὥστε καὶ γνώριμα καὶ πίστʼ αὐτῷ τῶν ἀπαγγελλόντων
						ἀκούειν ἔσται.</p>
				</div>
				<div type="textpart" subtype="section" n="41">
					<p rend="indent">ἵνα δʼ, ὦ ἄνδρες Ἀθηναῖοι, μὴ μακρὰ λίαν λέγων ἐνοχλῶ, τὰ
						κεφάλαιʼ ὧν συμβουλεύω
						φράσας ἄπειμι. παρασκευάζεσθαι μὲν πρὸς τοὺς ὑπάρχοντας ἐχθροὺς κελεύω,
						ἀμύνεσθαι δὲ καὶ βασιλέα καὶ πάντας, ἂν ἀδικεῖν ἐπιχειρῶσι, ταύτῃ τῇ αὐτῇ
						δυνάμει φημὶ δεῖν, ἄρχειν δὲ μηδενὸς μήτε λόγου μήτʼ ἔργου ἀδίκου, τὰ δʼ
						ἔργʼ
						ἡμῶν ὅπως ἄξια τῶν προγόνων ἔσται σκοπεῖν, μὴ τοὺς ἐπὶ τοῦ βήματος λόγους.
						κἂν
						ταῦτα ποιῆτε, καὶ ὑμῖν αὐτοῖς καὶ τοῖς τἀναντία πείθουσι συμφέροντα πράξετε·
						οὐ
						γὰρ ὀργιεῖσθʼ αὐτοῖς ὕστερον, νῦν ἁμαρτόντες.</p>
				</div>
			</div>
		</body>
	</text>
</TEI>