<?xml version="1.0" encoding="UTF-8"?>
<?xml-model href="http://www.stoa.org/epidoc/schema/latest/tei-epidoc.rng" schematypens="http://relaxng.org/ns/structure/1.0"?>
<TEI xmlns="http://www.tei-c.org/ns/1.0">
  <teiHeader>
    <fileDesc>
      <titleStmt>
        <title>Lochites</title>

        <author>Isocrates</author>
        <editor>Larue Van Hook</editor>
        <sponsor>Perseus Project, Tufts University</sponsor>
        <principal>Gregory Crane</principal>
        <respStmt>
          <resp>Prepared under the supervision of</resp>
          <name>Lisa Cerrato</name>
          <name>William Merrill</name>
          <name>Elli Mylonas</name>
          <name>David Smith</name>
        </respStmt>
        <funder n="org:AnnCPB">The Annenberg CPB/Project</funder>

      </titleStmt>
      <publicationStmt>
        <publisher>Trustees of Tufts University</publisher>
        <pubPlace>Medford, MA</pubPlace>
        <authority>Perseus Project</authority>
      </publicationStmt>

      <sourceDesc>
        <bibl>
          <author>Isocrates</author>
          <title>Isocrates with an English Translation in three volumes, by Larue Van Hook, Ph.D.,
            LL.D.</title>
          <publisher>Cambridge, MA, Harvard University Press; London, William Heinemann
            Ltd.</publisher>
          <biblScope unit="volume">3</biblScope>
          <date type="print">1945</date>
          <date type="reprint">1968</date>
        </bibl>
      </sourceDesc>
    </fileDesc>

    <encodingDesc>
      <refsDecl n="CTS">
        <cRefPattern n="section"
          matchPattern="(\\w+)"
          replacementPattern="#xpath(/tei:TEI/tei:text/tei:body/tei:div/tei:div[@n=\'$1\'])">
          <p>This pointer pattern extracts section</p>
        </cRefPattern>
      </refsDecl>
      <refsDecl>
        <refState n="chunk context" unit="section" />
      </refsDecl>
    </encodingDesc>

    <profileDesc>
      <langUsage>
        <language ident="eng">English </language>
        <language ident="grc">Greek </language>
      </langUsage>
      <textClass xml:id="gen.epideictic">
        <keywords>
          <term>Epideictic</term>
        </keywords>
      </textClass>
      <textClass xml:id="gen.forensic.prosecution">
        <keywords>
          <term>Forensic Prosecution</term>
        </keywords>
      </textClass>
      <textClass xml:id="gen.forensic.defense">
        <keywords>
          <term>Forensic Defense</term>
        </keywords>
      </textClass>
      <textClass xml:id="gen.estate.claim">
        <keywords>
          <term>Claim against an Estate</term>
        </keywords>
      </textClass>
    </profileDesc>

    <revisionDesc>
      <!--
      <change><date>April 1992</date>
	<respStmt><name>W. Merrill</name><resp>ed.</resp></respStmt>
	<item>Threw out isoc.gk.sgml because first letter of each line was missing. Started from scratch
      again from isoc.gk.raw. Change markup in accordance with orator dtd</item>
      </change>
      <change><date>June 1992</date>
	<respStmt><name>W. Merrill</name><resp>ed.</resp></respStmt>
	<item>put speeches in numerical order. Consolidated files.</item>
      </change>
      <change><date>June 1995</date>
	<respStmt><name>Lisa Cerrato</name><resp>ed.</resp></respStmt>
	<item>made section after 11.21 11.22. It was 11.37.</item>
      </change>
      <change><date>1 March 2000</date>
	<respStmt><name>David Smith</name><resp>ed.</resp></respStmt>
	<item>
$Log: isoc.orat_gk.xml,v $
Revision 1.1  2009-11-24 20:08:29  rsingh04
moved more xml files around based on copyright status

Revision 1.4  2009/06/24 16:04:24  lcerrato
fixed bad bibls

Revision 1.3  2009/06/11 17:56:55  student
fixed bibl errors - zr

Revision 1.2  2006/02/10 21:10:24  packel
places/dates now actually tagged

Revision 1.1  2005/08/01 18:01:20  packel
split up letters and speeches

Revision 1.1  2005/07/25 14:37:37  packel
Converted to XML
	
Revision 1.12  2003/07/01 22:17:05  yorkc
Updated texts to TEI P4 and Perseus P4 extensions; minor cleanup (esp. character encodings and
      typos.)

Revision 1.11  2000/10/24 16:30:03  lcerrato
repetition of end of word in 7.38 eliminated

Revision 1.10  2000/03/22 17:08:04  dasmith
Corrected title of fifth letter.

Revision 1.9  2000/03/04 20:34:40  dasmith
Added separate funder entity to TEI header.

Revision 1.8  2000/03/01 22:22:15  dasmith
Only look up speeches in the orat. subdoc.

Revision 1.7  2000/03/01 22:15:43  dasmith
Can't have tags in change log.

Revision 1.6  2000/03/01 22:14:46  dasmith
Erroneously copied "text xml:lang=eng" from English file.

Revision 1.5  2000/03/01 22:08:47  dasmith
Converted to TEI P3.
Wrap letters in DIV1 so we can cite them as "L. 4.3" within doc.


      </item></change>
    <change><date>July 2014</date>
    <respStmt><name>Stella Dee</name><resp>ed.</resp></respStmt>
    <item>split speeches and converted to unicode</item>
      </change></change>-->
      <change when="2014-10-01" who="Stella Dee">edited markup</change>
      <change when="2016-01-26" who="TDBuck">epidoc and CTS</change>
    </revisionDesc>
  </teiHeader>
  <text xml:lang="grc">
    <body>
      <div type="edition" n="urn:cts:greekLit:tlg0010.tlg003.perseus-grc2" xml:lang="grc">
        <div subtype="section" type="textpart" n="1">
          <p>
            <gap reason="lost" />ὡς μὲν τοίνυν ἔτυπτέ με Λοχίτης, ἄρχων χειρῶν ἀδίκων, ἅπαντες ὑμῖν
            οἱ παρόντες μεμαρτυρήκασιν. τὸ δʼ ἁμάρτημα τοῦθʼ οὐχ ὅμοιον δεῖ νομίζειν τοῖς ἄλλοις
            οὐδὲ τὰς τιμωρίας ἴσας ποιεῖσθαι περί τε τοῦ σώματος καὶ τῶν χρημάτων, ἐπισταμένους ὅτι
            τοῦτο πᾶσιν ἀνθρώποις οἰκειότατόν ἐστι, καὶ τούς τε νόμους ἐθέμεθα καὶ περὶ τῆς
            ἐλευθερίας μαχόμεθα καὶ τῆς δημοκρατίας ἐπιθυμοῦμεν καὶ τἄλλα πάντα τὰ περὶ τὸν βίον
            ἕνεκα τούτου πράττομεν. ὥστʼ εἰκὸς ὑμᾶς ἐστὶ τοὺς περὶ τοῦτʼ ἐξαμαρτάνοντας, ὃ περὶ
            πλείστου ποιεῖσθε, τῇ μεγίστῃ ζημίᾳ κολάζειν. </p>
        </div>
        <div subtype="section" type="textpart" n="2">
          <p>εὑρήσετε δὲ καὶ τοὺς θέντας ἡμῖν τοὺς νόμους ὑπὲρ τῶν σωμάτων μάλιστα σπουδάσαντας.
            πρῶτον μὲν γὰρ περὶ μόνου τούτου τῶν ἀδικημάτων καὶ δίκας καὶ γραφὰς ἄνευ παρακαταβολῆς
            ἐποίησαν, ἵνʼ ὅπως ἂν ἕκαστος ἡμῶν τυγχάνῃ καὶ δυνάμενος καὶ βουλόμενος, οὕτως ἔχῃ
            τιμωρεῖσθαι τοὺς ἀδικοῦντας. ἔπειτα τῶν μὲν ἄλλων ἐγκλημάτων αὐτῷ τῷ παθόντι μόνον ὁ
            δράσας ὑπόδικός ἐστιν· περὶ δὲ τῆς ὕβρεως, ὡς κοινοῦ τοῦ πράγματος ὄντος, ἔξεστι τῷ
            βουλομένῳ τῶν πολιτῶν γραψαμένῳ πρὸς τοὺς θεσμοθέτας εἰσελθεῖν εἰς ὑμᾶς. </p>
        </div>
        <div subtype="section" type="textpart" n="3">
          <p>οὕτω δʼ ἡγήσαντο δεινὸν εἶναι τὸ τύπτειν ἀλλήλους, ὥστε καὶ περὶ τῆς κακηγορίας νόμον
            ἔθεσαν ὃς κελεύει τοὺς λέγοντάς τι τῶν ἀπορρήτων πεντακοσίας δραχμὰς ὀφείλειν. καίτοι
            πηλίκας τινὰς χρὴ ποιεῖσθαι τὰς τιμωρίας ὑπὲρ τῶν ἔργῳ παθόντων κακῶς, ὅταν ὑπὲρ τῶν
            λόγῳ
            μόνον ἀκηκοότων οὕτως ὀργιζόμενοι φαίνησθε; </p>
        </div>
        <div subtype="section" type="textpart" n="4">
          <p>θαυμαστὸν δʼ εἰ τοὺς μὲν ἐπὶ τῆς ὀλιγαρχίας ὑβρίσαντας ἀξίους θανάτου νομίζετε, τοὺς δʼ
            ἐν δημοκρατίᾳ ταὔτʼ ἐκείνοις ἐπιτηδεύοντας ἀζημίους ἀφήσετε. καίτοι δικαίως ἂν μείζονος
            οὗτοι τιμωρίας τυγχάνοιεν· φανερώτερον γὰρ ἐπιδείκνυνται τὴν αὑτῶν πονηρίαν. ὅστις γὰρ
            νῦν
            τολμᾷ παρανομεῖν, ὅτʼ οὐκ ἔξεστι, τί ποτʼ ἂν ἐποίησεν, ὅθʼ οἱ κρατοῦντες τῆς πόλεως καὶ
            χάριν εἶχον τοῖς τὰ τοιαῦτʼ ἐξαμαρτάνουσιν; </p>
        </div>
        <div subtype="section" type="textpart" n="5">
          <p>ἴσως οὖν Λοχίτης ἐπιχειρήσει μικρὸν ποιεῖν τὸ πρᾶγμα, διασύρων τὴν κατηγορίαν καὶ λέγων
            ὡς οὐδὲν ἐκ τῶν πληγῶν κακὸν ἔπαθον, ἀλλὰ μείζους ποιοῦμαι τοὺς λόγους ἢ κατὰ τὴν ἀξίαν
            τῶν γεγενημένων. ἐγὼ δʼ εἰ μὲν μηδεμία προσῆν ὕβρις τοῖς πεπραγμένοις, οὐκ ἄν ποτʼ
            εἰσῆλθον εἰς ὑμᾶς· νῦν δʼ οὐχ ὑπὲρ τῆς ἄλλης βλάβης τῆς ἐκ τῶν πληγῶν γενομένης, ἀλλʼ
            ὑπὲρ
            τῆς αἰκίας καὶ τῆς ἀτιμίας ἥκω παρʼ αὐτοῦ δίκην ληψόμενος, </p>
        </div>
        <div subtype="section" type="textpart" n="6">
          <p>ὑπὲρ ὧν προσήκει τοῖς ἐλευθέροις μάλιστʼ ὀργίζεσθαι καὶ μεγίστης τυγχάνειν τιμωρίας.
            ὁρῶ
            δʼ ὑμᾶς, ὅταν του καταγνῶθʼ ἱεροσυλίαν ἢ κλοπήν, οὐ πρὸς τὸ μέγεθος ὧν ἂν λάβωσι τὴν
            τίμησιν ποιουμένους, ἀλλʼ ὁμοίως ἁπάντων θάνατον καταγιγνώσκοντας, καὶ νομίζοντας
            δίκαιον
            εἶναι τοὺς τοῖς αὐτοῖς ἔργοις ἐπιχειροῦντας ταῖς αὐταῖς ζημίαις κολάζεσθαι. </p>
        </div>
        <div subtype="section" type="textpart" n="7">
          <p>χρὴ τοίνυν καὶ περὶ τῶν ὑβριζόντων τὴν αὐτὴν γνώμην ἔχειν, καὶ μὴ τοῦτο σκοπεῖν, εἰ μὴ
            σφόδρα συνέκοψαν, ἀλλʼ εἰ τὸν νόμον παρέβησαν, μηδʼ ὑπὲρ τοῦ συντυχόντος μόνον ἀλλʼ ὑπὲρ
            ἅπαντος τοῦ τρόπου δίκην παρʼ αὐτῶν λαμβάνειν, </p>
        </div>
        <div subtype="section" type="textpart" n="8">
          <p>ἐνθυμουμένους ὅτι πολλάκις ἤδη μικραὶ προφάσεις μεγάλων κακῶν αἴτιαι γεγόνασι, καὶ
            διότι
            διὰ τοὺς τύπτειν τολμῶντας εἰς τοῦτʼ ἤδη τινὲς ὀργῆς προήχθησαν ὥστʼ εἰς τραύματα καὶ
            θανάτους καὶ φυγὰς καὶ τὰς μεγίστας συμφορὰς ἐλθεῖν· ὧν οὐδὲν διὰ τὸν φεύγοντα τὴν δίκην
            ἀγένητόν ἐστιν, ἀλλὰ κατὰ μὲν τὸ τούτου μέρος ἅπαντα πέπρακται, διὰ δὲ τὴν τύχην καὶ τὸν
            τρόπον τὸν ἐμὸν οὐδὲν τῶν ἀνηκέστων συμβέβηκεν. </p>
        </div>
        <div subtype="section" type="textpart" n="9">
          <p>ἡγοῦμαι δʼ ὑμᾶς οὕτως ἂν ἀξίως ὀργισθῆναι τοῦ πράγματος, εἰ διεξέλθοιτε πρὸς ὑμᾶς
            αὐτοὺς
            ὅσῳ μεῖζόν ἐστι τοῦτο τῶν ἄλλων ἁμαρτημάτων. εὑρήσετε γὰρ τὰς μὲν ἄλλας ἀδικίας μέρος τι
            τοῦ βίου βλαπτούσας, τὴν δʼ ὕβριν ὅλοις τοῖς πράγμασι λυμαινομένην, καὶ πολλοὺς μὲν
            οἴκους
            διʼ αὐτὴν διαφθαρέντας, πολλὰς δὲ πόλεις ἀναστάτους γεγενημένας. </p>
        </div>
        <div subtype="section" type="textpart" n="10">
          <p>καὶ τί δεῖ τὰς τῶν ἄλλων συμφορὰς λέγοντα διατρίβειν; αὐτοὶ γὰρ ἡμεῖς δὶς ἤδη τὴν
            δημοκρατίαν ἐπείδομεν καταλυθεῖσαν καὶ δὶς τῆς ἐλευθερίας ἀπεστερήθημεν, οὐχ ὑπὸ τῶν
            ταῖς
            ἄλλαις πονηρίαις ἐνόχων ὄντων, ἀλλὰ διὰ τοὺς καταφρονοῦντας τῶν νόμων καὶ βουλομένους
            τοῖς
            μὲν πολεμίοις δουλεύειν, </p>
        </div>
        <div subtype="section" type="textpart" n="11">
          <p>τοὺς δὲ πολίτας ὑβρίζειν. ὧν οὗτος εἷς ὢν τυγχάνει. καὶ γὰρ εἰ τῶν τότε κατασταθέντων
            νεώτερός ἐστιν, ἀλλὰ τόν γε τρόπον ἔχει τὸν ἐξ ἐκείνης τῆς πολιτείας. αὗται γὰρ αἱ
            φύσεις
            εἰσὶν αἱ παραδοῦσαι μὲν τὴν δύναμιν τὴν ἡμετέραν τοῖς πολεμίοις, κατασκάψασαι δὲ τὰ
            τείχη
            τῆς πατρίδος, πεντακοσίους δὲ καὶ χιλίους ἀκρίτους ἀποκτείνασαι τῶν πολιτῶν. </p>
        </div>
        <div subtype="section" type="textpart" n="12">
          <p>ὧν εἰκὸς ὑμᾶς μεμνημένους τιμωρεῖσθαι μὴ μόνον τοὺς τότε λυμηναμένους ἀλλὰ καὶ τοὺς νῦν
            βουλομένους οὕτω διαθεῖναι τὴν πόλιν, καὶ τοσούτῳ μᾶλλον τοὺς ἐπιδόξους γενήσεσθαι
            πονηροὺς τῶν πρότερον ἡμαρτηκότων, ὅσῳ περ κρεῖττόν ἐστι τῶν μελλόντων κακῶν ἀποτροπὴν
            εὑρεῖν ἢ τῶν ἤδη γεγενημένων δίκην λαβεῖν. </p>
        </div>
        <div subtype="section" type="textpart" n="13">
          <p>καὶ μὴ περιμείνηθʼ ἕως ἂν ἀθροισθέντες καὶ καιρὸν λαβόντες εἰς ὅλην τὴν πόλιν
            ἐξαμάρτωσιν, ἀλλʼ ἐφʼ ἧς ἂν ὑμῖν προφάσεως παραδοθῶσιν, ἐπὶ ταύτης αὐτοὺς τιμωρεῖσθε,
            νομίζοντες εὕρημʼ ἔχειν, ὅταν τινὰ λάβητʼ ἐν μικροῖς πράγμασιν ἐπιδεδειγμένον ἅπασαν τὴν
            αὑτοῦ πονηρίαν. </p>
        </div>
        <div subtype="section" type="textpart" n="14">
          <p>κράτιστον μὲν γὰρ ἦν, εἴ τι προσῆν ἄλλο σημεῖον τοῖς πονηροῖς τῶν ἀνθρώπων, πρὶν
            ἀδικηθῆναί τινα τῶν πολιτῶν, πρότερον κολάζειν αὐτούς· ἐπειδὴ δʼ οὐχ οἷόν τʼ ἐστὶν
            αἰσθέσθαι πρὶν κακῶς τινὰς παθεῖν ὑπʼ αὐτῶν, ἀλλʼ οὖν γʼ ἐπειδὰν γνωρισθῶσι, προσήκει
            πᾶσι
            μισεῖν τοὺς τοιούτους καὶ κοινοὺς ἐχθροὺς νομίζειν. </p>
        </div>
        <div subtype="section" type="textpart" n="15">
          <p>ἐνθυμεῖσθε δʼ ὅτι τῶν μὲν περὶ τὰς οὐσίας κινδύνων οὐ μέτεστι τοῖς πένησι, τῆς δʼ εἰς
            τὰ
            σώματʼ αἰκίας ὁμοίως ἅπαντες κοινωνοῦμεν· ὥσθʼ ὅταν μὲν τοὺς ἀποστεροῦντας τιμωρῆσθε,
            τοὺς
            πλουσίους μόνον ὠφελεῖτε, ὅταν δὲ τοὺς ὑβρίζοντας κολάζητε, </p>
        </div>
        <div subtype="section" type="textpart" n="16">
          <p>ὑμῖν αὐτοῖς βοηθεῖτε. ὧν ἕνεκα δεῖ περὶ πλείστου ποιεῖσθαι ταύτας τῶν δικῶν, καὶ περὶ
            μὲν
            τῶν ἄλλων συμβολαίων τοσούτου τιμᾶν, ὅσον προσήκει τῷ διώκοντι κομίσασθαι, περὶ δὲ τῆς
            ὕβρεως, ὅσον ἀποτείσας ὁ φεύγων παύσεσθαι μέλλει τῆς παρούσης ἀσελγείας. </p>
        </div>
        <div subtype="section" type="textpart" n="17">
          <p>ἂν οὖν περιαιρῆτε τὰς οὐσίας τῶν νεανιευομένων εἰς τοὺς πολίτας καὶ μηδεμίαν νομίζηθʼ
            ἱκανὴν εἶναι ζημίαν, οἵτινες ἂν εἰς τὰ σώματʼ ἐξαμαρτάνοντες τοῖς χρήμασι τὰς δίκας
            ὑπέχωσιν, ἅπανθʼ ὅσα δεῖ τοὺς καλῶς δικάζοντας διαπράξεσθε· </p>
        </div>
        <div subtype="section" type="textpart" n="18">
          <p>καὶ γὰρ περὶ τοῦ παρόντος πράγματος ὀρθῶς γνώσεσθε καὶ τοὺς ἄλλους πολίτας κοσμιωτέρους
            ποιήσετε καὶ τὸν βίον τὸν ὑμέτερον αὐτῶν ἀσφαλέστερον καταστήσετε. ἔστι δὲ δικαστῶν νοῦν
            ἐχόντων περὶ τῶν ἀλλοτρίων τὰ δίκαια ψηφιζομένους ἅμα καὶ τὰ σφέτερʼ αὐτῶν εὖ τίθεσθαι.
          </p>
        </div>
        <div subtype="section" type="textpart" n="19">
          <p>καὶ μηδεὶς ὑμῶν εἰς τοῦτʼ ἀποβλέψας, ὅτι πένης εἰμὶ καὶ τοῦ πλήθους εἷς, ἀξιούτω τοῦ
            τιμήματος ἀφαιρεῖν. οὐ γὰρ δίκαιον ἐλάττους ποιεῖσθαι τὰς τιμωρίας ὑπὲρ τῶν ἀδόξων ἢ τῶν
            διωνομασμένων, οὐδὲ χείρους ἡγεῖσθαι τοὺς πενομένους ἢ τοὺς πολλὰ κεκτημένους. ὑμᾶς γὰρ
            ἂν
            αὐτοὺς ἀτιμάζοιτʼ εἰ τοιαῦτα γιγνώσκοιτε περὶ τῶν πολλῶν. ἔτι δὲ καὶ πάντων ἂν εἴη
            δεινότατον, </p>
        </div>
        <div subtype="section" type="textpart" n="20">
          <p>εἰ δημοκρατουμένης τῆς πόλεως μὴ τῶν αὐτῶν ἅπαντες τυγχάνοιμεν, ἀλλὰ τῶν μὲν ἀρχῶν
            μετέχειν ἀξιοῖμεν, τῶν δʼ ἐν τοῖς νόμοις δικαίων ἀποστεροῖμεν ἡμᾶς αὐτούς, καὶ μαχόμενοι
            μὲν ἐθέλοιμεν ἀποθνῄσκειν ὑπὲρ τῆς πολιτείας, ἐν δὲ τῇ ψήφῳ πλέον νέμοιμεν τοῖς τὰς
            οὐσίας
            ἔχουσιν. </p>
        </div>
        <div subtype="section" type="textpart" n="21">
          <p>οὐκ, ἄν γέ μοι πεισθῆθʼ, οὕτω διακείσεσθε πρὸς ὑμᾶς αὐτούς, οὐδὲ διδάξετε τοὺς
            νεωτέρους
            καταφρονεῖν τοῦ πλήθους τῶν πολιτῶν, οὐδὲ ἀλλοτρίους ἡγήσεσθʼ εἶναι τοὺς τοιούτους τῶν
            ἀγώνων, ἀλλʼ ὡς ὑπὲρ αὑτοῦ δικάζων, οὕτως ἕκαστος ὑμῶν οἴσει τὴν ψῆφον. ἅπαντας γὰρ
            ὁμοίως
            ἀδικοῦσιν οἱ τολμῶντες τοῦτον τὸν νόμον παραβαίνειν τὸν ὑπὲρ τῶν σωμάτων τῶν ὑμετέρων
            κείμενον. </p>
        </div>
        <div subtype="section" type="textpart" n="22">
          <p>ὥστʼ ἂν σωφρονῆτε, παρακαλέσαντες ἀλλήλους ἐνσημανεῖσθε Λοχίτῃ τὴν ὀργὴν τὴν ὑμετέραν
            αὐτῶν, εἰδότες ὅτι πάντες οἱ τοιοῦτοι τῶν μὲν νόμων τῶν κειμένων καταφρονοῦσι, τὰ δʼ
            ἐνθάδε γιγνωσκόμενα, ταῦτα νόμους εἶναι νομίζουσιν. ἐγὼ μὲν οὖν ὡς οἷός τʼ ἦν εἴρηκα
            περὶ
            τοῦ πράγματος· εἰ δέ τις τῶν παρόντων ἔχει τί μοι συνειπεῖν, ἀναβὰς εἰς ὑμᾶς λεγέτω.</p>
        </div>
      </div>
    </body>
  </text>
</TEI>