<?xml version="1.0" encoding="UTF-8"?>
<?xml-model href="http://www.stoa.org/epidoc/schema/latest/tei-epidoc.rng" type="application/xml" schematypens="http://relaxng.org/ns/structure/1.0"?>
<TEI xmlns="http://www.tei-c.org/ns/1.0">
    <teiHeader xml:lang="eng">
        <fileDesc>
            <titleStmt>
                <title xml:lang="grc">Epitafios</title>
                <author>Hyperides</author>
                <editor>J. O. Burtt</editor>
                <sponsor>Perseus Project, Tufts University</sponsor>
                <principal>Gregory Crane</principal>
                <respStmt>
                    <resp>Prepared under the supervision of</resp>
                    <name>Lisa Cerrato</name>
                    <name>William Merrill</name>
                    <name>Elli Mylonas</name>
                    <name>David Smith</name>
                </respStmt>
                <funder n="org:AnnCPB">The Annenberg CPB/Project</funder>
            </titleStmt>
            <publicationStmt>
                <publisher>Trustees of Tufts University</publisher>
                <pubPlace>Medford, MA</pubPlace>
                <authority>Perseus Project</authority>
                <date type="release" when="1996">Perseus 2.0</date>
                <idno type="filename">tlg0030.tlg006.perseus-grc2.xml</idno>
                <availability>
                    <licence target="https://creativecommons.org/licenses/by-sa/4.0/">Available
                        under a Creative Commons Attribution-ShareAlike 4.0 International License</licence>
                </availability>
            </publicationStmt>
            <sourceDesc>
                <biblStruct>
                    <monogr>
                        <author>Hyperides</author>
                        <title>Minor Attic Orators</title>
                        <editor>J. O. Burtt</editor>
                        <imprint>
                            <pubPlace>London</pubPlace>
                            <publisher>William Heinemann, Ltd.</publisher>
                            <pubPlace>Cambridge, MA</pubPlace>
                            <publisher>Harvard University Press</publisher>
                            <date>1954</date>
                            <date type="printing">1962</date>
                        </imprint>
                        <biblScope unit="volume">2</biblScope>
                    </monogr>
                    <ref
                        target="https://archive.org/details/minoratticorator02maiduoft/page/536/mode/2up">Internet
                        Archive</ref>
                </biblStruct>
            </sourceDesc>
        </fileDesc>

        <encodingDesc>
            <refsDecl n="CTS">
                <cRefPattern n="section" matchPattern="(\w+)"
                    replacementPattern="#xpath(/tei:TEI/tei:text/tei:body//tei:div/tei:div[@n='$1'])">
                    <p>This pointer pattern extracts section.</p>
                </cRefPattern>
            </refsDecl>
            <refsDecl>
                <refState unit="speech" />
                <refState unit="section" />
                <refState unit="fragment" />
            </refsDecl>

            <refsDecl>
                <refState unit="speech" />
                <refState unit="fragment" />
            </refsDecl>
        </encodingDesc>
        <profileDesc>
            <langUsage>
                <language ident="grc">Greek</language>
                <language ident="eng">English</language>
                <language ident="lat">Latin</language>
            </langUsage>
        </profileDesc>
        <revisionDesc>
            <change when="2023-03-30" who="Lisa Cerrato">EpiDoc and CTS conversion</change>
            <change when="2014-08-01" who="Stella Dee">edited markup</change>
            <change when="2014-07" who="Stella Dee">split composite text and converted to unicode </change>
            <change when="1993-05-03" who="em">when importing, did lots of changes. Restored is now
                square brackets, like Bacchyl. gap is note type="text" and columns is note
                type="papyr". Also fixed SGML errors. and added spaces around notes. fixed some beta
                errors.</change>
            <change when="1992-07" who="das">tagged FRAGWORD's and restored text</change>
            <change when="1992-06" who="W. Merrill">checkmark</change>
            <change when="1992-06" who="W. Merrill">Change markup in accordance with orator dtd</change>
        </revisionDesc>
    </teiHeader>

    <text>
        <body>

            <div type="edition" n="urn:cts:greekLit:tlg0030.tlg006.perseus-grc2" xml:lang="grc">
                <div type="textpart" subtype="section"
                    xml:base="urn:cts:greekLit:tlg0030.tlg006.perseus-grc2" n="1">
                    <p rend="align(indent)"><note anchored="true" resp="perseus" type="Papyr"
                            xml:lang="eng">Column 1</note> τῶν μὲν λόγων τ<add>ῶν μελ</add>λόντων<note
                            anchored="true" resp="editor" xml:lang="lat">Col. 1 plerumque restituit
                        Blass.</note> ῥηθήσες<add>θαι ἐπὶ</add> τῷδε τῷ τάφῳ <add>περί τε</add><note
                            anchored="true" resp="editor" xml:lang="lat">
                            <foreign xml:lang="grc">περί τε</foreign> Cobet.</note> Λεωσθένους τοῦ
                        στ<add>ρατη</add>γοῦ καὶ περὶ τῶν ἄ<add>λλων</add> τῶν μετʼ ἐκείνου <add>
                        τετελ</add>ευτηκότων ἐν τ<add>ῷ πολ</add>έμῳ, ὡς ἦσαν ἄν<add>δρες ἀ</add>γαθοί,
                        μά<add>ρτυς<note anchored="true" resp="editor" xml:lang="lat">
                                <foreign xml:lang="grc">μάρτυς</foreign> Buecheler.</note> αὐτὸς ὁ χ</add>
                        ρόνος<note anchored="true" resp="editor" xml:lang="lat">
                            <foreign xml:lang="grc">αὐτὸς ὁ χρόνος</foreign> Kenyon.</note> ὁ <seg
                            type="noparse">ς</seg><gap reason="lost"
                            rend=" . . . . . . . . . . . . " /><seg type="noparse">ωι</seg> τὰς πρ<add>
                        άξεις<note anchored="true" resp="editor" xml:lang="lat">
                                <foreign xml:lang="grc">τὰς πράξεις</foreign> Babington: <foreign
                                    xml:lang="grc">τὰ ὅπλα</foreign> Kenyon.</note></add><gap
                            reason="lost" rend=" . . . . . . . . . . . . " /><seg type="noparse">ς</seg> <seg
                            type="noparse">ἀνθρω<add>π</add></seg><gap reason="lost"
                            rend=" . . . . . . " /><seg type="noparse">
                            <add>ν</add>
                        </seg> πω <seg type="noparse">κα</seg><gap
                            reason="lost" rend=" . . . . . . . . . . . . " /><add>ἑ</add>ώρακε <seg
                            type="noparse">ωρ</seg><gap reason="lost" rend=" . . . . " /><add>ἐν τῷ
                        π</add>αντὶ αἰῶ<add>νι</add><gap reason="lost" rend=" . . . . . . . . " /><seg
                            type="noparse"><add>γ</add>εγενη</seg><gap reason="lost"
                            rend=" . . . . . . . " /><add>οὔτε</add> ἄνδρας <add>ἀμείνους τῶν</add>
                        τετελευτ<add>ηκότων</add> οὔτε πρ<add>άξεις μεγαλ</add>οπρεπεστ<add>έρας. </add></p>
                </div>
                <div type="textpart" subtype="section"
                    xml:base="urn:cts:greekLit:tlg0030.tlg006.perseus-grc2" n="2">
                    <p><add>διὸ</add> καὶ μάλιστα <add>νῦν φοβοῦ</add>μαι,<note anchored="true"
                            resp="editor" xml:lang="lat">
                            <foreign xml:lang="grc">νῦν φοβοῦμαι</foreign> Jensen in add. <foreign
                                xml:lang="grc">(φοβοῦμαι</foreign> iam Babington): <foreign
                                xml:lang="grc">πεφόβημαι</foreign> Herwerden.</note> μή μοι συμ<add>βῇ
                        τὸν λ</add>όγον ἐλάττ<add>ω φαίν</add>εσθαι τῶν ἔρ<add>γων</add> τῶν γεγενη<add>
                        μέ</add>νων. πλὴν κατʼ <add>ἐκεῖ</add>νό γε πάλιν θα<add>ρρῶ ὅ</add>τι τὰ
                        ὑπʼ ἐμοῦ <add>ἐ</add>κ<add>λει</add>πόμενα<note anchored="true"
                            resp="editor" xml:lang="lat">
                            <foreign xml:lang="grc">ἐκλειπόμενα</foreign> Sudhaus: <foreign
                                xml:lang="grc">παραλειπόμενα</foreign> Sauppe.</note> ὑμεῖς οἱ
                        ἀκούοντες προσθήσετε· οὐ γὰρ ἐ<add>ν</add> τοῖς τυχοῦσιν οἱ λόγοι
                        ῥηθήσονται, ἀλλʼ ἐν αὐτοῖς τοῖς μάρτυσι τῶν <add>ἐκ</add>είνοι<add>ς <note
                                anchored="true" resp="perseus" type="Papyr" xml:lang="eng">Column 2</note>
                        π</add>επραγμένων. </p>
                </div>
                <div type="textpart" subtype="section"
                    xml:base="urn:cts:greekLit:tlg0030.tlg006.perseus-grc2" n="3">
                    <p>ἄξιον δέ <add>ἐς</add>τιν ἐπαινεῖν <add>τ</add>ὴν μὲν <add>πό</add>λιν ἡμῶν <add>
                        τ</add>ῆς προαιρέ<add>σεω</add>ς ἕνεκεν, τὸ προε<add>λέσθ</add>αι ὅμοια καὶ
                        ἔτι σε<add>μνό</add>τερα καὶ καλλίω τῶν <add>πρότ</add>ερον αὐτῇ πεπρα<add>
                        γμέ</add>νων, τοὺς δὲ τετε<add>λευ</add>τηκότας τῆς ἀνδρείας τῆς ἐν τῷ
                        πολέμῳ, τὸ μὴ καταισχῦναι τὰς τῶν προγόνων ἀρετάς, τὸν δὲ στρατηγὸν Λεωσθένη
                        διὰ ἀμφότερα· τῆς τε γὰρ προαιρέσεως εἰσηγητὴς τῇ πόλει ἐγένετο, καὶ τῆς
                        στρατείας ἡγεμὼν τοῖς πολίταις κατέστη. </p>
                </div>
                <div type="textpart" subtype="section"
                    xml:base="urn:cts:greekLit:tlg0030.tlg006.perseus-grc2" n="4">
                    <p rend="align(indent)">περὶ μὲν οὖν τῆς πόλεως διεξιέναι τὸ καθʼ ἕκαστον ὧν<note
                            anchored="true" resp="editor" xml:lang="lat">
                            <foreign xml:lang="grc">ὧν</foreign> Blass olim: <foreign xml:lang="grc">
                        τῶν</foreign> S, ret. Cobet.</note> πρό<add>τε</add>ρον πᾶσαν τὴν Ἑλλά<add>
                        δα</add> <add>εὐεργέτηκεν</add><note anchored="true" resp="editor"
                            xml:lang="lat">
                            <foreign xml:lang="grc">εὐεργέτηκεν</foreign> add. Blass olim: <foreign
                                xml:lang="grc">πεπραγμένων</foreign> suppl. Cobet qui <foreign
                                xml:lang="grc">ἀνὰ</foreign> post <foreign xml:lang="grc">πρότερον</foreign>
                        add.</note> οὔτε ὁ χρόνος ὁ παρὼν ἱκανός, οὔτε ὁ και<add>ρὸς</add> ἁρμόττων
                        τῷ μα<add>κρ</add>ολογεῖν, οὔτε ῥᾴδι<add>ον</add> ἕνα ὄντα τοσαύ<add>τας</add>
                        καὶ τηλικαύτας πρά<add>ξεις</add> <add>ἐπ</add>ελθεῖν<note anchored="true"
                            resp="editor" xml:lang="lat">
                            <foreign xml:lang="grc">ἐπελθεῖν</foreign> Babington: <foreign
                                xml:lang="grc">ἀπελθεῖν</foreign> S.</note> καὶ μνη<add>μο</add>νεῦσαι·
                        ἐπὶ κεφαλαί<add>ου δ</add>ὲ οὐκ ὀκνήσω εἰπεῖν <add>περ</add>ὶ αὐτῆς. </p>
                </div>
                <div type="textpart" subtype="section"
                    xml:base="urn:cts:greekLit:tlg0030.tlg006.perseus-grc2" n="5">
                    <p>ὥσπερ <add>γὰρ</add> ὁ ἥλιος πᾶσαν <note anchored="true" resp="perseus"
                            type="Papyr" xml:lang="eng">Column 3</note> τὴν οἰκουμ<add>ένη</add>ν
                        ἐπέρχεται, τὰ<add>ς μὲν</add><note anchored="true" resp="editor"
                            xml:lang="lat">Col. 3 plerumque restituit Babington.</note> ὥρας
                        διακρίνων <add>εἰς τὸ π</add>ρέπον<note anchored="true" resp="editor"
                            xml:lang="lat">
                            <foreign xml:lang="grc">εἰς τὸ πρέπον</foreign> Blass.</note> καὶ καλῶ<add>ς
                        πάντα καθ</add>ιστάς,<note anchored="true" resp="editor" xml:lang="lat">
                            <foreign xml:lang="grc">πάντα καθιστάς</foreign> Cobet.</note> τοῖς δὲ ς<add>ώφροσι
                        καὶ ἐπ</add>ιεικέσι τ<add>ῶν ἀνθρώπ</add>ων ἐπιμ<add>ελούμενος κ</add>αὶ γεν<add>έσεως
                        καὶ τροφῆ</add>ς καὶ <add>καρπ</add>ῶν κ<add>αὶ τῶν ἄ</add>λλων<note
                            anchored="true" resp="editor" xml:lang="lat">
                            <foreign xml:lang="grc">σώφροσι</foreign> usque ad <foreign
                                xml:lang="grc">ἄλλων</foreign> Blass.</note> ἁ<add>πά</add>ντων τῶν
                        εἰς τὸν β<add>ίο</add>ν χρησίμων, οὕτως καὶ ἡ πόλις ἡμῶν διατελε<add>ῖ το</add>ὺς
                        μὲν κακοὺς κολάζο<add>υσα, τοῖς</add> δὲ δικαίοις β<add>οηθοῦσα</add>, τὸ δὲ
                        ἴσον ἀν<add>τί τῆς ἀδι</add>κίας<note anchored="true" resp="editor"
                            xml:lang="lat">
                            <foreign xml:lang="grc">ἀδικίας</foreign> Jensen: <foreign
                                xml:lang="grc">πλεονεξίας</foreign> anon. ap. Babington.</note>
                        ἅπασιν <add>ἀπονέμουσα,<note anchored="true" resp="editor" xml:lang="lat">
                                <foreign xml:lang="grc">ἀπονέμουσα</foreign> Kaibel: <foreign
                                    xml:lang="grc">φυλάττουσα</foreign> Blass.</note> τ</add>οῖς δὲ
                        ἰδί<add>οις κινδύνοις κα</add>ὶ δαπάναι<add>ς κοινὴν ἄδει</add>αν τοῖς Ἕλλη<add>σιν
                        παρασκευ</add>άζουσα. </p>
                </div>
                <div type="textpart" subtype="section"
                    xml:base="urn:cts:greekLit:tlg0030.tlg006.perseus-grc2" n="6">
                    <p><add>περὶ μὲν οὖ</add>ν τῶν κοινῶ<add>ν ἔργων τῆς πόλ</add>εως<note
                            anchored="true" resp="editor" xml:lang="lat">
                            <foreign xml:lang="grc">ἔργων τῆς πόλεως</foreign> Sauppe et Tell.</note>
                        ὥσπερ <add>προεῖπον<note anchored="true" resp="editor" xml:lang="lat">
                                <foreign xml:lang="grc">προεῖπον</foreign> Blass.</note> φρά</add>
                        σαι<note anchored="true" resp="editor" xml:lang="lat">
                            <foreign xml:lang="grc">φράσαι</foreign> Kayser.</note> <add>παρ</add>
                        αλείψω,<note anchored="true" resp="editor" xml:lang="lat">
                            <foreign xml:lang="grc">παραλείψω</foreign> Buecheler: <foreign
                                xml:lang="grc">αλιφω</foreign> S.</note> πε<add>ρὶ δὲ Λεωσθέν</add>ους
                        καὶ τῶν ἄ<add>λλων τοὺς λόγ</add>ους ποιήσομ<add>αι. νῦ</add>ν δὲ πόθεν
                        ἄρξωμα<add>ι λέγων</add>,<note anchored="true" resp="editor" xml:lang="lat">
                            <foreign xml:lang="grc">λέγων</foreign> Sauppe.</note> ἢ τίνος πρῶτον
                        μνησθῶ; πότερα περὶ τοῦ γένους αὐτῶν ἑκάστου διεξέλθω; </p>
                </div>
                <div type="textpart" subtype="section"
                    xml:base="urn:cts:greekLit:tlg0030.tlg006.perseus-grc2" n="7">
                    <p>ἀλλʼ εὔηθες εἶναι ὑπολαμβάνω· τὸ<add>ν</add> μὲν <add>γὰρ</add><note
                            anchored="true" resp="editor" xml:lang="lat">
                            <foreign xml:lang="grc">τὸν μὲν γὰρ</foreign> Schaefer.</note> ἄλλους
                        τινὰς ἀνθρώπους ἐγκωμιάζοντα, <note anchored="true" resp="perseus"
                            type="Papyr" xml:lang="eng">Column 4</note> οἳ πολλαχόθεν εἰς μίαν πόλιν
                        συνεληλυθότες οἰκοῦσι γένος ἴδιον ἕκαστος συνεισενεγκάμενος, τοῦτον<note
                            anchored="true" resp="editor" xml:lang="lat">
                            <foreign xml:lang="grc">τοῦτον</foreign> Cobet: <foreign xml:lang="grc">
                        τούτων</foreign> S.</note> μὲν δεῖ κατʼ ἄνδρα γενεαλογεῖν ἕκαστον· περὶ δὲ
                        Ἀθηναίων ἀνδρῶν τοὺ<add>ς</add> λόγου<add>ς</add> ποιούμενον,<note
                            anchored="true" resp="editor" xml:lang="lat"><app>
                                <lem xml:lang="grc">ποιούμενον</lem>
                            </app> <foreign
                                xml:lang="grc">ποιούμενος</foreign> Cobet.</note> οἷς ἡ κοινὴ
                        γένεσις α<add>ὐτόχ</add>θοσιν οὖσιν ἀνυπέρβλητ<add>ον</add> τὴν εὐγένειαν
                        ἔχει, περίεργον ἡγοῦμαι εἶναι ἰδίᾳ <add>τὰ</add> γένη ἐγκωμιάζειν. </p>
                </div>
                <div type="textpart" subtype="section"
                    xml:base="urn:cts:greekLit:tlg0030.tlg006.perseus-grc2" n="8">
                    <p>ἀλλὰ <add>πε</add>ρὶ τῆς παιδείας αὐτῶν ἐπι<add>μνη</add>σθῶ, καὶ ὡς ἐν πολλῇ
                        ς<add>ωφρο</add>σύνῃ παῖδες ὄντ<add>ες ἐτρά</add>φησαν καὶ ἐπαιδε<add>ύθησαν</add><note
                            anchored="true" resp="editor" xml:lang="lat">
                            <foreign xml:lang="grc">ἐπαιδεύθησαν</foreign> Babington.</note> ὅπερ
                        εἰώθασίν <add>τινες ποι</add>εῖν;<note anchored="true" resp="editor"
                            xml:lang="lat">
                            <foreign xml:lang="grc">τινες ποιεῖν</foreign> Jensen <foreign
                                xml:lang="grc">(ποιεῖν</foreign> iam Lightfoot): <foreign
                                xml:lang="grc">παιδεύειν</foreign> Sauppe.</note> ἀλλʼ οἶμαι π<add>
                        άντας</add> εἰδέναι ὅτι τούτο<add>υ ἕνεκα</add><note anchored="true"
                            resp="editor" xml:lang="lat">
                            <foreign xml:lang="grc">ἕνεκα</foreign> Sauppe.</note> τοὺ<add>ς</add>
                        παῖδας παιδεύο<add>μεν</add>,<note anchored="true" resp="editor"
                            xml:lang="lat">
                            <foreign xml:lang="grc">παιδεύομεν</foreign> Sauppe.</note> ἵνα ἄνδρες
                        ἀγαθοὶ γ<add>ένων</add>ται<note anchored="true" resp="editor" xml:lang="lat">
                            <foreign xml:lang="grc">γένωνται</foreign> Babington.</note>· τοὺς δὲ
                        γεγενημ<add>ένους</add> ἐν τῷ πολέμῳ ἄνδρ<add>ας</add> ὑπερβάλλοντας τῇ ἀ<add>
                        ρετῇ</add>, πρόδηλόν ἐστιν ὅτι πα<add>ῖδες</add> ὄντες καλῶς ἐπαιδε<add>ύθη</add>
                        σαν. </p>
                </div>
                <div type="textpart" subtype="section"
                    xml:base="urn:cts:greekLit:tlg0030.tlg006.perseus-grc2" n="9">
                    <p>ἁπλούστατον ο<add>ὖν ἡ</add>γοῦμαι εἶναι τὴν ἐν τῷ πολέμῳ διεξελθεῖν ἀρετήν,
                        καὶ ὡς πολλῶν ἀγαθῶν αἴτιοι γεγένη<add>ν</add>ται τῇ πατρίδι καὶ τοῖς ἄλλοις
                        Ἕλλησιν. ἄρξομαι δὲ πρῶτον ἀπὸ τοῦ στρατηγοῦ· καὶ γὰρ δίκαιον. </p>
                </div>
                <div type="textpart" subtype="section"
                    xml:base="urn:cts:greekLit:tlg0030.tlg006.perseus-grc2" n="10">
                    <p>Λεωσθένης γὰρ ὁρῶν τὴν Ἑλλάδα πᾶσαν τεταπεινωμένην καὶ<note anchored="true"
                            resp="editor" xml:lang="lat">Post <foreign xml:lang="grc">καὶ</foreign>
                        add. <foreign xml:lang="grc">ὥσπερ</foreign> Kenyon.</note><gap
                            reason="lost" rend=" . . . . . " /> <note anchored="true" resp="perseus"
                            type="Papyr" xml:lang="eng">Column 5</note> ἐπτη<add>χυ</add>ῖαν,
                        κατεφθαρμένην ὑπὸ <add>τῶν</add> δωροδοκούντων παρὰ Φι<add>λίπ</add>που καὶ
                        Ἀλεξάνδρου κατὰ <add>τῶν</add> πατρίδων τῶν αὑτῶν, <add>καὶ τ</add>ὴν μὲν
                        πόλιν ἡμῶν <add>δεομέ</add>νην<note anchored="true" resp="editor"
                            xml:lang="lat">
                            <foreign xml:lang="grc">δεομένην</foreign> Babington, qui coll. 5 et 6
                        plerumque restituit.</note> ἀνδρός, τὴν δʼ Ἑλλά<add>δα πᾶ</add>σαν πόλεως,
                        ἥτις προστῆ<add>ναι δυν</add>ήσεται<note anchored="true" resp="editor"
                            xml:lang="lat">
                            <foreign xml:lang="grc">δυνήσεται</foreign> Schaefer.</note> τῆς
                        ἡγεμονίας, <add>ἐπέδ</add>ωκεν<note anchored="true" resp="editor"
                            xml:lang="lat">
                            <foreign xml:lang="grc">ἐπέδωκεν</foreign> Kayser: <foreign
                                xml:lang="grc">ἀπέδωκεν</foreign> Babington.</note> ἑαυτὸν μὲν τῇ <add>
                        πατρί</add>δι, τὴν δὲ πόλιν τοῖς Ἕλλη<add>σιν</add> εἰς τὴν ἐλευθερίαν· </p>
                </div>
                <div type="textpart" subtype="section"
                    xml:base="urn:cts:greekLit:tlg0030.tlg006.perseus-grc2" n="11">
                    <p>καὶ ξενικὴν μὲν δύναμιν <add>συ</add>στησάμενος, τῆς δὲ πολιτικῆς ἡγεμὼν
                        καταστάς, τοὺς πρώτους ἀντιταξαμένους τῇ τῶν Ἑλλήνων ἐλευθερίᾳ Βοιωτοὺς καὶ
                        Μακεδόνας καὶ Εὐβοέας καὶ τοὺς ἄλλους συμμάχους αὐτῶν ἐνίκησε μαχόμενος ἐν
                        τῇ Βοιωτίᾳ. </p>
                </div>
                <div type="textpart" subtype="section"
                    xml:base="urn:cts:greekLit:tlg0030.tlg006.perseus-grc2" n="12">
                    <p>ἐντεῦθεν δʼ ἐλθὼν εἰς Πύλας καὶ καταλαβὼν τὰς <add>πα</add>ρόδους,<note
                            anchored="true" resp="editor" xml:lang="lat">
                            <foreign xml:lang="grc">παρόδους</foreign> Spengel.</note> διʼ ὧν καὶ
                        πρότερον ἐ<add>πὶ τ</add>οὺς Ἕλληνας οἱ βάρβαροι ἐ<add>πο</add>ρεύθησαν, τῆς
                        μὲν ἐπὶ <add>τὴν</add> Ἑλλάδα πορείας Ἀντίπατρον ἐκώλυσεν, αὐτὸν δὲ <add>κα</add>ταλαβὼν
                        ἐν τοῖς τόποις τού<add>τοι</add>ς καὶ μάχῃ νικήσας, ἐπολι<add>όρ</add>κει
                        κατακλείσας εἰς Λαμίαν. </p>
                </div>
                <div type="textpart" subtype="section"
                    xml:base="urn:cts:greekLit:tlg0030.tlg006.perseus-grc2" n="13">
                    <p>Θετταλοὺς δὲ καὶ Φωκέας καὶ <add>Αἰ</add>τωλοὺς καὶ τοὺς ἄλλους ἅπαντας τοὺς
                        ἐν τῷ τόπῳ συμμάχους ἐποιήσατο, καὶ ὧν Φίλιππος καὶ Ἀλέξανδρος ἀκόντων
                        ἡγούμενοι ἐσεμνύνοντο, τούτων Λεωσθένης ἑκόντων τὴν ἡγεμονίαν ἔλαβεν. συνέβη
                        δʼ αὐτῷ τῶν μὲν πραγμάτων ὧν προείλετο κρατῆσαι, <note anchored="true"
                            resp="perseus" type="Papyr" xml:lang="eng">Column 6</note> τῆς δὲ εἱ<add>
                        μαρ</add>μένης οὐκ ἦν περιγενέ<add>σθαι.</add>
                    </p>
                </div>
                <div type="textpart" subtype="section"
                    xml:base="urn:cts:greekLit:tlg0030.tlg006.perseus-grc2" n="14">
                    <p>δίκαιον δʼ ἐστὶν μὴ μ<add>όνον</add> ὧν ἔπραξεν Λεωσθέν<add>ην ἀε</add>ὶ<note
                            anchored="true" resp="editor" xml:lang="lat">
                            <foreign xml:lang="grc">ἀεὶ</foreign> Jensen (sed in add.: <foreign
                                xml:lang="grc">καὶ) ζῶν</foreign> Kenyon.</note> χάριν ἔχειν αὐτῷ πρ<add>
                        ώτῳ,<note anchored="true" resp="editor" xml:lang="lat">
                                <foreign xml:lang="grc">πρώτῳ</foreign> Blass.</note> ἀ</add>λλὰ καὶ
                        τῆς ὕστερον <add>γενομέν</add>ης μάχης μετὰ τ<add>ὸν ἐκείνο</add>υ<note
                            anchored="true" resp="editor" xml:lang="lat">
                            <foreign xml:lang="grc">ἐκείνου</foreign> Muller.</note> θάνατον, καὶ
                        τῶν <add>ἄλλων ἀγ</add>αθῶν τῶν ἐν τῇ ς<add>τρατείᾳ τ</add>αύτῃ συμβάντων <add>τοῖς
                        Ἕλ</add>λησιν· ἐπὶ γὰρ τοῖς ὑπὸ <add>Λε</add>ωσθένους <add>τε</add>θεῖσιν
                        θεμελίοις οἰκοδομοῦσιν οἱ νῦν τὰς ὕστερον πράξεις. </p>
                </div>
                <div type="textpart" subtype="section"
                    xml:base="urn:cts:greekLit:tlg0030.tlg006.perseus-grc2" n="15">
                    <p>καὶ μηδεὶς ὑπολάβῃ με τῶν ἄλλων πολιτῶν <add>μη</add>δένα λόγον ποιεῖσθαι, <add>
                        ἀλλὰ</add><note anchored="true" resp="editor" xml:lang="lat">
                            <foreign xml:lang="grc">ἀλλὰ</foreign> Sauppe.</note> Λεωσθένη μόν<add>
                        ον</add> ἐγκω<add>μιάζ</add>ειν.<note anchored="true" resp="editor"
                            xml:lang="lat">
                            <foreign xml:lang="grc">ἐγκωμιάζειν</foreign> Sauppe.</note> συμβαίνει
                        γὰρ <add>τὸν Λε</add>ωσθένους ἔπαινον <add>ἐπὶ ταῖ</add>ς μάχαις ἐγκώμιον <add>τῶν
                        ἄλ</add>λων<note anchored="true" resp="editor" xml:lang="lat">
                            <foreign xml:lang="grc">τῶν ἄλλων</foreign> Jensen.</note> πολιτῶν
                        εἶναι· το<add>ῦ μὲν</add> γὰρ βουλεύεσθαι καλ<add>ῶς ὁ στρα</add>τηγὸς
                        αἴτιος, τοῦ δὲ νι<add>κᾶν μαχ</add>ομένους οἱ κινδυν<add>εύειν ἐθ</add>έλοντες
                        τοῖς σώμας<add>ιν· ὥστ</add>ε ὅταν ἐπαιν<add>ῶ τὴν γ</add>εγονυῖαν νίκην,
                        ἅμα τ<add>ῇ Λε</add>ωσθένους ἡγεμονίᾳ καὶ <add>τὴν τ</add>ῶν ἄλλων ἀρετὴν
                        ἐγκωμ<add>ιάς</add>ω.<note anchored="true" resp="editor" xml:lang="lat">
                            <foreign xml:lang="grc">ἐγκωμιάσω</foreign> Stahl: <foreign
                                xml:lang="grc">ἐγκωμιάζω</foreign> Sauppe.</note>
                    </p>
                </div>
                <div type="textpart" subtype="section"
                    xml:base="urn:cts:greekLit:tlg0030.tlg006.perseus-grc2" n="16">
                    <p>τίς γὰρ οὐκ ἂν δικα<add>ίως</add> ἐπαινοίη τῶν πολιτῶ<add>ν το</add>ὺς ἐν
                        τῷδε τῷ πολέμῳ <add>τε</add>λευτήσαντας, οἳ τὰς ἑα<add>υτῶ</add>ν ψυχὰς
                        ἔδωκαν ὑπὲρ τῆ<add>ς τῶ</add>ν Ἑλλήνων ἐλευθερίας, <add>φα</add>νερωτάτην
                        ἀπόδειξιν τ<add>αύτ</add>ην ἡγούμενοι εἶναι τοῦ <add>βούλ</add>εσθαι τῇ
                        Ἑλλάδι <add>τὴν</add> ἐλε<add>υθερ</add>ίαν <note anchored="true"
                            resp="perseus" type="Papyr" xml:lang="eng">Column 7</note> περιθεῖναι,
                        τὸ μαχομ<add>ένους</add><note anchored="true" resp="editor" xml:lang="lat">
                            <foreign xml:lang="grc">μαχομένους</foreign> Sauppe: <foreign
                                xml:lang="grc">μαχόμενοι</foreign> Babington.</note> τελευτῆσαι ὑπὲρ
                        αὐτῆ<add>ς.</add>
                    </p>
                </div>
                <div type="textpart" subtype="section"
                    xml:base="urn:cts:greekLit:tlg0030.tlg006.perseus-grc2" n="17">
                    <p><add>μ</add>έγα δʼ αὐτοῖς συνεβάλετ<add>ο εἰ</add>ς τὸ προθύμως ὑπὲρ τῆς <add>
                        Ἑλλά</add>δος<note anchored="true" resp="editor" xml:lang="lat">Col. 7
                        plerumque restituit Babington: sed <foreign xml:lang="grc">Ἑλλάδος</foreign>
                        et <foreign xml:lang="grc">προτέραν</foreign> Sauppe.</note> ἀγωνίσασθαι τὸ
                        ἐν τῇ <add>Βοιω</add>τίᾳ τὴν μάχην τὴν π<add>ροτέραν</add><note
                            anchored="true" resp="editor" xml:lang="lat">See above note.</note>
                        γενέσθαι. ἑώρων γὰ<add>ρ τὴν μὲν π</add>όλιν τῶν Θηβαίων οἰκτ<add>ρῶς ἠφα</add>νισμένην
                        ἐξ ἀνθρώπων, <add>τὴν δὲ ἀ</add>κρόπολιν αὐτῆς φρουρου<add>μένην</add> ὑπὸ
                        τῶν Μακεδόνων, τὰ δὲ σώματα τῶν ἐνοικούντων ἐξηνδραποδισμένα, τὴν δὲ χώραν
                        ἄλλους διανεμομένους, ὥστε πρὸ ὀφθαλμῶν ὁρώμενα αὐτοῖς τὰ δεινὰ ἄοκνον π<add>
                        αρ</add>εῖχε τόλμα<add>ν</add> εἰς τὸ κινδυνεύειν <add>πρ</add>οχείρως. </p>
                </div>
                <div type="textpart" subtype="section"
                    xml:base="urn:cts:greekLit:tlg0030.tlg006.perseus-grc2" n="18">
                    <p rend="align(indent)">ἀλλὰ μὴν τήν γε π<add>ερὶ Π</add>ύλας<note
                            anchored="true" resp="editor" xml:lang="lat">
                            <foreign xml:lang="grc">περὶ Πύλας</foreign> Cobet.</note> καὶ Λαμίαν
                        μάχην γεν<add>ομέν</add>ην οὐχ ἧττον αὐτοῖς ἔνδο<add>ξον γεν</add>έσθαι
                        συμβέβηκεν ἧς <add>ἐν Βοιω</add>τοῖς ἠγωνίσαντο, οὐ μόνον <add>τῷ μαχο</add>μένους
                        νικᾶν Ἀντίπατρον <add>καὶ τοὺς ς</add>υμμάχους, ἀλλὰ καὶ τῷ τόπῳ <add>τῷ ἐ</add>νταυθοῖ
                        γεγενῆσθαι τὴν μ<add>άχην.</add> ἀφικνούμενοι γὰρ οἱ Ἕλλη<add>νες ἅπα</add>ντες
                        δὶς τοῦ ἐνιαυτοῦ εἰς <add>τὴν Πυλ</add>αίαν, θεωροὶ γενήσοντ<add>αι</add>
                        τῶν ἔργων τῶν π<add>επρα</add>γμένων αὐτοῖς· ἅμα γὰρ εἰς τὸ<add>ν τό</add>πον
                        ἁθροισθήσονται καὶ τῆ<add>ς το</add>ύτων ἀρετῆς μνησθήσοντ<add>αι. </add></p>
                </div>
                <div type="textpart" subtype="section"
                    xml:base="urn:cts:greekLit:tlg0030.tlg006.perseus-grc2" n="19">
                    <p><add>ο</add>ὐδένες γὰρ πώποτε τῶν γεγονότων οὔτε περὶ καλλιόνων οὔτε πρὸς
                        ἰσχυροτέρους οὔτε μετʼ ἐλαττόνων ἠγωνίσαντο, τὴν ἀρετὴν ἰσχὺν καὶ τὴν
                        ἀνδρείαν πλῆθος, ἀλλʼ οὐ τὸν πολὺν ἀριθμὸν τῶν σωμάτων εἶναι κρίνοντες. καὶ
                        τὴν μὲν ἐλευθερίαν εἰς τὸ κοινὸν πᾶσιν κατέθεσαν, τὴν δʼ εὐδοξίαν <add>τὴν</add><note
                            anchored="true" resp="editor" xml:lang="lat">
                            <foreign xml:lang="grc">τὴν</foreign> add. Blass.</note> ἀπὸ τῶν πράξεων
                        ἴδιον στέφανον τῇ πατρίδ<add>ι περι</add>έθηκαν.<note anchored="true"
                            resp="editor" xml:lang="lat">
                            <foreign xml:lang="grc">περιέθηκαν</foreign> Sauppe.</note>
                    </p>
                </div>
                <div type="textpart" subtype="section"
                    xml:base="urn:cts:greekLit:tlg0030.tlg006.perseus-grc2" n="20">
                    <p rend="align(indent)">ἄξιον <note anchored="true" resp="perseus" type="Papyr"
                            xml:lang="eng">Column 8</note> τοίνυν συλλογίσασθαι καὶ τί ἂν συμβῆναι
                        νομίζομεν<note anchored="true" resp="editor" xml:lang="lat">
                            <foreign xml:lang="grc">νομίζομεν</foreign> Kayser: <foreign
                                xml:lang="grc">νομίζοιμεν</foreign> S.</note> μὴ κατὰ τρόπον τούτων
                        ἀγωνισαμένων. ἆρʼ οὐκ ἂν ἑνὸς μὲν δεσπότου τὴν οἰκουμένην ὑπήκοον ἅπασαν
                        εἶναι, νόμῳ δὲ τῷ τούτου τρόπῳ ἐξ ἀνάγκης χρῆσθαι τὴν Ἑλλάδα; συνελόντα δʼ
                        εἰπεῖν, τὴν Μακεδόνων ὑπερηφανίαν καὶ μὴ τὴν τοῦ δικαίου δύναμιν ἰσχύειν
                        παρʼ ἑκάστοις, ὥστε μήτε γυναικῶν μήτε παρθένων μήτε παίδων ὕβρεις<gap
                            reason="lost" rend=" . . . . . . " />ἀνεκλείπτους<note anchored="true"
                            resp="editor" xml:lang="lat">
                            <foreign xml:lang="grc">ἀνεκλείπτους</foreign> plerique edd., qui
                        lacunam indicant: <foreign xml:lang="grc">ἂν ἐκλείπτους</foreign> (verbum
                        ignotum) S: post <foreign xml:lang="grc">ἑκάστοις</foreign> add. <foreign
                                xml:lang="grc">μὴ</foreign> Colin.</note> ἑκάστοις καθεστάναι. </p>
                </div>
                <div type="textpart" subtype="section"
                    xml:base="urn:cts:greekLit:tlg0030.tlg006.perseus-grc2" n="21">
                    <p>φανερὸν δʼ ἐξ ὧν ἀναγκαζόμεθα καὶ νῦν ἔτι<note anchored="true" resp="editor"
                            xml:lang="lat">
                            <foreign xml:lang="grc">ἔτι</foreign> Kayser: <foreign xml:lang="grc">
                        ἐστι</foreign> Cobet: <foreign xml:lang="grc">ἐᾶν</foreign> Caffiaux.</note>·
                        θυσίας μὲν ἀνθρώποις γ<add>ιγνο</add>μένας<note anchored="true"
                            resp="editor" xml:lang="lat">
                            <foreign xml:lang="grc">γιγνομένας</foreign> Cobet.</note> ἐφορᾶν, ἀγάλμ<add>ατα
                        δὲ</add> καὶ βωμοὺς καὶ ναοὺς τοῖ<add>ς μὲν</add> θεοῖς ἀμελῶς, τοῖς δὲ
                        ἀνθρώ<add>ποις</add> ἐπιμελῶς συντελούμενα, καὶ τοὺς <add>τού</add>των<note
                            anchored="true" resp="editor" xml:lang="lat">
                            <foreign xml:lang="grc">τούτων</foreign> Cobet.</note> οἰκέτας ὥσπερ
                        ἥρωας τιμᾶν ἡμᾶς ἀναγκαζομένους. </p>
                </div>
                <div type="textpart" subtype="section"
                    xml:base="urn:cts:greekLit:tlg0030.tlg006.perseus-grc2" n="22">
                    <p>ὅπου δὲ τὰ πρὸς <add>τοὺς</add><note anchored="true" resp="editor"
                            xml:lang="lat">
                            <foreign xml:lang="grc">τοὺς</foreign> add. Cobet.</note> θεοὺς ὅσια διὰ
                        τὴν Μακεδόνων τόλμαν ἀνῄρηται, τί τὰ πρὸς τοὺς ἀνθρώπους<note
                            anchored="true" resp="editor" xml:lang="lat">Post <foreign
                                xml:lang="grc">ἀνθρώπους</foreign> add. <foreign xml:lang="grc">
                        δίκαια</foreign> Fritzsche.</note> χρὴ νομίζειν; ἆρʼ οὐκ ἂν παντελῶς
                        καταλελύσθαι; ὥστε ὅσῳ δεινότερα τὰ προ<add>ς</add>δοκώμενʼ ἂν γενέσθαι
                        κρίνομεν,<note anchored="true" resp="editor" xml:lang="lat">
                            <foreign xml:lang="grc">κρίνομεν</foreign> Kayser: <foreign
                                xml:lang="grc">κρίνοιμεν</foreign> S.</note> τοσούτῳ μειζόνων
                        ἐπαίνων τοὺς τετελευτηκότας ἀξίους χρὴ νομίζειν. </p>
                </div>
                <div type="textpart" subtype="section"
                    xml:base="urn:cts:greekLit:tlg0030.tlg006.perseus-grc2" n="23">
                    <p>οὐδεμία γὰρ στρατεία τὴν <add>τῶν</add><note anchored="true" resp="editor"
                            xml:lang="lat">
                            <foreign xml:lang="grc">τῶν</foreign> add. Babington.</note>
                        στρατευομένων ἀρετὴν ἐνεφάνισεν μᾶλλον τῆς νῦν γεγενημένης, ἐν ᾗ γε
                        παρατάττεσθαι μὲν ὁσημέραι ἀναγκαῖον ἦ<add>ν</add>, πλείους δὲ μάχας
                        ἠγωνίσθαι διὰ μιᾶς στρατ<add>είας</add> ἢ τοὺς <note anchored="true"
                            resp="perseus" type="Papyr" xml:lang="eng">Column 9</note> ἄλλους πάντας
                        πληγὰς<note anchored="true" resp="editor" xml:lang="lat"><app>
                                <lem xml:lang="grc">πληγὰς</lem>
                            </app>
                        del. Cobet.</note> λαμβάνειν ἐν τῷ παρεληλυθότι χρόνῳ, χειμώνων δʼ ὑπερβολὰς
                        καὶ τῶν καθʼ ἡμέ<add>ρα</add>ν ἀναγκαίων ἐνδείας τος<add>αύ</add>τας καὶ
                        τηλικαύτας οὕτως <add>ἐγ</add>κρατῶς ὑπομεμ<add>ε</add>νηκένα<add>ι, ὥς</add>τε
                        καὶ τῷ λόγῳ χαλεπὸν <add>εἶν</add>αι φράσαι. </p>
                </div>
                <div type="textpart" subtype="section"
                    xml:base="urn:cts:greekLit:tlg0030.tlg006.perseus-grc2" n="24">
                    <p rend="align(indent)">τὸν δὴ τοιαύτας καρτερίας ἀόκνως ὑπομεῖναι τοὺ<add>ς</add>
                        πολίτας προτρεψάμενον Λεωσθένη, καὶ τοὺς τῷ τοιούτῳ στρατηγῷ προθύμως
                        συναγωνιστὰς σφᾶς αὐτοὺς παρασχόντας, ἆρʼ οὐ διὰ τὴν τῆς ἀρετῆς ἀπόδειξιν
                        εὐτυχεῖς μᾶλλον ἢ διὰ τὴν τοῦ ζῆν ἀπόλειψιν ἀτυχεῖς νομιστέον; οἵτινες
                        θνητοῦ σώματος ἀθάνατον δόξαν ἐκτήσαντο, καὶ διὰ τὴν ἰδίαν ἀρετὴν τὴν κοινὴν
                        ἐλ<add>ευ</add>θερίαν τοῖς Ἕλλησιν ἐβεβαίωσαν. </p>
                </div>
                <div type="textpart" subtype="section"
                    xml:base="urn:cts:greekLit:tlg0030.tlg006.perseus-grc2" n="25">
                    <p>φέρει γὰρ πᾶσαν εὐδαιμονίαν<note anchored="true" resp="editor" xml:lang="lat">Intercidisse
                        aliquid videtur: ante <foreign xml:lang="grc">πᾶσαν</foreign> add. <foreign
                                xml:lang="grc">οὐδὲν</foreign> Fritzsche: alii alia.</note><gap
                            reason="lost" rend=" . . . . . . " />ἄνευ τῆς αὐτονομίας. ο<add>ὐ</add>
                        γὰρ ἀνδρὸς ἀπειλήν, ἀλλὰ νόμου φωνὴν κυριεύειν δεῖ τῶν εὐδαιμόνων, οὐδʼ
                        αἰτίαν φοβερὰν εἶναι τοῖς ἐλευθέροις, ἀλλʼ ἔλεγχον, οὐδʼ ἐπὶ τοῖς
                        κολακεύουσιν τοὺς δυνάστας καὶ διαβάλλουσιν τοὺ<add>ς</add> πολίτας τὸ τῶν
                        πολιτῶν ἀσφαλές, ἀλλʼ ἐπὶ τῇ τῶν νόμων πίστει γενέσθαι. </p>
                </div>
                <div type="textpart" subtype="section"
                    xml:base="urn:cts:greekLit:tlg0030.tlg006.perseus-grc2" n="26">
                    <p>ὑπὲρ ὧν ἁπάντων οὗτοι πόνους πόνων διαδόχους ποιούμενοι, καὶ τοῖς καθʼ ἡμέραν
                        κινδύνοις τοὺ<add>ς</add> εἰς τὴν ἅπαντα χρόνον φόβους τῶν πολιτῶν καὶ τῶν
                        Ἑλλήνων παραιρούμενοι, τὸ ζῆν ἀνήλωσαν εἰς τὸ τοὺς ἄλλους καλῶς ζῆν. </p>
                </div>
                <div type="textpart" subtype="section"
                    xml:base="urn:cts:greekLit:tlg0030.tlg006.perseus-grc2" n="27">
                    <p>διὰ τούτους πατέρες ἔνδοξοι, μητέρες περίβλε<add>π</add>τοι τοῖς πολίταις
                        γεγόνασι, ἀδελφαὶ γάμων τῶν προσηκόντων ἐννόμως τετυχήκασι καὶ τεύξονται,
                        παῖδες ἐφόδιον εἰς τὴν πρὸς τὸν δῆμον ε<add>ὔνοι</add>αν<note
                            anchored="true" resp="editor" xml:lang="lat">
                            <foreign xml:lang="grc">εὔνοιαν</foreign> Cobet.</note> τὴν τῶν οὐκ
                        ἀπολωλότων <note anchored="true" resp="perseus" type="Papyr" xml:lang="eng">Column
                        10</note> ἀρετήν, οὐ γὰρ θεμιτὸν τούτου τοῦ ὀνόματος τυχεῖν τοὺς οὕτως ὑπὲρ
                        καλῶν τὸ<add>ν</add> βίον ἐκλιπόντας, ἀλλὰ τῶν τὸ ζῆν <add>ε</add>ἰς αἰώνιον
                        τάξιν μετηλλα<add>χό</add>των ἕξουσιν. </p>
                </div>
                <div type="textpart" subtype="section"
                    xml:base="urn:cts:greekLit:tlg0030.tlg006.perseus-grc2" n="28">
                    <p>εἰ γὰρ <add>ὁ τοῖ</add>ς<note anchored="true" resp="editor" xml:lang="lat">
                            <foreign xml:lang="grc">ὁ τοῖς</foreign> Cobet.</note> ἄλλοις ὢν ἀνιαρ<add>
                        ότ</add>ατος<note anchored="true" resp="editor" xml:lang="lat">
                            <foreign xml:lang="grc">ἀνιαρότατος</foreign> Babington.</note> θάνατος
                        τούτοις ἀρχηγὸς μεγάλων ἀγαθῶν γέγονε, πῶς τούτους ο<add>ὐ</add>κ εὐτυχεῖς
                        κρίνειν δίκαιον, ἢ πῶς ἐκλελοιπέναι τὸν βίον, ἀλλʼ οὐκ ἐξ ἀρχῆς γεγονέναι
                        καλλίω γένεσιν τῆς πρώτης ὑπαρξάσης; τότε μὲν γὰρ παῖδες ὄντες ἄφρονες ἦσαν,
                        νῦν δʼ ἄνδρες ἀγαθοὶ γεγόνασιν. </p>
                </div>
                <div type="textpart" subtype="section"
                    xml:base="urn:cts:greekLit:tlg0030.tlg006.perseus-grc2" n="29">
                    <p>καὶ τότε μὲν <add>ἐν</add> πολλῷ<note anchored="true" resp="editor"
                            xml:lang="lat">
                            <foreign xml:lang="grc">ἐν πολλῷ</foreign> Babington: <foreign
                                xml:lang="grc">πολλῶν</foreign> S.</note> χρόνῳ καὶ διὰ πολλῶν
                        κινδύνων τὴν ἀρετὴν ἀπέδειξαν· νῦν δʼ ἀπὸ ταύτης ἀρξα<add>μένους ὑπάρχει</add><note
                            anchored="true" resp="editor" xml:lang="lat">
                            <foreign xml:lang="grc">ἀρξαμένους ὑπάρχει</foreign> Kenyon: <foreign
                                xml:lang="grc">αξαθαι</foreign> S: <foreign xml:lang="grc">ᾁξαντας
                        ἦν</foreign> Jensen in add.: <foreign xml:lang="grc">ὑπάρχει εὐθὺς</foreign>
                        Cobet.</note> γνωρίμους πᾶσι καὶ μνημονευτοὺς διὰ ἀνδραγαθίαν γεγονέναι. </p>
                </div>
                <div type="textpart" subtype="section"
                    xml:base="urn:cts:greekLit:tlg0030.tlg006.perseus-grc2" n="30">
                    <p>τίς <add>γὰρ</add><note anchored="true" resp="editor" xml:lang="lat">
                            <foreign xml:lang="grc">γὰρ</foreign> add. Cobet.</note> κα<add>ι</add>ρὸς
                        ἐν ᾧ τῆς τούτων ἀρετῆς οὐ μνημονεύσομεν; τίς τόπος ἐν ᾧ ζήλου καὶ τῶν
                        ἐντιμοτάτων ἐπαίνων τυγχάνοντας οὐκ ὀψόμεθα; πότερον οὐκ ἐν τοῖς τῆς πόλεως
                        ἀγαθοῖς; ἀλλὰ τὰ διὰ τούτους γεγονότα τ<add>ίνας</add> ἄλλους ἢ τούτους
                        ἐπαινεῖσθ<add>αι</add> καὶ μνήμης τυγχάνειν ποιήσει; ἀλλʼ οὐκ ἐν ταῖς ἰδίαις
                        εὐπραξίαις; ἀλλʼ ἐν τῇ τούτων ἀρετῇ βεβαίως αὐτῶν ἀπολαύσομεν. </p>
                </div>
                <div type="textpart" subtype="section"
                    xml:base="urn:cts:greekLit:tlg0030.tlg006.perseus-grc2" n="31">
                    <p>παρὰ ποίᾳ δὲ τῶν ἡλικιῶν οὐ μακαριστοὶ <note anchored="true" resp="perseus"
                            type="Papyr" xml:lang="eng">Column 11</note> γενήσο<add>νται; πότερον οὐ
                        πα</add>ρὰ<note anchored="true" resp="editor" xml:lang="lat">Col. 11
                        plerumque restituit Blass.</note> τοῖς π<add>ρεσβυτέροις,<note
                                anchored="true" resp="editor" xml:lang="lat">
                                <foreign xml:lang="grc">πρεσβυτέροις</foreign> Cobet: <foreign
                                    xml:lang="grc">γεραιτέροις</foreign> Sauppe.</note> οἳ ἄ</add>φοβον
                        ἄ<add>ξειν τὸν λοιπὸν</add> βίον κα<add>ὶ ἐν τῷ ἀσφαλεῖ</add> γεγενῆς<add>θαι
                        νομίζουσι</add><note anchored="true" resp="editor" xml:lang="lat">
                            <foreign xml:lang="grc">νομίζουσι</foreign> Jensen: <foreign
                                xml:lang="grc">ἡγήσονται</foreign> Blass.</note> διὰ τούτ<add>ους;
                        ἀλλʼ οὐ παρὰ τοῖς</add> ἡλικιώτ<add>αις;</add><gap reason="lost"
                            rend=" . . . . . . " />τελευτὴ <seg type="noparse">φ</seg><gap
                            reason="lost" rend=" . . . . . . . . . . . . " />καλῶς <seg
                            type="noparse">ὠ</seg><gap reason="lost"
                            rend=" . . . . . . . . . . . . " />παρὰ <seg type="noparse">πο</seg><gap
                            reason="lost" rend=" . . . . . . . . . . . . . " /><seg type="noparse">
                        αι</seg> <seg type="noparse">γεγον</seg><gap reason="lost" rend=" . . . . " />
                        ; <add>ἀλλʼ οὐ παρὰ τοῖς</add> νεωτέρο<add>ις καὶ παισίν; </add></p>
                </div>
                <div type="textpart" subtype="section"
                    xml:base="urn:cts:greekLit:tlg0030.tlg006.perseus-grc2" n="32">
                    <p><add>ἔπει</add>τα οὐ τὸν <add>θάνατον ζηλώσου</add>σιν αὐτ<add>ῶν, καὶ αὐτοὶ
                        σπου</add>δάσουσιν <add>μιμεῖσθαι ὡς πα</add>ράδειγμ<add>α τὸν τούτων βίον,
                        ἀνθʼ</add> οὗ τὴν ἀ<add>ρετὴν καταλελοί</add>πασι; </p>
                </div>
                <div type="textpart" subtype="section"
                    xml:base="urn:cts:greekLit:tlg0030.tlg006.perseus-grc2" n="33">
                    <p>οὐκ<add>οῦν ἄξιον εὐδαιμονί</add>ζειν αὐ<add>τοὺς ἐπὶ τοσαύτῃ τι</add>μῇ; ἢ
                        τίνε<add>ς</add><gap reason="lost" rend=" . . . . . . . . . . . . " /><seg
                            type="noparse">φοι</seg> <seg type="noparse">λει</seg><gap reason="lost"
                            rend=" . . . . . . . . . . " /><seg type="noparse">Ἑλλην</seg><gap
                            reason="lost" rend=" . . . . . . . . . . . . . " />τῶν <seg
                            type="noparse">πε</seg><gap reason="lost" rend=" . . . . . . . . . . " />
                        παρὰ <seg type="noparse">πο</seg><gap reason="lost"
                            rend=" . . . . . . . . . . . . " /><add>τῆς</add> Φρυγῶν κ<add>ρατησάσης
                        στρα</add>τείας ἐγ<add>κωμιασθήσεται;</add><gap reason="lost"
                            rend=" . . . . . " /> δὲ τῆς <seg type="noparse">ἐλ</seg><gap
                            reason="lost" rend=" . . . . . . . .  . . . . .  " /><seg type="noparse">
                        τάτοις</seg> <seg type="noparse">ε</seg><gap reason="lost"
                            rend=" . . . . . . . . . . " />ἅπασιν κ<add>αὶ λόγοις καὶ ᾠ</add>δαῖς<note
                            anchored="true" resp="editor" xml:lang="lat">
                            <foreign xml:lang="grc">καὶ λόγοις καὶ ὠδαῖς</foreign> Cobet.</note> <seg
                            type="noparse">ἐπα<add>ιν</add></seg><gap reason="lost"
                            rend=" . . . . . . " />
                    </p>
                </div>
                <div type="textpart" subtype="section"
                    xml:base="urn:cts:greekLit:tlg0030.tlg006.perseus-grc2" n="34">
                    <p><add>ἀμφό</add>τερα γὰρ <seg type="noparse">ε</seg><gap reason="lost"
                            rend=" . . . . . . " />περὶ Λεως<add>θένους</add><gap reason="lost"
                            rend=" . . . . " /> καὶ τῶν τ<add>ελευτησάντων</add> ἐν τῷ πολ<add>έμῳ.<note
                                anchored="true" resp="editor" xml:lang="lat">
                                <foreign xml:lang="grc">ἀμφότερα</foreign> usque ad <foreign
                                    xml:lang="grc">πολέμῳ</foreign> Cobet.</note> εἰ μὲν γὰρ</add>
                        ἡδονῆς ἕν<add>εκεν μνημονεύ</add>ουσιν τὰς τ<add>οιαύτας καρ</add>τερίας, τί
                        γέ<add>νοιτʼ ἂν τοῖς Ἕλ</add>λησιν ἥδι<add>ον ἢ ἔπαινος τῶν</add> τὴν
                        ἐλευθερί<add>αν παρασκευα</add>σάντων ἀ<add>πὸ τῶν Μακεδό</add>νων;<note
                            anchored="true" resp="editor" xml:lang="lat">
                            <foreign xml:lang="grc">εἰ μὲν γὰρ</foreign> usque ad <foreign
                                xml:lang="grc">Μακεδόνων</foreign> post Cobet et alios Blass.</note>
                        εἰ δὲ <add>ὠφελείας ἕνε</add>κεν<note anchored="true" resp="editor"
                            xml:lang="lat">
                            <foreign xml:lang="grc">ὠφελείας ἕνεκεν</foreign> Babington.</note> ἡ
                        τοια<add>ύτη μνήμη</add><note anchored="true" resp="editor" xml:lang="lat">
                            <foreign xml:lang="grc">μνήμη</foreign> Cobet.</note> <note
                            anchored="true" resp="perseus" type="Papyr" xml:lang="eng">Column 12</note>
                        γίγνεται, τίς ἂν λόγος ὠφελήσειεν μᾶλλον τὰς τῶν ἀκουσόντων<note
                            anchored="true" resp="editor" xml:lang="lat"><app>
                                <lem xml:lang="grc">ἀκουσόντων</lem>
                            </app> <foreign
                                xml:lang="grc">ἀκουόντων</foreign> Sauppe.</note> ψυχὰς τοῦ τὴν
                        ἀρετὴν ἐγκωμιάσοντος<note anchored="true" resp="editor" xml:lang="lat"><app>
                                <lem xml:lang="grc">ἐγκωμιάσοντος</lem>
                            </app> <foreign
                                xml:lang="grc">ἐγκωμιάζοντος</foreign> Sauppe.</note> καὶ τοὺς
                        ἀγαθοὺς ἄνδρας; </p>
                </div>
                <div type="textpart" subtype="section"
                    xml:base="urn:cts:greekLit:tlg0030.tlg006.perseus-grc2" n="35">
                    <p rend="align(indent)">ἀλλὰ μὴν ὅτι παρʼ ἡμῖν καὶ τοῖς λοιποῖς<note
                            anchored="true" resp="editor" xml:lang="lat">
                            <foreign xml:lang="grc">λοιποῖς</foreign> Babington: <foreign
                                xml:lang="grc">λόγοις</foreign> S.</note> πᾶσιν εὐδοκιμεῖν αὐτοὺς
                        ἀναγκαῖον, ἐκ τούτων φανερόν ἐστιν· ἐν Ἅιδου δὲ λογίσασθαι ἄξιον, τίνες οἱ
                        τὸν ἡγεμόνα δεξιωσόμενοι τὸν τούτων. ἆρʼ οὐκ ἂν οἰόμεθα ὁρᾶν Λεωσθένη
                        δεξιουμένους καὶ θαυμάζοντας τῶν ἡμιθέων καλουμένων<note anchored="true"
                            resp="editor" xml:lang="lat">
                            <foreign xml:lang="grc">ἡμιθέων καλουμένων</foreign> Cobet: <foreign
                                xml:lang="grc">δεηγορμένων καλουμένους</foreign> S: <foreign
                                xml:lang="grc">διηγμένων καὶ ὑμνουμένων</foreign> in obelis Kenyon: <foreign
                                xml:lang="grc">τῶνδε ἡγούμενον καὶ καλουμένους</foreign> ci. l. a.
                        Post.</note> τοὺς ἐπὶ Τροίαν στρατεύσαντας,<note anchored="true"
                            resp="editor" xml:lang="lat">
                            <foreign xml:lang="grc">τοὺς ἐπὶ Τροίαν στρατεύσαντας</foreign>
                        Babington: <foreign xml:lang="grc">τοὺς ἐπὶ στρατείαν στρασαντ. ς</foreign>
                        S.</note> ὧν οὗτος ἀδελφὰς πράξεις ἐνστησάμενος τοσοῦτον διήνεγκε, ὥστε οἱ
                        μὲν μετὰ πάσης τῆς Ἑλλάδος μίαν πόλιν εἷλον, ὁ δὲ μετὰ τῆς ἑαυτοῦ πατρίδος
                        μόνης πᾶσαν τὴν τῆς Εὐρώπης καὶ τῆς Ἀσίας ἄρχουσαν δύναμιν ἐταπείνωσεν. </p>
                </div>
                <div type="textpart" subtype="section"
                    xml:base="urn:cts:greekLit:tlg0030.tlg006.perseus-grc2" n="36">
                    <p>κἀκεῖνοι μὲν ἕνεκα μιᾶς γυναικὸς ὑβρισθείσης ἤμυναν, ὁ δὲ πασῶν τῶν Ἑλληνίδων
                        τὰς ἐπιφερομένας ὕβρεις ἐκώλυσεν, μετὰ τῶν συνθαπτομένων νῦν αὐτῷ ἀνδρῶν.<note
                            anchored="true" resp="editor" xml:lang="lat">Sic interpunxit Sauppe%10 <foreign
                                xml:lang="grc">ἀνδρῶν,</foreign> et <foreign xml:lang="grc">
                        διαπεπραγμένων.</foreign> Cobet.</note>
                    </p>
                </div>
                <div type="textpart" subtype="section"
                    xml:base="urn:cts:greekLit:tlg0030.tlg006.perseus-grc2" n="37">
                    <p>τῶν <add>δὲ</add><note anchored="true" resp="editor" xml:lang="lat">
                            <foreign xml:lang="grc">δὲ</foreign> add. Sauppe.</note> μετʼ ἐκείνους
                        μὲν γεγενημένων, ἄξια δὲ τῆς ἐκείνων ἀρετῆς διαπεπραγμένων, λέγω δὴ τοὺς
                        περὶ Μιλτιάδην καὶ Θεμιστοκλέα καὶ τοὺς ἄλλους, οἳ τὴν Ἑλλάδα <note
                            anchored="true" resp="perseus" type="Papyr" xml:lang="eng">Column 13</note>
                        ἐλευθερώσαντες ἔντιμον μὲν τὴν πατρίδα κατέστησαν, </p>
                </div>
                <div type="textpart" subtype="section"
                    xml:base="urn:cts:greekLit:tlg0030.tlg006.perseus-grc2" n="38">
                    <p>ἔνδοξον <add>δὲ</add><note anchored="true" resp="editor" xml:lang="lat">
                            <foreign xml:lang="grc">δὲ</foreign> add. Babington.</note> τὸν αὑτῶν
                        βίον ἐποίησαν, ὧν οὗτος τοσοῦτον ὑπερέσχεν ἀνδρείᾳ καὶ φρονήσει, ὅσον οἱ μὲν
                        ἐπελθοῦσαν τὴ<add>ν</add> τῶν βαρβάρων δύναμιν ἠμύναντο, ὁ δὲ μηδʼ ἐπελθεῖν
                        ἐποίησεν. κἀκεῖνοι μὲν ἐν τῇ οἰκ<add>ε</add>ίᾳ τοὺς ἐχθ<add>ρ</add>οὺς
                        ἐπεῖδον ἀγωνιζομένους, οὗτος δὲ ἐν τῇ τῶν ἐχθρῶν περιεγένετο τῶν ἀντιπάλων. </p>
                </div>
                <div type="textpart" subtype="section"
                    xml:base="urn:cts:greekLit:tlg0030.tlg006.perseus-grc2" n="39">
                    <p rend="align(indent)">οἶμαι δὲ καὶ <add>τοὺς</add><note anchored="true"
                            resp="editor" xml:lang="lat">
                            <foreign xml:lang="grc">τοὺς</foreign> add. Babington.</note> τὴν πρὸς
                        ἀλλήλους φιλίαν τῷ δήμῳ βεβαιότατα ἐνδειξαμένους, λέγω δὲ Ἁρμόδιον καὶ
                        Ἀριστογείτονα, οὐθένας οὕτως αὑτοῖς οἰκειοτέρους ὑμῖν εἶναι νομίζειν ὡς <note
                            anchored="true" resp="editor" xml:lang="lat">
                            <foreign xml:lang="grc">οὐθένας</foreign> usque ad <foreign
                                xml:lang="grc">ὡς</foreign> locus corruptus: <foreign xml:lang="grc">οὐδένας
                        οὕτως αὑτοῖς οἰκείους ἂν εἶναι</foreign> Sauppe: <foreign xml:lang="grc">οὐδαμῶς
                        αὑτοὺς οἰκειοτέρους ὑμῖν εἶναι νομίζειν ἢ</foreign> Kenyon: <foreign
                                xml:lang="grc">οἰκείους ἑτέρους</foreign> pro <foreign
                                xml:lang="grc">οἰκειοτέρους</foreign> ci. L. A. Post. Alii alia.</note>
                        Λεωσθέ<add>ν</add>η καὶ τοὺς ἐκείνῳ συναγωνισαμένους, οὐδʼ ἔστιν οἷς ἂν
                        μᾶλλον ἢ τούτοις πλησιάσειαν ἐν Ἅιδου. εἰκότως· οὐκ ἐλάττω γὰρ ἐκείνων ἔργα
                        διεπράξαντο, ἀλλʼ εἰ δέον εἰπεῖν, καὶ μείζω. οἱ μὲν γὰρ τοὺς τῆς πατρίδος
                        τυράννους <add>κα</add>τέλυσαν, οὗτοι δὲ τοὺς τῆς Ἑλλάδος ἁπάσης. </p>
                </div>
                <div type="textpart" subtype="section"
                    xml:base="urn:cts:greekLit:tlg0030.tlg006.perseus-grc2" n="40">
                    <p>ὢ καλῆς μὲν καὶ παραδόξου τόλμης τῆς πραχθείσης ὑπὸ τῶνδε τῶν ἀνδρῶν, ἐνδόξου
                        δὲ καὶ μεγαλοπρεποῦς προαιρέσεως ἧς προείλοντο, ὑπερβαλλούσης δὲ ἀρετῆς καὶ
                        ἀνδραγαθίας τῆς ἐν τοῖς κινδύνοις, ἣν οὗτοι παρασχόμενοι εἰς τὴν κοινὴν
                        ἐλευθερίαν τῶν Ἑλλήνων<gap reason="lost" rend=" . . . " /> <lb /><gap
                            reason="lost" rend=" * * * * * * * * " /></p>
                </div>
                <div type="textpart" subtype="section"
                    xml:base="urn:cts:greekLit:tlg0030.tlg006.perseus-grc2" n="41">
                    <p rend="align(indent)">χαλεπὸν<note anchored="true" resp="editor"
                            xml:lang="lat">Epilogus apud Stobaeum, Florileg. cxxiv. 36 servatus est.</note>
                        μὲν ἴσως ἐστὶ τοὺς ἐν τοῖς τοιούτοις ὄντας πάθεσι παραμυθεῖσθαι. τὰ γὰρ
                        πένθη οὔτε λόγῳ οὔτε νόμῳ κοιμίζεται, ἀλλʼ ἡ φύσις ἑκάστου καὶ φιλία πρὸς
                        τὸν τελευτήσαντα <add>τὸν</add><note anchored="true" resp="editor"
                            xml:lang="lat">
                            <foreign xml:lang="grc">τὸν</foreign> add. Sauppe.</note> ὁρισμὸν ἔχει
                        τοῦ λυπεῖσθαι. ὅμως δὲ χρὴ θαρρεῖν καὶ τῆς λύπης παραιρεῖν<note
                            anchored="true" resp="editor" xml:lang="lat">
                            <foreign xml:lang="grc">παραιρεῖν</foreign> Gesner: <foreign
                                xml:lang="grc">παραινεῖν</foreign> codd.</note> εἰς τὸ ἐνδεχόμενον,
                        καὶ μεμνῆσθαι μὴ μόνον τοῦ θανάτου τῶν τετελευτηκότων, ἀλλὰ καὶ τῆς ἀρετῆς
                        ἧς καταλελοίπασιν. </p>
                </div>
                <div type="textpart" subtype="section"
                    xml:base="urn:cts:greekLit:tlg0030.tlg006.perseus-grc2" n="42">
                    <p>εἰ<note anchored="true" resp="editor" xml:lang="lat">
                            <foreign xml:lang="grc">εἰ</foreign> Leopardi: <foreign xml:lang="grc">
                        οὐ</foreign> codd.</note> γὰρ θρήνων ἄξια πεπόνθασιν, ἀλλʼ ἐπαίνων μεγάλων
                        πεποιήκασιν. εἰ δὲ γήρως θνητοῦ μὴ μετέσχον, ἀλλʼ εὐδοξίαν ἀγήρατον
                        εἰλήφασιν, εὐδαίμονές τε γεγόνασι κατὰ πάντα. ὅσοι μὲν γὰρ αὐτῶν ἄπαιδες
                        τετελευτήκασιν, οἱ παρὰ τῶν Ἑλλήνων ἔπαινοι παῖδες αὐτῶν ἀθάνατοι ἔσονται.
                        ὅσοι δὲ παῖδας καταλελοίπασιν, ἡ τῆς πατρίδος εὔνοια ἐπίτροπος αὐτοῖς τῶν
                        παίδων καταστήσεται. </p>
                </div>
                <div type="textpart" subtype="section"
                    xml:base="urn:cts:greekLit:tlg0030.tlg006.perseus-grc2" n="43">
                    <p>πρὸς δὲ τούτοις, εἰ μέν ἐστι τὸ ἀποθανεῖν ὅμοιον τῷ μὴ γενέσθαι, ἀπηλλαγμένοι
                        εἰσὶ νόσων καὶ λύπης καὶ τῶν ἄλλων τῶν προσπιπτόντων εἰς τὸν ἀνθρώπινον
                        βίον· εἰ δʼ ἔστιν αἴσθησις ἐν Ἅιδου καὶ ἐπιμέλεια παρὰ τοῦ δαιμονίου, ὥσπερ
                        ὑπολαμβάνομεν, εἰκὸς<note anchored="true" resp="editor" xml:lang="lat">
                            <foreign xml:lang="grc">εἰκὸς</foreign> Toup: <foreign xml:lang="grc">
                        εἶναι</foreign> vel <foreign xml:lang="grc">εἴη</foreign> codd.</note> τοὺς
                        ταῖς τιμαῖς τῶν θεῶν καταλυομέναις βοηθήσαντας πλείστης κηδεμονίας<note
                            anchored="true" resp="editor" xml:lang="lat">
                            <foreign xml:lang="grc">κηδεμονίας</foreign> Ruhnken: <foreign
                                xml:lang="grc">ἐπιμελείας</foreign> vel <foreign xml:lang="grc">
                        εὐδαιμονίας</foreign> codd.: <foreign xml:lang="grc">ἐπιμελείας καὶ
                        κηδεμονίας</foreign> Fuhr.</note> ὑπὸ τοῦ δαιμονίου τυγχάνειν<gap
                            reason="lost" rend=" . . . . " /></p>
                </div>
            </div>

        </body>
    </text>
</TEI>