<?xml version="1.0" encoding="UTF-8"?> <?xml-model href="http://www.stoa.org/epidoc/schema/latest/tei-epidoc.rng" schematypens="http://relaxng.org/ns/structure/1.0"?>
<TEI xmlns="http://www.tei-c.org/ns/1.0">
  <teiHeader>
    <fileDesc>
      <titleStmt>
        <title>Epitafios</title>
        <author>Lysias</author>
        <editor>W.R.M. Lamb</editor>
        <sponsor>Perseus Project, Tufts University</sponsor>
        <principal>Gregory Crane</principal>
        <respStmt>
          <resp>Prepared under the supervision of</resp>
          <name>Lisa Cerrato</name>
          <name>William Merrill</name>
          <name>Elli Mylonas</name>
          <name>David Smith</name>
        </respStmt>
        <funder n="org:AnnCPB">The Annenberg CPB/Project</funder>

      </titleStmt>
      <publicationStmt>
        <publisher>Trustees of Tufts University</publisher>
        <pubPlace>Medford, MA</pubPlace>
        <authority>Perseus Project</authority>
      </publicationStmt>


      <sourceDesc>
        <biblStruct>
          <monogr>
            <author>Lysias</author>
            <title>Lysias</title>
            <editor>W.R.M. Lamb</editor>
            <imprint>
              <pubPlace>London</pubPlace>
              <publisher>William Heinemann Ltd.</publisher>
              <pubPlace>Cambridge, MA</pubPlace>
              <publisher>Harvard University Press</publisher>
              <date>1930</date>
            </imprint>
          </monogr>
          <ref target="https://archive.org/details/lysiaslamb00lysiuoft/page/30/mode/2up">Internet
            Archive</ref>
        </biblStruct>
      </sourceDesc>

    </fileDesc>
    <encodingDesc>
      <refsDecl n="CTS">
        <cRefPattern
          replacementPattern="#xpath(/tei:TEI/tei:text/tei:body/tei:div/tei:div[@n='$1'])"
          matchPattern="(\w+)">
          <p>This pointer pattern extracts section</p>
        </cRefPattern>
      </refsDecl>

      <!--<refsDecl>
        <refState unit="speech"/>
        <refState unit="section"/>
      </refsDecl>-->
    </encodingDesc>

    <profileDesc>
      <langUsage>
        <language ident="grc">Greek</language>
        <language ident="eng">English</language>
      </langUsage>
    </profileDesc>
    <revisionDesc>
      <change when="2017-05-01" who="Lisa Cerrato">EpiDoc and CTS conversion</change>
      <change when="2014-08-01" who="Stella Dee">edited markup</change>
      <change when="2014-07-01" who="Stella Dee">split composite text and converted to
        unicode</change>
      <change when="1992-10-01" who="das">changed the TITLE to HEAD tags; combined the two Lysias
        files</change>
      <change when="1992-07-01" who="das">fixed typos and incorrect section breaks</change>
      <change when="1992-06-01" who="wmerrill">checkmark</change>
      <change when="1992-02-01" who="wmerrill">revise markup</change>
    </revisionDesc>
  </teiHeader>

  <text xml:lang="grc">
    <body>
      <div n="urn:cts:greekLit:tlg0540.tlg002.perseus-grc2" type="edition" xml:lang="grc">

        <div type="textpart" subtype="section" n="1">
          <p><milestone unit="para" ed="P" />εἰ μὲν ἡγούμην οἷόν τε εἶναι, ὦ παρόντες ἐπὶ τῷδε τῷ
            τάφῳ, λόγῳ δηλῶσαι τὴν τῶν ἐνθάδε κειμένων ἀνδρῶν ἀρετήν, ἐμεμψάμην ἂν τοῖς ἐπαγγείλασιν
            ἐπʼ αὐτοῖς ἐξ ὀλίγων ἡμερῶν λέγειν· ἐπειδὴ δὲ πᾶσιν ἀνθρώποις ὁ πᾶς χρόνος οὐχ ἱκανὸς
            λόγον ἴσον παρασκευάσαι τοῖς τούτων ἔργοις, διὰ τοῦτο καὶ ἡ πόλις μοι δοκεῖ, προνοουμένη
            τῶν ἐνθάδε λεγόντων, ἐξ ὀλίγου τὴν πρόσταξιν ποιεῖσθαι, ἡγουμένη οὕτως ἂν μάλιστα
            συγγνώμης αὐτοὺς παρὰ τῶν ἀκουσάντων τυγχάνειν. </p>
        </div>

        <div type="textpart" subtype="section" n="2">
          <p>ὅμως δὲ ὁ μὲν λόγος μοι περὶ τούτων, ὁ δʼ ἀγὼν οὐ πρὸς τὰ τούτων ἔργα ἀλλὰ πρὸς τοὺς
            πρότερον ἐπʼ αὐτοῖς εἰρηκότας. τοσαύτην γὰρ ἀφθονίαν παρεσκεύασεν ἡ τούτων ἀρετὴ καὶ
            τοῖς ποιεῖν δυναμένοις καὶ τοῖς εἰπεῖν βουληθεῖσιν, ὥστε καλὰ μὲν πολλὰ τοῖς προτέροις
            περὶ αὐτῶν εἰρῆσθαι, πολλὰ δὲ καὶ ἐκείνοις παραλελεῖφθαι, ἱκανὰ δὲ καὶ τοῖς
            ἐπιγιγνομένοις ἐξεῖναι εἰπεῖν· οὔτε γὰρ γῆς ἄπειροι οὔτε θαλάττης οὐδεμιᾶς, πανταχῇ δὲ
            καὶ παρὰ πᾶσιν ἀνθρώποις οἱ τὰ αὑτῶν πενθοῦντες κακὰ τὰς τούτων ἀρετὰς ὑμνοῦσι. </p>
        </div>
        <div type="textpart" subtype="section" n="3">
          <p><milestone unit="para" ed="P" />πρῶτον μὲν οὖν τοὺς παλαιοὺς κινδύνους τῶν προγόνων
            δίειμι, μνήμην παρὰ τῆς φήμης λαβών· ἄξιον γὰρ πᾶσιν ἀνθρώποις κἀκείνων μεμνῆσθαι,
            ὑμνοῦντας μὲν ἐν ταῖς ᾠδαῖς, λέγοντας δʼ ἐν ταῖς τῶν ἀγαθῶν γνώμαις, τιμῶντας δʼ ἐν τοῖς
            καιροῖς τοῖς τοιούτοις, παιδεύοντας δʼ ἐν τοῖς τῶν τεθνεώτων ἔργοις τοὺς ζῶντας.</p>
        </div>
        <div type="textpart" subtype="section" n="4">
          <p><milestone unit="para" ed="P" />Ἀμαζόνες γὰρ Ἄρεως μὲν τὸ παλαιὸν ἦσαν θυγατέρες,
            οἰκοῦσαι <del>δὲ</del><note resp="Loeb" anchored="true"><foreign xml:lang="grc"
              >δὲ</foreign>
            del. Markland.</note> παρὰ τὸν Θερμώδοντα ποταμόν, μόναι μὲν ὡπλισμέναι σιδήρῳ τῶν περὶ
            αὐτάς, πρῶται δὲ τῶν πάντων ἐφʼ ἵππους ἀναβᾶσαι, οἷς ἀνελπίστως διʼ ἀπειρίαν τῶν
            ἐναντίων ᾕρουν μὲν τοὺς φεύγοντας, ἀπέλειπον δὲ διώκοντας· ἐνομίζοντο δὲ διὰ τὴν
            εὐψυχίαν μᾶλλον ἄνδρες ἢ διὰ τὴν φύσιν γυναῖκες· πλέον γὰρ ἐδόκουν τῶν ἀνδρῶν ταῖς
            ψυχαῖς διαφέρειν ἢ ταῖς ἰδέαις ἐλλείπειν. </p>
        </div>

        <div type="textpart" subtype="section" n="5">
          <p>ἄρχουσαι δὲ πολλῶν ἐθνῶν, καὶ ἔργῳ μὲν τοὺς περὶ αὐτὰς καταδεδουλωμέναι, λόγῳ δὲ περὶ
            τῆσδε τῆς χώρας ἀκούουσαι κλέος μέγα, πολλῆς δόξης καὶ μεγάλης ἐλπίδος χάριν
            παραλαβοῦσαι τὰ μαχιμώτατα τῶν ἐθνῶν ἐστράτευσαν ἐπὶ τήνδε τὴν πόλιν. τυχοῦσαι δʼ ἀγαθῶν
            ἀνδρῶν ὁμοίας ἐκτήσαντο τὰς ψυχὰς τῇ φύσει, καὶ ἐναντίαν τὴν δόξαν τῆς προτέρας λαβοῦσαι
            μᾶλλον ἐκ τῶν κινδύνων ἢ ἐκ τῶν σωμάτων ἔδοξαν εἶναι γυναῖκες. </p>
        </div>

        <div type="textpart" subtype="section" n="6">
          <p>μόναις δʼ αὐταῖς οὐκ ἐξεγένετο ἐκ τῶν ἡμαρτημένων μαθούσαις περὶ τῶν λοιπῶν ἄμεινον
            βουλεύσασθαι, οὐδʼ οἴκαδε ἀπελθούσαις ἀπαγγεῖλαι τήν τε σφετέραν αὐτῶν δυστυχίαν καὶ τὴν
            τῶν ἡμετέρων προγόνων ἀρετήν· αὐτοῦ γὰρ ἀποθανοῦσαι, καὶ δοῦσαι δίκην τῆς ἀνοίας, τῆσδε
            μὲν τῆς πόλεως διὰ τὴν ἀρετὴν ἀθάνατον <add>τὴν</add><note resp="Loeb" anchored="true"
            ><foreign
                xml:lang="grc">τὴν</foreign> add. Sauppe</note> μνήμην ἐποίησαν<note
              resp="Loeb" anchored="true"><foreign xml:lang="grc">ἐποίησαν</foreign> Bekker: <foreign
                xml:lang="grc">ἐποιήσαντο</foreign> MSS.</note>, τὴν δὲ ἑαυτῶν πατρίδα διὰ τὴν
            ἐνθάδε συμφορὰν ἀνώνυμον κατέστησαν. ἐκεῖναι μὲν οὖν τῆς ἀλλοτρίας ἀδίκως ἐπιθυμήσασαι
            τὴν ἑαυτῶν δικαίως ἀπώλεσαν. </p>
        </div>

        <div type="textpart" subtype="section" n="7">
          <p><milestone unit="para" ed="P" />Ἀδράστου δὲ καὶ Πολυνείκους ἐπὶ Θήβας στρατευσάντων καὶ
            ἡττηθέντων μάχῃ, οὐκ ἐώντων Καδμείων θάπτειν τοὺς νεκρούς, Ἀθηναῖοι ἡγησάμενοι ἐκείνους
            μέν, εἴ τι ἠδίκουν, ἀποθανόντας δίκην ἔχειν τὴν μεγίστην, τοὺς δὲ κάτω τὰ αὑτῶν οὐ
            κομίζεσθαι, ἱερῶν δὲ μιαινομένων τοὺς ἄνω θεοὺς ἀσεβεῖσθαι, τὸ μὲν πρῶτον πέμψαντες
            κήρυκας ἐδέοντο αὐτῶν δοῦναι τῶν νεκρῶν ἀναίρεσιν, </p>
        </div>

        <div type="textpart" subtype="section" n="8">
          <p>νομίζοντες ἀνδρῶν μὲν ἀγαθῶν εἶναι ζῶντας τοὺς ἐχθροὺς τιμωρήσασθαι, ἀπιστούντων δὲ
            σφίσιν αὐτοῖς ἐν τοῖς τῶν τεθνεώτων σώμασι τὴν εὐψυχίαν ἐπιδείκνυσθαι· οὐ δυνάμενοι δὲ
            τούτων τυχεῖν ἐστράτευσαν ἐπʼ αὐτούς, οὐδεμιᾶς διαφορᾶς πρότερον πρὸς Καδμείους
            ὑπαρχούσης, οὐδὲ τοῖς ζῶσιν Ἀργείων χαριζόμενοι, </p>
        </div>

        <div type="textpart" subtype="section" n="9">
          <p>ἀλλὰ τοὺς τεθνεῶτας ἐν τῷ πολέμῳ ἀξιοῦντες τῶν νομιζομένων τυγχάνειν πρὸς τοὺς ἑτέρους
            ὑπὲρ ἀμφοτέρων ἐκινδύνευσαν, ὑπὲρ μὲν τῶν, ἵνα μηκέτι εἰς τοὺς τεθνεῶτας ἐξαμαρτάνοντες
            πλείω περὶ τοὺς θεοὺς ἐξυβρίσωσιν, ὑπὲρ δὲ τῶν ἑτέρων, ἵνα μὴ πρότερον εἰς τὴν αὑτῶν
            ἀπέλθωσι πατρίου τιμῆς ἀτυχήσαντες καὶ Ἑλληνικοῦ νόμου στερηθέντες καὶ κοινῆς ἐλπίδος
            ἡμαρτηκότες. </p>
        </div>

        <div type="textpart" subtype="section" n="10">
          <p>ταῦτα διανοηθέντες, καὶ τὰς ἐν τῷ πολέμῳ τύχας κοινὰς ἁπάντων ἀνθρώπων νομίζοντες,
            πολλοὺς μὲν πολεμίους κτώμενοι, τὸ δὲ δίκαιον ἔχοντες σύμμαχον ἐνίκων μαχόμενοι. καὶ οὐχ
            ὑπὸ τῆς τύχης ἐπαρθέντες μείζονος παρὰ Καδμείων τιμωρίας ἐπεθύμησαν, ἀλλʼ ἐκείνοις μὲν
            ἀντὶ τῆς ἀσεβείας τὴν ἑαυτῶν ἀρετὴν ἐπεδείξαντο, αὐτοὶ δὲ λαβόντες τὰ ἆθλα ὧνπερ ἕνεκα
            ἀφίκοντο, τοὺς Ἀργείων νεκρούς, ἔθαψαν ἐν τῇ αὑτῶν Ἐλευσῖνι. περὶ μὲν οὖν τοὺς
            ἀποθανόντας τῶν ἑπτὰ ἐπὶ Θήβας τοιοῦτοι γεγόνασιν. </p>
        </div>

        <div type="textpart" subtype="section" n="11">
          <p><milestone unit="para" ed="P" />ὑστέρῳ δὲ χρόνῳ, ἐπειδὴ Ἡρακλῆς μὲν ἐξ ἀνθρώπων
            ἠφανίσθη, οἱ δὲ παῖδες αὐτοῦ ἔφευγον μὲν Εὐρυσθέα, ἐξηλαύνοντο δὲ ὑπὸ πάντων τῶν
            Ἑλλήνων, αἰσχυνομένων μὲν τοῖς ἔργοις, φοβουμένων δὲ τὴν Εὐρυσθέως δύναμιν, ἀφικόμενοι
            εἰς τήνδε τὴν πόλιν ἱκέται ἐπὶ τῶν βωμῶν ἐκαθέζοντο· </p>
        </div>

        <div type="textpart" subtype="section" n="12">
          <p>ἐξαιτουμένου δὲ αὐτοὺς Εὐρυσθέως Ἀθηναῖοι οὐκ ἠθέλησαν ἐκδοῦναι, ἀλλὰ τὴν Ἡρακλέους
            ἀρετὴν μᾶλλον ᾐδοῦντο ἢ τὸν κίνδυνον τὸν ἑαυτῶν ἐφοβοῦντο, καὶ ἠξίουν ὑπὲρ τῶν
            ἀσθενεστέρων μετὰ τοῦ δικαίου διαμάχεσθαι μᾶλλον ἢ τοῖς δυναμένοις χαριζόμενοι τοὺς ὑπʼ
            ἐκείνων ἀδικουμένους ἐκδοῦναι. </p>
        </div>

        <div type="textpart" subtype="section" n="13">
          <p>ἐπιστρατεύσαντος δʼ Εὐρυσθέως μετὰ τῶν ἐν ἐκείνῳ τῷ χρόνῳ Πελοπόννησον ἐχόντων, οὐκ
            ἐγγὺς τῶν δεινῶν γενόμενοι μετέγνωσαν, ἀλλὰ τὴν αὐτὴν εἶχον γνώμην ἥνπερ πρότερον,
            ἀγαθὸν μὲν οὐδὲν ἰδίᾳ ὑπὸ τοῦ πατρὸς αὐτῶν πεπονθότες, ἐκείνους τʼ οὐκ εἰδότες ὁποῖοί
            τινες ἄνδρες ἔσονται γενόμενοι· δίκαιον δὲ νομίζοντες εἶναι, </p>
        </div>

        <div type="textpart" subtype="section" n="14">
          <p>οὐ προτέρας ἔχθρας ὑπαρχούσης πρὸς Εὐρυσθέα, οὐδὲ κέρδους προκειμένου πλὴν δόξης
            ἀγαθῆς, τοσοῦτον κίνδυνον ὑπὲρ αὐτῶν ἤραντο, τοὺς μὲν ἀδικουμένους ἐλεοῦντες, τοὺς δʼ
            ὑβρίζοντας μισοῦντες, καὶ τοὺς μὲν κωλύειν ἐπιχειροῦντες, τοῖς δʼ ἐπικουρεῖν ἀξιοῦντες,
            ἡγούμενοι ἐλευθερίας μὲν σημεῖον εἶναι μηδὲν ποιεῖν ἄκοντας, δικαιοσύνης δὲ τοῖς
            ἀδικουμένοις βοηθεῖν, εὐψυχίας δʼ ὑπὲρ τούτων ἀμφοτέρων, εἰ δέοι, </p>
        </div>

        <div type="textpart" subtype="section" n="15">
          <p>μαχομένους ἀποθνῄσκειν. τοσοῦτον δʼ ἐφρόνουν ἀμφότεροι, ὥσθʼ οἱ μὲν μετʼ Εὐρυσθέως
            οὐδὲν παρʼ ἑκόντων ἐζήτουν εὑρίσκεσθαι, Ἀθηναῖοι δὲ οὐκ ἠξίουν Εὐρυσθέα αὐτὸν ἱκετεύοντα
            τοὺς ἱκέτας αὐτῶν ἐξελεῖν. παραταξάμενοι δʼ ἰδίᾳ δυνάμει τὴν ἐξ ἁπάσης Πελοποννήσου
            στρατιὰν ἐλθοῦσαν ἐνίκων μαχόμενοι, καὶ τῶν Ἡρακλέους παίδων τὰ μὲν σώματα εἰς ἄδειαν
            κατέστησαν, ἀπαλλάξαντες δὲ τοῦ δέους καὶ τὰς ψυχὰς ἠλευθέρωσαν, διὰ δὲ τὴν τοῦ πατρὸς
            ἀρετὴν ἐκείνους τοῖς αὑτῶν κινδύνοις ἐστεφάνωσαν. </p>
        </div>

        <div type="textpart" subtype="section" n="16">
          <p>τοσοῦτον δὲ εὐτυχέστεροι παῖδες ὄντες ἐγένοντο τοῦ πατρός· ὁ μὲν γάρ, καίπερ ὢν ἀγαθῶν
            πολλῶν αἴτιος ἅπασιν ἀνθρώποις, ἐπίπονον καὶ φιλόνικον καὶ φιλότιμον αὑτῷ καταστήσας τὸν
            βίον τοὺς μὲν ἄλλους ἀδικοῦντας ἐκόλασεν, Εὐρυσθέα δὲ καὶ ἐχθρὸν ὄντα καὶ εἰς αὐτὸν
            ἐξαμαρτάνοντα οὐχ οἷός τε ἦν τιμωρήσασθαι οἱ δὲ παῖδες αὐτοῦ διὰ τήνδε τὴν πόλιν τῇ αὐτῇ
            εἶδον ἡμέρᾳ τήν θʼ ἑαυτῶν σωτηρίαν καὶ τὴν· τῶν ἐχθρῶν τιμωρίαν. </p>
        </div>

        <div type="textpart" subtype="section" n="17">
          <p><milestone unit="para" ed="P" />πολλὰ μὲν ὑπῆρχε τοῖς ἡμετέροις προγόνοις μιᾷ γνώμῃ
            χρωμένοις περὶ τοῦ δικαίου διαμάχεσθαι· ἥ τε γὰρ ἀρχὴ τοῦ βίου δικαία· οὐ γάρ, ὥσπερ οἱ
            πολλοί, πανταχόθεν συνειλεγμένοι καὶ ἑτέρους ἐκβαλόντες τὴν ἀλλοτρίαν ᾤκησαν, ἀλλʼ
            αὐτόχθονες ὄντες τὴν αὐτὴν ἐκέκτηντο μητέρα καὶ πατρίδα. </p>
        </div>

        <div type="textpart" subtype="section" n="18">
          <p>πρῶτοι δὲ καὶ μόνοι ἐν ἐκείνῳ τῷ χρόνῳ ἐκβαλόντες τὰς παρὰ σφίσιν αὐτοῖς δυναστείας
            δημοκρατίαν κατεστήσαντο, ἡγούμενοι τὴν πάντων ἐλευθερίαν ὁμόνοιαν εἶναι μεγίστην,
            κοινὰς δʼ ἀλλήλοις τὰς ἐκ τῶν κινδύνων ἐλπίδας ποιήσαντες ἐλευθέραις ταῖς ψυχαῖς
            ἐπολιτεύοντο, </p>
        </div>

        <div type="textpart" subtype="section" n="19">
          <p>νόμῳ τοὺς ἀγαθοὺς τιμῶντες καὶ τοὺς κακοὺς κολάζοντες, ἡγησάμενοι θηρίων μὲν ἔργον
            εἶναι ὑπʼ ἀλλήλων βίᾳ κρατεῖσθαι, ἀνθρώποις δὲ προσήκειν νόμῳ μὲν ὁρίσαι τὸ δίκαιον,
            λόγῳ δὲ πεῖσαι, ἔργῳ δὲ τούτοις ὑπηρετεῖν, ὑπὸ νόμου μὲν βασιλευομένους, ὑπὸ λόγου δὲ
            διδασκομένους. </p>
        </div>

        <div type="textpart" subtype="section" n="20">
          <p><milestone unit="para" ed="P" /> καὶ γάρ τοι καὶ φύντες καλῶς καὶ γνόντες ὅμοια, πολλὰ
            μὲν καλὰ καὶ θαυμαστὰ οἱ πρόγονοι τῶν ἐνθάδε κειμένων εἰργάσαντο, ἀείμνηστα δὲ καὶ
            μεγάλα καὶ πανταχοῦ οἱ ἐξ ἐκείνων γεγονότες τρόπαια διὰ τὴν αὑτῶν ἀρετὴν κατέλιπον.
            μόνοι γὰρ ὑπὲρ ἁπάσης τῆς Ἑλλάδος πρὸς πολλὰς μυριάδας τῶν βαρβάρων διεκινδύνευσαν. </p>
        </div>

        <div type="textpart" subtype="section" n="21">
          <p> ὁ γὰρ τῆς Ἀσίας βασιλεὺς οὐκ ἀγαπῶν τοῖς ὑπάρχουσιν ἀγαθοῖς, ἀλλʼ ἐλπίζων καὶ τὴν
            Εὐρώπην δουλώσεσθαι, ἔστειλε πεντήκοντα μυριάδας στρατιάν. ἡγησάμενοι δέ, εἰ τήνδε τὴν
            πόλιν ἢ ἑκοῦσαν φίλην ποιήσαιντο ἢ ἄκουσαν καταστρέψαιντο, ῥαδίως τῶν πολλῶν Ἑλλήνων
            ἄρξειν, ἀπέβησαν εἰς Μαραθῶνα, νομίσαντες οὕτως ἂν ἐρημοτάτους εἶναι συμμάχων <del>τοὺς
            Ἕλληνας</del>,<note resp="Loeb" anchored="true"><foreign xml:lang="grc">τοὺς
                Ἕλληνας</foreign> del. Emperius</note> εἰ ἔτι στασιαζούσης τῆς Ἑλλάδος ᾧ τινι χρὴ
            τρόπῳ τοὺς ἐπιόντας ἀμύνασθαι, τὸν κίνδυνον ποιήσαιντο. </p>
        </div>

        <div type="textpart" subtype="section" n="22">
          <p>ἔτι δʼ αὐτοῖς ἐκ τῶν προτέρων ἔργων περὶ τῆς πόλεως τοιαύτη δόξα παρειστήκει, ὡς εἰ μὲν
            πρότερον ἐπʼ ἄλλην πόλιν ἴασιν, ἐκείνοις καὶ Ἀθηναίοις πολεμήσουσι· προθύμως γὰρ τοῖς
            ἀδικουμένοις ἥξουσι βοηθήσοντες· εἰ δʼ ἐνθάδε πρῶτον ἀφίξονται, οὐδένας ἄλλους τῶν
            Ἑλλήνων τολμήσειν ἑτέρους σῴζοντας φανερὰν ἔχθραν πρὸς ἐκείνους ὑπὲρ αὐτῶν καταθέσθαι.
          </p>
        </div>

        <div type="textpart" subtype="section" n="23">
          <p>οἱ μὲν τοίνυν ταῦτα διενοοῦντο· οἱ δʼ ἡμέτεροι πρόγονοι οὐ λογισμῷ εἰδότες τοὺς ἐν τῷ
            πολέμῳ κινδύνους, ἀλλὰ νομίζοντες τὸν εὐκλεᾶ θάνατον ἀθάνατον περὶ τῶν ἀγαθῶν
            καταλείπειν λόγον, οὐκ ἐφοβήθησαν τὸ πλῆθος τῶν ἐναντίων, ἀλλὰ τῇ αὑτῶν ἀρετῇ μᾶλλον
            ἐπίστευσαν. καὶ αἰσχυνόμενοι ὅτι ἦσαν οἱ βάρβαροι αὐτῶν ἐν τῇ χώρᾳ, οὐκ ἀνέμειναν
            πυθέσθαι οὐδὲ βοηθῆσαι τοὺς συμμάχους, οὐδʼ ᾠήθησαν δεῖν ἑτέροις τῆς σωτηρίας χάριν
            εἰδέναι, ἀλλὰ σφίσιν αὐτοῖς τοὺς ἄλλους Ἕλληνας. </p>
        </div>

        <div type="textpart" subtype="section" n="24">
          <p>ταῦτα μιᾷ γνώμῃ πάντες γνόντες ἀπήντων ὀλίγοι πρὸς πολλούς· ἐνόμιζον γὰρ ἀποθανεῖν μὲν
            αὐτοῖς μετὰ πάντων προσήκειν, ἀγαθοὺς δʼ εἶναι μετʼ ὀλίγων, καὶ τὰς μὲν ψυχὰς ἀλλοτρίας
            διὰ τὸν θάνατον κεκτῆσθαι, τὴν δʼ ἐκ τῶν κινδύνων μνήμην ἰδίαν καταλείψειν. ἠξίουν δέ,
            οὓς μὴ μόνοι νικῷεν, οὐδʼ ἂν μετὰ τῶν συμμάχων δύνασθαι· καὶ ἡττηθέντες μὲν ὀλίγῳ τῶν
            ἄλλων προαπολεῖσθαι, νικήσαντες δὲ καὶ τοὺς ἄλλους ἐλευθερώσειν. </p>
        </div>

        <div type="textpart" subtype="section" n="25">
          <p>ἄνδρες δʼ ἀγαθοὶ γενόμενοι, καὶ τῶν μὲν σωμάτων ἀφειδήσαντες, ὑπὲρ δὲ τῆς ἀρετῆς οὐ
            φιλοψυχήσαντες, καὶ μᾶλλον τοὺς παρʼ αὑτοῖς νόμους αἰσχυνόμενοι ἢ τὸν πρὸς τοὺς
            πολεμίους κίνδυνον φοβούμενοι, ἔστησαν μὲν τρόπαιον ὑπὲρ τῆς Ἑλλάδος τῶν βαρβάρων ἐν τῇ
            αὑτῶν, ὑπὲρ χρημάτων εἰς τὴν ἀλλοτρίαν ἐμβαλόντων, </p>
        </div>

        <div type="textpart" subtype="section" n="26">
          <p>παρὰ τοὺς ὅρους τῆς χώρας, οὕτω δὲ διὰ ταχέων τὸν κίνδυνον ἐποιήσαντο, ὥστε οἱ αὐτοὶ
            τοῖς ἄλλοις ἀπήγγειλαν τήν τʼ ἐνθάδε ἄφιξιν τῶν βαρβάρων καὶ τὴν νίκην τῶν προγόνων. καὶ
            γάρ τοι οὐδεὶς τῶν ἄλλων ἔδεισεν ὑπὲρ τοῦ μέλλοντος κινδύνου, ἀλλʼ ἀκούσαντες ὑπὲρ τῆς
            αὑτῶν ἐλευθερίας ἥσθησαν. ὥστε οὐδὲν θαυμαστόν, πάλαι<note resp="Loeb" anchored="true"
            ><foreign
                xml:lang="grc">πάλαι</foreign> Reiske: <foreign xml:lang="grc"
              >παλαιῶν</foreign> MSS.</note>
            τῶν ἔργων γεγενημένων, ὥσπερ καινῶν ὄντων ἔτι καὶ νῦν τὴν ἀρετὴν αὐτῶν ὑπὸ πάντων
            ἀνθρώπων ζηλοῦσθαι. </p>
        </div>

        <div type="textpart" subtype="section" n="27">
          <p><milestone unit="para" ed="P" />μετὰ ταῦτα δὲ Ξέρξης ὁ τῆς Ἀσίας βασιλεύς, καταφρονήσας
            μὲν τῆς Ἑλλάδος, ἐψευσμένος δὲ τῆς ἐλπίδος, ἀτιμαζόμενος δὲ τῷ γεγενημένῳ, ἀχθόμενος δὲ
            τῇ συμφορᾷ, ὀργιζόμενος δὲ τοῖς αἰτίοις, ἀπαθὴς δʼ ὢν κακῶν καὶ ἄπειρος ἀνδρῶν ἀγαθῶν,
            δεκάτῳ ἔτει παρασκευασάμενος διακοσίαις μὲν καὶ χιλίαις ναυσὶν ἀφίκετο, τῆς δὲ πεζῆς
            στρατιᾶς οὕτως ἄπειρον τὸ πλῆθος ἦγεν, ὥστε καὶ τὰ ἔθνη τὰ μετʼ αὐτοῦ ἀκολουθήσαντα πολὺ </p>
        </div>

        <div type="textpart" subtype="section" n="28">
          <p>ἂν ἔργον εἴη καταλέξαι· ὃ δὲ μέγιστον σημεῖον τοῦ πλήθους· ἐξὸν γὰρ αὐτῷ χιλίαις ναυσὶ
            διαβιβάσαι κατὰ τὸ στενότατον τοῦ Ἑλλησπόντου τὴν πεζὴν στρατιὰν ἐκ τῆς Ἀσίας εἰς τὴν
            Εὐρώπην, οὐκ ἠθέλησεν, ἡγούμενος τὴν διατριβὴν αὑτῷ </p>
        </div>

        <div type="textpart" subtype="section" n="29">
          <p>πολλὴν ἔσεσθαι· ἀλλʼ ὑπεριδὼν καὶ τὰ φύσει πεφυκότα καὶ τὰ θεῖα πράγματα καὶ τὰς
            ἀνθρωπίνας διανοίας ὁδὸν μὲν διὰ τῆς θαλάττης ἐποιήσατο, πλοῦν δὲ διὰ τῆς γῆς ἠνάγκασε
            γενέσθαι, ζεύξας μὲν τὸν Ἑλλήσποντον, διορύξας δὲ τὸν Ἄθω, ὑφισταμένου οὐδενός, ἀλλὰ τῶν
            μὲν ἀκόντων ὑπακουόντων, τῶν δὲ ἑκόντων προδιδόντων. οἱ μὲν γὰρ οὐχ ἱκανοὶ ἦσαν
            ἀμύνασθαι, οἱ δʼ ὑπὸ χρημάτων διεφθαρμένοι· ἀμφότερα δʼ ἦν αὐτοὺς τὰ πείθοντα, </p>
        </div>

        <div type="textpart" subtype="section" n="30">
          <p>κέρδος καὶ δέος. Ἀθηναῖοι δʼ οὕτω διακειμένης τῆς Ἑλλάδος αὐτοὶ μὲν εἰς τὰς ναῦς
            ἐμβάντες ἐπʼ Ἀρτεμίσιον ἐβοήθησαν, Λακεδαιμόνιοι δὲ καὶ τῶν συμμάχων ἔνιοι εἰς
            Θερμοπύλας ἀπήντησαν, ἡγούμενοι διὰ τὴν στενότητα τῶν χωρίων τὴν πάροδον οἷοί τʼ ἔσεσθαι
            διαφυλάξαι. </p>
        </div>

        <div type="textpart" subtype="section" n="31">
          <p>γενομένου δὲ τοῦ κινδύνου κατὰ τὸν αὐτὸν χρόνον Ἀθηναῖοι μὲν ἐνίκων τῇ ναυμαχίᾳ,
            Λακεδαιμόνιοι δέ, οὐ ταῖς ψυχαῖς ἐνδεεῖς γενόμενοι, ἀλλὰ τοῦ πλήθους ψευσθέντες καὶ οὓς
            φυλάξειν ᾤοντο καὶ πρὸς οὓς κινδυνεύσειν ἔμελλον, <add>διεφθάρησαν</add><note
              resp="Loeb" anchored="true"><foreign xml:lang="grc">διεφθάρησαν</foreign> add Jacobs</note>
            οὐχ ἡττηθέντες τῶν ἐναντίων, ἀλλʼ ἀποθανόντες </p>
        </div>

        <div type="textpart" subtype="section" n="32">
          <p>οὗπερ ἐτάχθησαν μάχεσθαι· τούτῳ δὲ τῷ τρόπῳ τῶν μὲν δυστυχησάντων, τῶν δὲ τῆς παρόδου
            κρατησάντων, οἱ μὲν ἐπορεύοντο ἐπὶ τήνδε τὴν πόλιν, οἱ δʼ ἡμέτεροι πρόγονοι πυθόμενοι
            μὲν τὴν γεγενημένην Λακεδαιμονίοις συμφοράν, ἀποροῦντες δὲ τοῖς περιεστηκόσι πράγμασιν,
            εἰδότες δʼ ὅτι, εἰ μὲν κατὰ γῆν τοῖς βαρβάροις ἀπαντήσονται, ἐπιπλεύσαντες χιλίαις
            ναυσὶν ἐρήμην τὴν πόλιν λήψονται, εἰ δὲ εἰς τὰς τριήρεις ἐμβήσονται, ὑπὸ τῆς πεζῆς
            στρατιᾶς ἁλώσονται, ἀμφότερα δὲ οὐ δυνήσονται, ἀμύνασθαί τε καὶ φυλακὴν ἱκανὴν
            καταλιπεῖν, </p>
        </div>

        <div type="textpart" subtype="section" n="33">
          <p>δυοῖν δὲ προκειμένοιν, πότερον χρὴ τὴν πατρίδα ἐκλιπεῖν ἢ μετὰ τῶν βαρβάρων γενομένους
            καταδουλώσασθαι τοὺς Ἕλληνας, ἡγησάμενοι κρεῖττον εἶναι μετʼ ἀρετῆς καὶ πενίας καὶ φυγῆς
            ἐλευθερίαν ἢ μετʼ ὀνείδους καὶ πλούτου δουλείαν τῆς πατρίδος, ἐξέλιπον ὑπὲρ τῆς Ἑλλάδος
            τὴν πόλιν, ἵνʼ ἐν μέρει πρὸς ἑκατέραν ἀλλὰ μὴ πρὸς ἀμφοτέρας ἅμα τὰς δυνάμεις
            κινδυνεύσωσιν· </p>
        </div>

        <div type="textpart" subtype="section" n="34">
          <p>ὑπεκθέμενοι δὲ παῖδας καὶ γυναῖκας καὶ μητέρας εἰς Σαλαμῖνα, συνήθροιζον καὶ τὸ τῶν
            ἄλλων συμμάχων ναυτικόν. οὐ πολλαῖς δʼ ὕστερον ἡμέραις ἦλθε καὶ ἡ πεζὴ στρατιὰ καὶ τὸ
            ναυτικὸν τὸ τῶν βαρβάρων, ὃ τίς οὐκ ἂν ἰδὼν ἐφοβήθη, ὡς μέγας καὶ δεινὸς τῇδε τῇ πόλει
            κίνδυνος ὑπὲρ τῆς τῶν Ἑλλήνων ἐλευθερίας ἠγωνίσθη; </p>
        </div>

        <div type="textpart" subtype="section" n="35">
          <p>ποίαν δὲ γνώμην εἶχον ἢ οἱ θεώμενοι τοὺς ἐν ταῖς ναυσὶν ἐκείναις, οὔσης καὶ τῆς αὑτῶν
            σωτηρίας ἀπίστου καὶ τοῦ προσιόντος κινδύνου, ἢ οἱ μέλλοντες ναυμαχήσειν ὑπὲρ τῆς
            φιλότητος, ὑπὲρ τῶν ἄθλων τῶν ἐν Σαλαμῖνι; </p>
        </div>

        <div type="textpart" subtype="section" n="36">
          <p>οἷς τοσοῦτον πανταχόθεν περιειστήκει πλῆθος πολεμίων, ὥστε ἐλάχιστον μὲν αὐτοῖς εἶναι
            τῶν παρόντων κακῶν τὸ θάνατον τὸν αὑτῶν προειδέναι, μεγίστην δὲ συμφοράν, <add>ἃ</add><note
              resp="Loeb" anchored="true"><foreign xml:lang="grc">ἃ</foreign> add. Taylor</note> ὑπὸ
            τῶν βαρβάρων εὐτυχησάντων τοὺς ὑπεκτεθέντας ἤλπιζον πείσεσθαι. </p>
        </div>

        <div type="textpart" subtype="section" n="37">
          <p>ἦ που διὰ τὴν ὑπάρχουσαν ἀπορίαν πολλάκις μὲν ἐδεξιώσαντο ἀλλήλους, εἰκότως δὲ σφᾶς
            αὐτοὺς ὠλοφύραντο, εἰδότες μὲν τὰς σφετέρας ναῦς ὀλίγας οὔσας, ὁρῶντες δὲ πολλὰς τὰς τῶν
            πολεμίων, ἐπιστάμενοι δὲ τὴν μὲν πόλιν ἠρημωμένην, τὴν δὲ χώραν πορθουμένην καὶ μεστὴν
            τῶν βαρβάρων, ἱερῶν δὲ καιομένων, ἁπάντων δʼ ἐγγὺς ὄντων τῶν δεινῶν, </p>
        </div>

        <div type="textpart" subtype="section" n="38">
          <p>ἀκούοντες δʼ ἐν ταὐτῷ συμμεμειγμένου Ἑλληνικοῦ καὶ βαρβαρικοῦ παιῶνος, παρακελευσμοῦ δʼ
            ἀμφοτέρων καὶ κραυγῆς τῶν διαφθειρομένων, καὶ τῆς θαλάττης μεστῆς τῶν νεκρῶν, καὶ πολλῶν
            μὲν συμπιπτόντων καὶ φιλίων καὶ πολεμίων ναυαγίων, ἀντιπάλου δὲ πολὺν χρόνον οὔσης τῆς
            ναυμαχίας δοκοῦντες τοτὲ μὲν νενικηκέναι καὶ σεσῶσθαι, τοτὲ δʼ ἡττῆσθαι καὶ ἀπολωλέναι.
          </p>
        </div>

        <div type="textpart" subtype="section" n="39">
          <p>ἦ που διὰ τὸν παρόντα φόβον πολλὰ μὲν ᾠήθησαν ἰδεῖν ὧν οὐκ εἶδον, πολλὰ δʼ ἀκοῦσαι ὧν
            οὐκ ἤκουσαν. ποῖαι δʼ οὐχ ἱκετεῖαι θεῶν ἐγένοντο ἢ θυσιῶν ἀναμνήσεις, ἔλεός τε παίδων
            καὶ γυναικῶν πόθος οἶκτός τε πατέρων καὶ μητέρων, λογισμὸς δʼ, εἰ δυστυχήσειαν, τῶν
            μελλόντων ἔσεσθαι κακῶν; </p>
        </div>

        <div type="textpart" subtype="section" n="40">
          <p>τίς οὐκ ἂν θεῶν ἠλέησεν αὐτοὺς ὑπὲρ τοῦ μεγέθους τοῦ κινδύνου; ἢ τίς ἀνθρώπων οὐκ ἂν
            ἐδάκρυσεν; ἢ τίς τῆς τόλμης αὐτοὺς οὐκ ἂν ἠγάσθη; ἦ πολὺ πλεῖστον ἐκεῖνοι κατὰ τὴν
            ἀρετὴν ἁπάντων ἀνθρώπων διήνεγκαν καὶ ἐν τοῖς βουλεύμασι καὶ ἐν τοῖς τοῦ πολέμου
            κινδύνοις, ἐκλιπόντες μὲν τὴν πόλιν, εἰς τὰς ναῦς δʼ ἐμβάντες, τὰς δʼ αὑτῶν ψυχὰς ὀλίγας
            οὔσας ἀντιτάξαντες τῷ πλήθει τῷ τῆς Ἀσίας ἐπέδειξαν δὲ πᾶσιν ἀνθρώποις, </p>
        </div>

        <div type="textpart" subtype="section" n="41">
          <p>νικήσαντες τῇ ναυμαχίᾳ, ὅτι κρεῖττον μετʼ ὀλίγων ὑπὲρ τῆς ἐλευθερίας κινδυνεύειν ἢ μετὰ
            πολλῶν βασιλευομένων ὑπὲρ τῆς αὑτῶν δουλείας. </p>
        </div>

        <div type="textpart" subtype="section" n="42">
          <p>πλεῖστα δὲ καὶ κάλλιστα ἐκεῖνοι ὑπὲρ τῆς τῶν Ἑλλήνων ἐλευθερίας συνεβάλοντο, στρατηγὸν
            μὲν Θεμιστοκλέα, ἱκανώτατον εἰπεῖν καὶ γνῶναι καὶ πρᾶξαι, ναῦς δὲ πλείους τῶν ἄλλων
            συμμάχων, ἄνδρας δʼ ἐμπειροτάτους. καὶ γὰρ<note resp="Loeb" anchored="true"><foreign
                xml:lang="grc">καὶ γὰρ</foreign> Dobree: <foreign xml:lang="grc">καίτοι</foreign>
            MSS.</note> τίνες ἂν τούτοις τῶν ἄλλων Ἑλλήνων ἤρισαν γνώμῃ καὶ πλήθει καὶ ἀρετῇ; </p>
        </div>

        <div type="textpart" subtype="section" n="43">
          <p>ὥστε δικαίως μὲν ἀναμφισβήτητα τἀριστεῖα τῆς ναυμαχίας ἔλαβον παρὰ τῆς Ἑλλάδος, εἰκότως
            δὲ τὴν εὐτυχίαν ὁμονοοῦσαν τοῖς κινδύνοις ἐκτήσαντο, γνησίαν δὲ καὶ αὐτόχθονα τοῖς ἐκ
            τῆς Ἀσίας βαρβάροις τὴν αὑτῶν ἀρετὴν ἐπεδείξαντο.</p>
        </div>
        <div type="textpart" subtype="section" n="44">
          <p>
            <milestone unit="para" ed="P" /> ἐν μὲν οὖν τῇ ναυμαχίᾳ τοιούτους αὑτοὺς παρασχόντες καὶ
            πολὺ πλεῖστον τῶν κινδύνων μετασχόντες τῇ ἰδίᾳ ἀρετῇ κοινὴν τὴν ἐλευθερίαν καὶ τοῖς
            ἄλλοις ἐκτήσαντο· ὕστερον δὲ Πελοποννησίων διατειχιζόντων τὸν Ἰσθμόν, καὶ ἀγαπώντων μὲν
            τῇ σωτηρίᾳ, νομιζόντων δʼ ἀπηλλάχθαι τοῦ κατὰ θάλατταν κινδύνου, καὶ διανοουμένων τοὺς
            ἄλλους Ἕλληνας περιιδεῖν ὑπὸ τοῖς βαρβάροις γενομένους, </p>
        </div>

        <div type="textpart" subtype="section" n="45">
          <p>ὀργισθέντες Ἀθηναῖοι συνεβούλευον αὐτοῖς, εἰ ταύτην τὴν γνώμην ἕξουσι, περὶ ἅπασαν τὴν
            Πελοπόννησον τεῖχος περιβαλεῖν· εἰ γὰρ αὐτοὶ ὑπὸ <add>τῶν</add><note resp="Loeb"
              anchored="true"><foreign xml:lang="grc">τῶν</foreign>add. Reiske</note> Ἑλλήνων
            προδιδόμενοι μετὰ τῶν βαρβάρων ἔσονται, οὔτʼ ἐκείνοις δεήσειν χιλίων νεῶν οὔτε τούτους
            ὠφελήσειν τὸ ἐν Ἰσθμῷ τεῖχος· ἀκινδύνως γὰρ ἔσεσθαι τὴν τῆς θαλάττης ἀρχὴν βασιλέως. </p>
        </div>

        <div type="textpart" subtype="section" n="46">
          <p> διδασκόμενοι δὲ καὶ νομίζοντες αὐτοὶ μὲν ἄδικά τε ποιεῖν καὶ κακῶς βουλεύεσθαι,
            Ἀθηναίους δὲ δίκαιά τε λέγειν καὶ τὰ βέλτιστα αὐτοῖς παραινεῖν, ἐβοήθησαν εἰς Πλαταιάς·
            ἀποδράντων δὲ ὑπὸ νύκτα τῶν πλείστων συμμάχων ἐκ τῶν τάξεων διὰ τὸ πλῆθος τῶν πολεμίων,
            Λακεδαιμόνιοι μὲν καὶ Τεγεᾶται τοὺς βαρβάρους ἐτρέψαντο, Ἀθηναῖοι δὲ καὶ Πλαταιεῖς
            πάντας τοὺς Ἕλληνας ἐνίκων μαχόμενοι τοὺς ἀπογνόντας τῆς ἐλευθερίας καὶ ὑπομείναντας τὴν
            δουλείαν.</p>
        </div>
        <div type="textpart" subtype="section" n="47">
          <p>ἐν ἐκείνῃ δὲ τῇ ἡμέρᾳ καλλίστην τελευτὴν τοῖς προτέροις κινδύνοις ἐπιθέντες, βέβαιον
            μὲν τὴν ἐλευθερίαν τῇ Εὐρώπῃ κατειργάσαντο, ἐν ἅπασι δὲ τοῖς κινδύνοις δόντες ἔλεγχον
            τῆς ἑαυτῶν ἀρετῆς, καὶ μόνοι καὶ μεθʼ ἑτέρων, καὶ πεζομαχοῦντες καὶ ναυμαχοῦντες, καὶ
            πρὸς <add>τοὺς</add><note resp="Loeb" anchored="true"><foreign xml:lang="grc"
              >τοὺς</foreign>
            add. Reiske</note> βαρβάρους καὶ πρὸς τοὺς Ἕλληνας, ὑπὸ πάντων ἠξιώθησαν, καὶ μεθʼ ὧν
            ἐκινδύνευον καὶ πρὸς οὓς ἐπολέμουν, ἡγεμόνες γενέσθαι τῆς Ἑλλάδος. </p>
        </div>

        <div type="textpart" subtype="section" n="48">
          <p><milestone unit="para" ed="P" />ὑστέρῳ δὲ χρόνῳ Ἑλληνικοῦ πολέμου καταστάντος διὰ ζῆλον
            τῶν γεγενημένων καὶ φθόνον τῶν πεπραγμένων, μέγα μὲν ἅπαντες φρονοῦντες, μικρῶν δʼ
            ἐγκλημάτων ἕκαστοι δεόμενοι, ναυμαχίας Ἀθηναίοις πρὸς Αἰγινήτας καὶ τοὺς ἐκείνων
            συμμάχους γενομένης ἑβδομήκοντα τριήρεις αὐτῶν ἐλάμβανον. </p>
        </div>

        <div type="textpart" subtype="section" n="49">
          <p>πολιορκούντων δὲ κατὰ τὸν αὐτὸν χρόνον Αἴγυπτόν τε καὶ Αἴγιναν, καὶ τῆς ἡλικίας ἀπούσης
            ἔν τε ταῖς ναυσὶ καὶ ἐν τῷ πεζῷ στρατεύματι, Κορίνθιοι καὶ οἱ ἐκείνων σύμμαχοι,
            ἡγούμενοι ἢ εἰς ἔρημον τὴν χώραν ἐμβαλεῖν ἢ ἐξ Αἰγίνης ἄξειν τὸ στρατόπεδον, ἐξελθόντες
            πανδημεὶ Γεράνειαν κατέλαβον· </p>
        </div>

        <div type="textpart" subtype="section" n="50">
          <p>Ἀθηναῖοι δὲ τῶν μὲν ἀπόντων, τῶν δʼ ἐγγὺς ὄντων, οὐδένα ἐτόλμησαν μεταπέμψασθαι· ταῖς
            δʼ αὑτῶν ψυχαῖς πιστεύσαντες καὶ τῶν ἐπιόντων καταφρονήσαντες οἱ γεραίτεροι καὶ οἱ τῆς
            ἡλικίας ἐντὸς γεγονότες ἠξίουν αὐτοὶ μόνοι τὸν κίνδυνον ποιήσασθαι, οἱ μὲν ἐμπειρία τὴν
            ἀρετήν, </p>
        </div>

        <div type="textpart" subtype="section" n="51">
          <p>οἱ δὲ φύσει κεκτημένοι· καὶ οἱ μὲν αὐτοὶ πολλαχοῦ ἀγαθοὶ γεγενημένοι, οἱ δʼ ἐκείνους
            μιμούμενοι, τῶν μὲν πρεσβυτέρων ἄρχειν ἐπισταμένων, τῶν δὲ νεωτέρων τὸ ἐπιταττόμενον
            ποιεῖν δυναμένων, </p>
        </div>

        <div type="textpart" subtype="section" n="52">
          <p>Μυρωνίδου στρατηγοῦντος ἀπαντήσαντες αὐτοὶ εἰς τὴν Μεγαρικὴν ἐνίκων μαχόμενοι ἅπασαν
            τὴν δύναμιν τὴν ἐκείνων τοῖς ἤδη ἀπειρηκόσι καὶ τοῖς οὔπω δυναμένοις, τοὺς εἰς τὴν
            σφετέραν ἐμβαλεῖν ἀξιώσαντας, εἰς τὴν ἀλλοτρίαν ἀπαντήσαντες, </p>
        </div>

        <div type="textpart" subtype="section" n="53">
          <p>τρόπαιον δὲ στήσαντες καλλίστου μὲν αὐτοῖς ἔργου, αἰσχίστου δὲ τοῖς πολεμίοις, οἱ μὲν
            οὐκέτι τοῖς σώμασιν, οἱ δʼ οὔπω δυνάμενοι, ταῖς δὲ ψυχαῖς ἀμφότεροι κρείττους γενόμενοι,
            μετὰ καλλίστης δόξης εἰς τὴν αὑτῶν ἀπελθόντες οἱ μὲν πάλιν ἐπαιδεύοντο, οἱ δὲ περὶ τῶν
            λοιπῶν ἐβουλεύοντο. </p>
        </div>

        <div type="textpart" subtype="section" n="54">
          <p><milestone unit="para" ed="P" />καθʼ ἕκαστον μὲν οὖν οὐ ῥᾴδιον τὰ ὑπὸ πολλῶν
            κινδυνευθέντα ὑφʼ ἑνὸς ῥηθῆναι, οὐδὲ τὰ ἐν ἅπαντι τῷ χρόνῳ πραχθέντα ἐν μιᾷ ἡμέρᾳ
            δηλωθῆναι. τίς γὰρ ἂν ἢ λόγος ἢ χρόνος ἢ ῥήτωρ ἱκανὸς γένοιτο μηνῦσαι τὴν τῶν ἐνθάδε
            κειμένων ἀνδρῶν ἀρετήν; </p>
        </div>

        <div type="textpart" subtype="section" n="55">
          <p>μετὰ πλείστων γὰρ πόνων καὶ φανερωτάτων ἀγώνων καὶ καλλίστων κινδύνων ἐλευθέραν μὲν
            ἐποίησαν τὴν Ἑλλάδα, μεγίστην δʼ ἀπέδειξαν τὴν ἑαυτῶν πατρίδα, ἑβδομήκοντα μὲν ἔτη τῆς
            θαλάττης ἄρξαντες, ἀστασιάστους δὲ παρασχόντες τοὺς συμμάχους, </p>
        </div>

        <div type="textpart" subtype="section" n="56">
          <p>οὐ τοῖς ὀλίγοις τοὺς πολλοὺς δουλεύειν ἀξιώσαντες, ἀλλὰ τὸ ἴσον ἔχειν ἅπαντας
            ἀναγκάσαντες, οὐδὲ τοὺς συμμάχους ἀσθενεῖς ποιοῦντες, ἀλλὰ κἀκείνους ἰσχυροὺς
            καθιστάντες, καὶ τὴν αὑτῶν δύναμιν τοσαύτην ἐπιδείξαντες, ὥσθʼ ὁ μέγας βασιλεὺς οὐκέτι
            τῶν ἀλλοτρίων ἐπεθύμει, ἀλλʼ ἐδίδου τῶν ἑαυτοῦ καὶ περὶ τῶν λοιπῶν ἐφοβεῖτο, </p>
        </div>

        <div type="textpart" subtype="section" n="57">
          <p>καὶ οὔτε τριήρεις ἐν ἐκείνῳ τῷ χρόνῳ ἐκ τῆς Ἀσίας ἔπλευσαν, οὔτε τύραννος ἐν τοῖς
            Ἕλλησι κατέστη, οὔτε Ἑλληνὶς πόλις ὑπὸ τῶν βαρβάρων ἠνδραποδίσθη· τοσαύτην σωφροσύνην
            καὶ δέος ἡ τούτων ἀρετὴ πᾶσιν ἀνθρώποις παρεῖχεν. ὧν ἕνεκα δεῖ μόνους καὶ προστάτας τῶν
            Ἑλλήνων καὶ ἡγεμόνας τῶν πόλεων γίγνεσθαι. </p>
        </div>

        <div type="textpart" subtype="section" n="58">
          <p><milestone unit="para" ed="P" />ἐπέδειξαν δὲ καὶ ἐν ταῖς δυστυχίαις τὴν ἑαυτῶν ἀρετήν.
            ἀπολομένων γὰρ τῶν νεῶν ἐν Ἑλλησπόντῳ εἴτε ἡγεμόνος κακίᾳ εἴτε θεῶν διανοίᾳ, καὶ
            συμφορᾶς ἐκείνης μεγίστης γενομένης καὶ ἡμῖν τοῖς δυστυχήσασι καὶ τοῖς ἄλλοις Ἕλλησιν,
            ἐδήλωσεν οὐ πολλῷ χρόνῳ ὕστερον ὅτι ἡ τῆς πόλεως δύναμις τῆς Ἑλλάδος ἦν σωτηρία. </p>
        </div>

        <div type="textpart" subtype="section" n="59">
          <p>ἑτέρων γὰρ ἡγεμόνων γενομένων ἐνίκησαν μὲν ναυμαχοῦντες τοὺς Ἕλληνας οἱ πρότερον εἰς
            τὴν θάλατταν οὐκ ἐμβαίνοντες, ἔπλευσαν δʼ εἰς τὴν Εὐρώπην, δουλεύουσι δὲ πόλεις τῶν
            Ἑλλήνων, τύραννοι δʼ ἐγκαθεστᾶσιν, οἱ μὲν μετὰ τὴν ἡμετέραν συμφοράν, οἱ δὲ μετὰ τὴν
            νίκην τῶν βαρβάρων. </p>
        </div>

        <div type="textpart" subtype="section" n="60">
          <p>ὥστʼ ἄξιον ἦν ἐπὶ τῷδε τῷ τάφῳ τότε κείρασθαι τῇ Ἑλλάδι καὶ πενθῆσαι τοὺς ἐνθάδε
            κειμένους, ὡς συγκαταθαπτομένης τῆς αὑτῶν ἐλευθερίας τῇ τούτων ἀρετῇ· ὡς δυστυχὴς μὲν ἡ
            Ἑλλὰς τοιούτων ἀνδρῶν ὀρφανὴ γενομένη, εὐτυχὴς δʼ ὁ τῆς Ἀσίας βασιλεὺς ἑτέρων ἡγεμόνων
            λαβόμενος· τῇ μὲν γὰρ τούτων στερηθείσῃ δουλεία περιέστηκε, τῷ δʼ ἄλλων ἀρξάντων ζῆλος
            ἐγγίγνεται τῆς τῶν προγόνων διανοίας. </p>
        </div>

        <div type="textpart" subtype="section" n="61">
          <p><milestone unit="para" ed="P" />ἀλλὰ ταῦτα μὲν ἐξήχθην ὑπὲρ πάσης ὀλοφύρασθαι τῆς
            Ἑλλάδος· ἐκείνων δὲ τῶν ἀνδρῶν ἄξιον καὶ ἰδίᾳ καὶ δημοσίᾳ μεμνῆσθαι, οἳ φεύγοντες τὴν
            δουλείαν καὶ περὶ τοῦ δικαίου μαχόμενοι καὶ ὑπὲρ τῆς δημοκρατίας στασιάσαντες πάντας
            πολεμίους κεκτημένοι εἰς τὸν Πειραιᾶ κατῆλθον, οὐχ ὑπὸ νόμου ἀναγκασθέντες, ἀλλʼ ὑπὸ τῆς
            φύσεως πεισθέντες, καινοῖς κινδύνοις τὴν παλαιὰν ἀρετὴν τῶν προγόνων μιμησάμενοι, </p>
        </div>

        <div type="textpart" subtype="section" n="62">
          <p>ταῖς αὑτῶν ψυχαῖς κοινὴν τὴν πόλιν καὶ τοῖς ἄλλοις κτησόμενοι, θάνατον μετʼ ἐλευθερίας
            αἱρούμενοι ἢ βίον μετὰ δουλείας, οὐχ ἧττον ταῖς συμφοραῖς αἰσχυνόμενοι ἢ τοῖς ἐχθροῖς
            ὀργιζόμενοι, μᾶλλον βουληθέντες ἐν τῇ αὑτῶν ἀποθνῄσκειν ἢ ζῆν τὴν ἀλλοτρίαν οἰκοῦντες,
            συμμάχους μὲν ὅρκους καὶ συνθήκας ἔχοντες, πολεμίους δὲ τοὺς πρότερον ὑπάρχοντας καὶ
            τοὺς πολίτας τοὺς ἑαυτῶν. </p>
        </div>

        <div type="textpart" subtype="section" n="63">
          <p>ἀλλʼ ὅμως οὐ τὸ πλῆθος τῶν ἐναντίων φοβηθέντες, ἀλλʼ ἐν τοῖς σώμασι τοῖς ἑαυτῶν
            κινδυνεύσαντες, τρόπαιον μὲν τῶν πολεμίων ἔστησαν, μάρτυρας δὲ τῆς αὑτῶν ἀρετῆς ἐγγὺς
            ὄντας τοῦδε τοῦ μνήματος τοὺς Λακεδαιμονίων τάφους παρέχονται. καὶ γάρ τοι μεγάλην μὲν
            ἀντὶ μικρᾶς ἀπέδειξαν τὴν πόλιν, ὁμονοοῦσαν δὲ ἀντὶ στασιαζούσης ἀπέφηναν, τείχη δὲ ἀντὶ
            τῶν καθῃρημένων ἀνέστησαν. </p>
        </div>

        <div type="textpart" subtype="section" n="64">
          <p>οἱ δὲ κατελθόντες αὐτῶν, ἀδελφὰ τὰ βουλεύματα τοῖς ἔργοις τῶν ἐνθάδε κειμένων
            ἐπιδεικνύντες, οὐκ ἐπὶ τιμωρίαν τῶν ἐχθρῶν ἀλλʼ ἐπὶ σωτηρίαν τῆς πόλεως ἐτράποντο, καὶ
            οὔτε ἐλαττοῦσθαι δυνάμενοι οὔτʼ αὐτοὶ πλέον ἔχειν δεόμενοι τῆς μὲν αὑτῶν ἐλευθερίας καὶ
            τοῖς βουλομένοις δουλεύειν μετέδοσαν, τῆς δʼ ἐκείνων δουλείας αὐτοὶ μετέχειν οὐκ
            ἠξίωσαν. ἔργοις δὲ μεγίστοις καὶ καλλίστοις ἀπελογήσαντο, </p>
        </div>

        <div type="textpart" subtype="section" n="65">
          <p>ὅτι οὐ κακίᾳ τῇ αὑτῶν οὐδʼ ἀρετῇ <add>τῇ</add><note resp="Loeb" anchored="true"
            ><foreign
                xml:lang="grc">τῇ</foreign> add. Hertlein</note> τῶν πολεμίων πρότερον ἐδυστύχησεν ἡ
            πόλις· εἰ γὰρ στασιάσαντες πρὸς ἀλλήλους βίᾳ παρόντων Πελοποννησίων καὶ τῶν ἄλλων ἐχθρῶν
            εἰς τὴν αὑτῶν οἷοί τε ἐγένοντο κατελθεῖν, δῆλον ὅτι ῥαδίως ἂν ὁμονοοῦντες πολεμεῖν
            αὐτοῖς ἐδύναντο. </p>
        </div>

        <div type="textpart" subtype="section" n="66">
          <p><milestone unit="para" ed="P" />ἐκεῖνοι μὲν οὖν διὰ τοὺς ἐν Πειραιεῖ κινδύνους ὑπὸ
            πάντων ἀνθρώπων ζηλοῦνται· ἄξιον δὲ καὶ τοὺς ξένους τοὺς ἐνθάδε κειμένους ἐπαινέσαι, οἳ
            τῷ πλήθει βοηθήσαντες καὶ περὶ τῆς ἡμετέρας σωτηρίας μαχόμενοι, πατρίδα τὴν ἀρετὴν
            ἡγησάμενοι, τοιαύτην τοῦ βίου τελευτὴν ἐποιήσαντο· ἀνθʼ ὧν ἡ πόλις αὐτοὺς καὶ ἐπένθησε
            καὶ ἔθαψε δημοσίᾳ, καὶ ἔδωκεν ἔχειν αὐτοῖς τὸν ἅπαντα χρόνον τὰς αὐτὰς τιμὰς τοῖς
            ἀστοῖς.</p>
        </div>
        <div type="textpart" subtype="section" n="67">
          <p><milestone unit="para" ed="P" />οἱ δὲ νῦν θαπτόμενοι, βοηθήσαντες Κορινθίοις ὑπὸ
            παλαιῶν φίλων ἀδικουμένοις καινοὶ<note resp="Loeb" anchored="true"><foreign
                xml:lang="grc"
              >καινοὶ</foreign> Taylor: <foreign xml:lang="grc">κοινοὶ</foreign> MSS.</note>
            σύμμαχοι γενόμενοι, οὐ τὴν αὐτὴν γνώμην Λακεδαιμονίοις ἔχοντες (οἱ μὲν γὰρ τῶν ἀγαθῶν
            αὐτοῖς ἐφθόνουν, οἱ δὲ ἀδικουμένους αὐτοὺς ἠλέουν, οὐ τῆς προτέρας ἔχθρας μεμνημένοι,
            ἀλλὰ τὴν παροῦσαν φιλίαν περὶ πολλοῦ ποιούμενοι) πᾶσιν ἀνθρώποις φανερὰν τὴν αὑτῶν
            ἀρετὴν ἐπεδείξαντο. </p>
        </div>

        <div type="textpart" subtype="section" n="68">
          <p>ἐτόλμησαν γὰρ μεγάλην ποιοῦντες τὴν Ἑλλάδα οὐ μόνον ὑπὲρ τῆς αὑτῶν σωτηρίας
            κινδυνεύειν, ἀλλὰ καὶ ὑπὲρ τῆς τῶν πολεμίων ἐλευθερίας ἀποθνῄσκειν· τοῖς γὰρ
            Λακεδαιμονίων συμμάχοις περὶ τῆς ἐκείνων ἐλευθερίας ἐμάχοντο. νικήσαντες μὲν γὰρ
            ἐκείνους τῶν αὐτῶν ἠξίουν, δυστυχήσαντες δὲ βέβαιον τὴν δουλείαν τοῖς ἐν τῇ Πελοποννήσῳ
            κατέλιπον. </p>
        </div>

        <div type="textpart" subtype="section" n="69">
          <p><milestone unit="para" ed="P" />ἐκείνοις μὲν οὖν οὕτω διακειμένοις ὁ βίος οἰκτρὸς καὶ ὁ
            θάνατος εὐκτός· οὗτοι δὲ καὶ ζῶντες καὶ ἀποθανόντες ζηλωτοί, παιδευθέντες μὲν ἐν τοῖς
            τῶν προγόνων ἀγαθοῖς, ἄνδρες δὲ γενόμενοι τήν τε ἐκείνων δόξαν διασώσαντες καὶ τὴν αὑτῶν
            ἀρετὴν ἐπιδείξαντες.</p>
        </div>
        <div type="textpart" subtype="section" n="70">
          <p>πολλῶν μὲν γὰρ καὶ καλῶν αἴτιοι γεγένηνται τῇ ἑαυτῶν πατρίδι, ἐπηνώρθωσαν δὲ τὰ ὑφʼ
            ἑτέρων δυστυχηθέντα, πόρρω δʼ ἀπὸ τῆς αὑτῶν τὸν πόλεμον κατέστησαν. ἐτελεύτησαν δὲ τὸν
            βίον, ὥσπερ χρὴ τοὺς ἀγαθοὺς ἀποθνῄσκειν, τῇ μὲν πατρίδι τὰ τροφεῖα ἀποδόντες, τοῖς δὲ
            θρέψασι λύπας καταλιπόντες. </p>
        </div>

        <div type="textpart" subtype="section" n="71">
          <p>ὥστε ἄξιον τοῖς ζῶσι τούτους ποθεῖν καὶ σφᾶς αὐτοὺς ὀλοφύρεσθαι καὶ τοὺς προσήκοντας
            αὐτῶν ἐλεεῖν τοῦ ἐπιλοίπου βίου. τίς γὰρ αὐτοῖς ἔτι ἡδονὴ καταλείπεται τοιούτων ἀνδρῶν
            θαπτομένων, οἳ πάντα περὶ ἐλάττονος τῆς ἀρετῆς ἡγούμενοι αὑτοὺς μὲν ἀπεστέρησαν βίου,
            χήρας δὲ γυναῖκας ἐποίησαν, ὀρφανοὺς δὲ τοὺς αὑτῶν παῖδας ἀπέλιπον, ἐρήμους δʼ ἀδελφοὺς
            καὶ πατέρας καὶ μητέρας κατέστησαν; </p>
        </div>

        <div type="textpart" subtype="section" n="72">
          <p>πολλῶν δὲ καὶ δεινῶν ὑπαρχόντων τοὺς μὲν παῖδας αὐτῶν ζηλῶ, ὅτι νεώτεροί εἰσιν ἢ ὥστε
            εἰδέναι οἵων πατέρων ἐστέρηνται, ἐξ ὧν δʼ οὗτοι γεγόνασιν, οἰκτείρω, ὅτι πρεσβύτεροι ἢ
            ὥστε ἐπιλαθέσθαι τῆς δυστυχίας τῆς ἑαυτῶν. </p>
        </div>

        <div type="textpart" subtype="section" n="73">
          <p>τί γὰρ ἂν τούτων ἀνιαρότερον γένοιτο, ἢ τεκεῖν μὲν καὶ θρέψαι καὶ θάψαι τοὺς αὑτῶν, ἐν
            δὲ τῷ γήρᾳ ἀδυνάτους μὲν εἶναι τῷ σώματι, πασῶν δʼ ἀπεστερημένους τῶν ἐλπίδων ἀφίλους
            καὶ ἀπόρους γεγονέναι, ὑπὲρ<note resp="Loeb" anchored="true"><foreign xml:lang="grc"
              >ὑπὲρ</foreign>
            Sauppe: <foreign xml:lang="grc">ὑπὸ</foreign> MSS.</note> δὲ τῶν αὐτῶν πρότερον
            ζηλοῦσθαι καὶ νῦν ἐλεεῖσθαι, ποθεινότερον δʼ αὐτοῖς εἶναι τὸν θάνατον τοῦ βίου; ὅσῳ γὰρ
            ἄνδρες ἀμείνους ἦσαν, τοσούτῳ τοῖς καταλειπομένοις τὸ πένθος μεῖζον. </p>
        </div>

        <div type="textpart" subtype="section" n="74">
          <p>πῶς δʼ αὐτοὺς χρὴ λῆξαι τῆς λύπης; πότερον ἐν ταῖς τῆς πόλεως συμφοραῖς; ἀλλὰ τότε
            αὐτῶν εἰκὸς καὶ τοὺς ἄλλους μεμνῆσθαι. ἀλλʼ ἐν ταῖς εὐτυχίαις ταῖς κοιναῖς; ἀλλʼ ἱκανὸν
            λυπῆσαι, τῶν μὲν σφετέρων τέκνων τετελευτηκότων, τῶν δὲ ζώντων ἀπολαυόντων τῆς τούτων
            ἀρετῆς. ἀλλʼ ἐν τοῖς ἰδίοις κινδύνοις, ὅταν ὁρῶσι τοὺς μὲν πρότερον ὄντας φίλους
            φεύγοντας τὴν αὑτῶν ἀπορίαν, τοὺς δʼ ἐχθροὺς μέγα φρονοῦντας ἐπὶ ταῖς δυστυχίαις ταῖς
            τούτων; </p>
        </div>

        <div type="textpart" subtype="section" n="75">
          <p>μόνην δʼ ἄν μοι δοκοῦμεν ταύτην τοῖς ἐνθάδε κειμένοις ἀποδοῦναι χάριν, εἰ τοὺς μὲν
            τοκέας αὐτῶν ὁμοίως ὥσπερ ἐκεῖνοι περὶ πολλοῦ ποιοίμεθα, τοὺς δὲ παῖδας οὕτως
            ἀσπαζοίμεθα ὥσπερ αὐτοὶ πατέρες ὄντες, ταῖς δὲ γυναιξὶν εἰ τοιούτους βοηθοὺς ἡμᾶς αὐτοὺς
            παρέχοιμεν, οἷοίπερ ἐκεῖνοι ζῶντες ἦσαν. τίνας γὰρ ἂν εἰκότως μᾶλλον τιμῷμεν τῶν ἐνθάδε
            κειμένων; </p>
        </div>

        <div type="textpart" subtype="section" n="76">
          <p>τίνας δʼ ἂν τῶν ζώντων δικαιότερον περὶ πολλοῦ ποιοίμεθα ἢ τοὺς τούτοις προσήκοντας, οἳ
            τῆς μὲν τούτων ἀρετῆς τὸ ἴσον τοῖς ἄλλοις ἀπέλαυσαν, ἀποθανόντων δὲ μόνοι γνησίως τῆς
            δυστυχίας μετέχουσιν; </p>
        </div>

        <div type="textpart" subtype="section" n="77">
          <p><milestone unit="para" ed="P" />ἀλλὰ γὰρ οὐκ οἶδʼ ὅ τι δεῖ τοιαῦτα ὀλοφύρεσθαι· οὐ γὰρ
            ἐλανθάνομεν ἡμᾶς αὐτοὺς ὄντες θνητοί· ὥστε τί δεῖ, ἃ πάλαι προσεδοκῶμεν πείσεσθαι, ὑπὲρ
            τούτων νῦν ἄχθεσθαι, ἢ λίαν οὕτω βαρέως φέρειν ἐπὶ ταῖς τῆς φύσεως συμφοραῖς,
            ἐπισταμένους ὅτι ὁ θάνατος κοινὸς καὶ τοῖς χειρίστοις καὶ τοῖς βελτίστοις; οὔτε γὰρ τοὺς
            πονηροὺς ὑπερορᾷ οὔτε τοὺς ἀγαθοὺς θαυμάζει, </p>
        </div>

        <div type="textpart" subtype="section" n="78">
          <p> ἀλλʼ ἴσον ἑαυτὸν παρέχει πᾶσιν. εἰ μὲν γὰρ οἷόν τε ἦν τοῖς τοὺς ἐν τῷ πολέμῳ κινδύνους
            διαφυγοῦσιν ἀθανάτους εἶναι τὸν λοιπὸν χρόνον, ἄξιον τοῖς ζῶσι τὸν ἅπαντα χρόνον πενθεῖν
            τοὺς τεθνεῶτας· νῦν δὲ ἥ τε φύσις καὶ νόσων ἥττων καὶ γήρως, ὅ τε δαίμων ὁ τὴν ἡμετέραν
            μοῖραν εἰληχὼς ἀπαραίτητος. </p>
        </div>

        <div type="textpart" subtype="section" n="79">
          <p>ὥστε προσήκει τούτους εὐδαιμονεστάτους ἡγεῖσθαι, οἵτινες ὑπὲρ μεγίστων καὶ καλλίστων
            κινδυνεύσαντες οὕτω τὸν βίον ἐτελεύτησαν, οὐκ ἐπιτρέψαντες περὶ αὑτῶν τῇ τύχῃ, οὐδʼ
            ἀναμείναντες τὸν αὐτόματον θάνατον, ἀλλʼ ἐκλεξάμενοι τὸν κάλλιστον. καὶ γάρ τοι ἀγήρατοι
            μὲν αὐτῶν αἱ μνῆμαι, ζηλωταὶ δὲ ὑπὸ πάντων ἀνθρώπων αἱ τιμαί· οἳ πενθοῦνται μὲν διὰ τὴν
            φύσιν ὡς θνητοί, </p>
        </div>
        <div type="textpart" subtype="section" n="80">
          <p>ὑμνοῦνται δὲ ὡς ἀθάνατοι διὰ τὴν ἀρετήν. καὶ γάρ τοι θάπτονται δημοσία, καὶ ἀγῶνες
            τίθενται ἐπʼ αὐτοῖς ῥώμης καὶ σοφίας καὶ πλούτου, ὡς ἀξίους ὄντας τοὺς ἐν τῷ
            τετελευτηκότας ταῖς αὐταῖς τιμαῖς καὶ τοὺς ἀθανάτους τιμᾶσθαι.</p>
        </div>
        <div type="textpart" subtype="section" n="81">
          <p>ἐγὼ μὲν οὖν αὐτοὺς καὶ μακαρίζω τοῦ θανάτου καὶ ζηλῶ, καὶ μόνοις τούτοις ἀνθρώπων οἶμαι
            κρεῖττον εἶναι γενέσθαι, οἵτινες, ἐπειδὴ θνητῶν σωμάτων ἔτυχον, ἀθάνατον μνήμην διὰ τὴν
            ἀρετὴν <add>τὴν</add><note resp="Loeb" anchored="true"><foreign xml:lang="grc"
              >τὴν</foreign>
            add. Hude</note> αὑτῶν κατέλιπον· ὅμως δʼ ἀνάγκη τοῖς ἀρχαίοις ἔθεσι χρῆσθαι, καὶ
            θεραπεύοντας τὸν πάτριον νόμον ὀλοφύρεσθαι τοὺς θαπτομένους.</p>
        </div>
      </div>
    </body>
  </text>
</TEI>