<?xml version="1.0" encoding="UTF-8"?>
<?xml-model href="http://www.stoa.org/epidoc/schema/latest/tei-epidoc.rng" type="application/xml" schematypens="http://relaxng.org/ns/structure/1.0"?>
<TEI xmlns="http://www.tei-c.org/ns/1.0">
    <teiHeader xml:lang="eng">
        <fileDesc>
            <titleStmt>
                <title xml:lang="grc">Filippidou</title>
                <author>Hyperides</author>
                <editor>J. O. Burtt</editor>
                <sponsor>Perseus Project, Tufts University</sponsor>
                <principal>Gregory Crane</principal>
                <respStmt>
                    <resp>Prepared under the supervision of</resp>
                    <name>Lisa Cerrato</name>
                    <name>William Merrill</name>
                    <name>Elli Mylonas</name>
                    <name>David Smith</name>
                </respStmt>
                <funder n="org:AnnCPB">The Annenberg CPB/Project</funder>
            </titleStmt>
            <publicationStmt>
                <publisher>Trustees of Tufts University</publisher>
                <pubPlace>Medford, MA</pubPlace>
                <authority>Perseus Project</authority>
                <date type="release" when="1996">Perseus 2.0</date>
                <idno type="filename">tlg0030.tlg002.perseus-grc2.xml</idno>
                <availability>
                    <licence target="https://creativecommons.org/licenses/by-sa/4.0/">Available
                        under a Creative Commons Attribution-ShareAlike 4.0 International License</licence>
                </availability>
            </publicationStmt>
            <sourceDesc>
                <biblStruct>
                    <monogr>
                        <author>Hyperides</author>
                        <title>Minor Attic Orators</title>
                        <editor>J. O. Burtt</editor>
                        <imprint>
                            <pubPlace>London</pubPlace>
                            <publisher>William Heinemann, Ltd.</publisher>
                            <pubPlace>Cambridge, MA</pubPlace>
                            <publisher>Harvard University Press</publisher>
                            <date>1954</date>
                            <date type="printing">1962</date>
                        </imprint>
                        <biblScope unit="volume">2</biblScope>
                    </monogr>
                    <ref
                        target="https://archive.org/details/minoratticorator02maiduoft/page/400/mode/2up">Internet
                        Archive</ref>
                </biblStruct>
            </sourceDesc>
        </fileDesc>
        <encodingDesc>
            <refsDecl n="CTS">
                <cRefPattern n="section" matchPattern="(\w+)"
                    replacementPattern="#xpath(/tei:TEI/tei:text/tei:body//tei:div/tei:div[@n='$1'])">
                    <p>This pointer pattern extracts section.</p>
                </cRefPattern>
            </refsDecl>
            <refsDecl>
                <refState unit="speech" />
                <refState unit="section" />
                <refState unit="fragment" />
            </refsDecl>

            <refsDecl>
                <refState unit="speech" />
                <refState unit="fragment" />
            </refsDecl>
        </encodingDesc>
        <profileDesc>
            <langUsage>
                <language ident="grc">Greek</language>
                <language ident="eng">English</language>
                <language ident="lat">Latin</language>
            </langUsage>
        </profileDesc>
        <revisionDesc>
            <change when="2023-03-29" who="Lisa Cerrato">EpiDoc and CTS conversion</change>
            <change when="2014-08-01" who="Stella Dee">edited markup</change>
            <change when="2014-07" who="Stella Dee">split composite text and converted to unicode </change>
            <change when="1993-05-03" who="em">when importing, did lots of changes. Restored is now
                square brackets, like Bacchyl. gap is note type="text" and columns is note
                type="papyr". Also fixed SGML errors. and added spaces around notes. fixed some beta
                errors.</change>
            <change when="1992-07" who="das">tagged FRAGWORD's and restored text</change>
            <change when="1992-06" who="W. Merrill">checkmark</change>
            <change when="1992-06" who="W. Merrill">Change markup in accordance with orator dtd</change>
        </revisionDesc>
    </teiHeader>

    <text>
        <body>
            <div type="edition" n="urn:cts:greekLit:tlg0030.tlg002.perseus-grc2" xml:lang="grc">
                <div type="textpart" subtype="section"
                    xml:base="urn:cts:greekLit:tlg0030.tlg002.perseus-grc2" n="frag_1">
                    <head rend="align(center)" xml:lang="lat">Frag. I<note anchored="true"
                            resp="editor" xml:lang="lat">Frag. I restituit Sudhaus.</note></head>
                    <p rend="align(indent)"><bibl xml:lang="eng">unknown</bibl> <gap reason="lost"
                            rend=" . . . . " /><add>ἐν</add> ἐλευθέρᾳ πό<add>λει τὰ τ</add>οῖς
                        τυράννοις <add>συμφέρο</add>ντα <seg type="noparse">πραττον<add>τ</add></seg><gap
                            reason="lost" rend=" . . . . . . . . . " /><seg type="noparse">ν</seg>
                        εἰς δουλεία<add>ν</add><gap reason="lost" rend=" . . . " />
                    </p>
                </div>
                <div type="textpart" subtype="section"
                    xml:base="urn:cts:greekLit:tlg0030.tlg002.perseus-grc2" n="frag_6">
                    <head rend="align(center)" xml:lang="lat">Frag. VI<note anchored="true"
                            resp="editor" xml:lang="lat">Frag. 6 plerumque restituit Blass.</note></head>
                    <p rend="align(indent)"><gap reason="lost" rend=" . . . . " />καλῶ<add>ν
                        πραγμάτων καὶ τῇ</add> πόλε<add>ι κ</add>αὶ τοῖς Ἕλλης<add>ιν αἴτι</add>ος
                        ἐγένετο. τοι<add>γαροῦν</add><note anchored="true" resp="editor"
                            xml:lang="lat"><foreign xml:lang="grc">τοιγαροῦν</foreign> Jensen: <foreign
                                xml:lang="grc">τὸ παλαιὸν</foreign> Blass.</note> καὶ παρʼ ἡμῖν κα<add>ὶ
                        παρὰ</add> το<add>ῖς</add> ἄλλοις πᾶσιν <add>τῶν μεγίς</add>των<note
                            anchored="true" resp="editor" xml:lang="lat"><foreign xml:lang="grc">τῶν
                        μεγίστων</foreign> Fuhr: <foreign xml:lang="grc">Κόνων (̣) μεγίστων</foreign>
                        Blass.</note> δωρεῶ<add>ν ἔτυχεν</add><gap reason="lost" rend=" . . . " /><add>
                        δ</add>ικαίως <gap reason="lost" rend=" . . . . . . " /><add> γ</add>ὰρ<gap
                            reason="lost" rend=" . . . . " />ὑπὸ </p>
                </div>
                <div type="textpart" subtype="section"
                    xml:base="urn:cts:greekLit:tlg0030.tlg002.perseus-grc2" n="frag_8">
                    <head rend="align(center)" xml:lang="lat">Frag. VIII (sub finem)<note
                            anchored="true" resp="editor" xml:lang="lat">Frag. 8 hanc partem
                        restituit Blass.</note></head>
                    <p rend="align(indent)"><bibl xml:lang="eng">unknown</bibl><gap reason="lost"
                            rend=" . . . . " />δεῖ χάρι<add>ν ἡμᾶ</add>ς ἀ<add>ποδιδ</add>όναι Ἀλεξ<add>
                        άνοδ</add>ρῳ <add>διὰ τοὺ</add>ς τελευτή<add>σαντ</add>ας<gap reason="lost"
                            rend=" . . . . . . . . . . . " />ἐγὼ δὲ <add>οἶμ</add>αι<note
                            anchored="true" resp="editor" xml:lang="lat"><foreign xml:lang="grc">
                        οἶμαι</foreign> Jensen.</note><gap reason="lost" rend=" . . . . . " />
                    </p>
                </div>
                <div type="textpart" subtype="section"
                    xml:base="urn:cts:greekLit:tlg0030.tlg002.perseus-grc2" n="frag_10">
                    <head rend="align(center)" xml:lang="lat">Frag. X<note anchored="true"
                            resp="editor" xml:lang="lat">Frag. 10 e septem fragmentulis composuit
                        Blass, qui pleraque restituit.</note></head>
                    <p rend="align(indent)"><bibl xml:lang="eng">unknown</bibl> <gap reason="lost"
                            rend=" . . . . " />ἐκεῖνος. ἔπειθʼ <add>οὗτοι</add> ἐπεμβαίνουσιν τ<add>ῷ
                        δή</add>μῳ ἐν ταῖς ἀτυχ<add>ίαις. διό</add>περ καὶ πολὺ μᾶ<add>λλον ἄξι</add>οί
                        εἰσιν μισεῖσθ<add>αι. ὥς</add>περ γὰρ τὰ σώματ<add>α πλείς</add>της<note
                            anchored="true" resp="editor" xml:lang="lat"><foreign xml:lang="grc">
                        πλείστης</foreign> Kenyon:<foreign xml:lang="grc">μεγίστης</foreign> Blass.</note>
                        ἐπ<add>ιμ</add>ελείας ἐν <add>ταῖς</add> ἀρρως<add>τί</add>αις δεῖται, οὕτως
                        καὶ <add>αἱ</add> πόλεις πλείστης θερ<add>απ</add>είας ἐν ταῖς ἀτυχίαις δ<add>
                        έο</add>ντ<add>αι</add>. μόνοις δὲ τούτο<add>ις</add><note anchored="true"
                            resp="editor" xml:lang="lat"><foreign xml:lang="grc">τούτοις</foreign>
                        Kenyon.</note> <gap reason="lost" rend=" . . . . " /></p>
                </div>
                <div type="textpart" subtype="section"
                    xml:base="urn:cts:greekLit:tlg0030.tlg002.perseus-grc2" n="frag_11">
                    <head rend="align(center)" xml:lang="lat">Frag. XI<note anchored="true"
                            resp="editor" xml:lang="lat">Frag 11, cuius solum a sinistra parte margo
                        exstat, sic restituere tentavit Blass:</note></head>
                    <p rend="align(indent)"><bibl xml:lang="eng">unknown</bibl> <add>δη</add>μοκρ<add>ατία.
                        ἀφεὶς δὲ τὰ πολ</add>λὰ περὶ <add>ὧν καὶ συνηγό</add>ρει Φιλί<add>ππῳ καὶ
                        ἐστρα</add>τεύσατ<add>ο μετʼ ἐκείνου ἐπὶ</add> τὴν χώ<add>ραν, ὅπερ
                        μέγιστον,</add> τοῦτο δ<add>ηλώσω</add><gap reason="lost" rend=" . . . . . " /><seg
                            type="noparse"><add>Φι</add>λιππο</seg><gap reason="lost"
                            rend=" . . . . . . " /><add>ἐστρατεύ</add>σατο ἐφʼ <add>ἡμᾶς καὶ τοὺς
                        συμ</add>μάχους <gap reason="lost" rend=" . . . . . . . . . " /><add>ἀκρι</add>βῶς
                        γε<gap reason="lost" rend=" . . . " />
                    </p>
                </div>
                <div type="textpart" subtype="section"
                    xml:base="urn:cts:greekLit:tlg0030.tlg002.perseus-grc2" n="frag_15a">
                    <head rend="align(center)" xml:lang="lat">Frag. XVa</head>
                    <p rend="align(indent)"><bibl xml:lang="eng">unknown</bibl> <gap reason="lost"
                            rend=" . . . . " /><add>δί</add>δωσιν ἕκαστος αὐτῶν, ὁ μὲν ἐν Θήβαις, ὁ
                        δʼ ἐν Τανάγρᾳ, ὁ δʼ ἐν τῇ <seg type="noparse">ἐλευθε</seg><note
                            anchored="true" resp="editor" xml:lang="lat"><foreign xml:lang="grc">
                        Ἐλευθερίδι</foreign> Kenyon: <foreign xml:lang="grc">ἐλευθέρᾳ</foreign>
                        Blass.</note><gap reason="lost" rend=" . . . . . . . . . . " /><seg
                            type="noparse">ατα</seg> τῶν <gap reason="lost" rend=" . . " /></p>
                </div>
                <div type="textpart" subtype="section"
                    xml:base="urn:cts:greekLit:tlg0030.tlg002.perseus-grc2" n="frag_15b">
                    <head rend="align(center)" xml:lang="lat">Frag. XVb<note anchored="true"
                            resp="editor" xml:lang="lat">Frag. 15b e compluribus fragmentis
                        composuit Blass.</note></head>
                    <p rend="align(indent)"><bibl xml:lang="eng">unknown</bibl><gap reason="lost"
                            rend=" . . . . " /><add>ἀ</add>παλλαγέντα; ἢ οὐκ εὔχεσθαι κα<add>ὶ τ</add>ἆλλα
                        πάντα τὰ ἐν τῇ <add>Ἑλ</add>λάδι ἀνατραπῆναι, οἵ γʼ ἀπὸ τῶν ἀναιρουμένων
                        πόλεων ἀπαρχὰς <add>λα</add>μ<add>βά</add>νουσιν; καὶ ὑμ<add>ᾶς μὲν ἀ</add>
                        εὶ<note anchored="true" resp="editor" xml:lang="lat"><foreign xml:lang="grc">ὑμᾶς
                        μὲν ἀεὶ</foreign> Jensen.</note> βούλεσθαι ἐν φ<add>όβῳ καὶ</add><note
                            anchored="true" resp="editor" xml:lang="lat"><foreign xml:lang="grc">φόβῳ
                        καὶ</foreign> Blass.</note> κινδύνοις εἶν<add>αι</add> <gap reason="lost"
                            rend=" . . . . " /></p>
                </div>
                <div type="textpart" subtype="section"
                    xml:base="urn:cts:greekLit:tlg0030.tlg002.perseus-grc2" n="frag_21">
                    <head rend="align(center)" xml:lang="lat">Frag. XXI<note anchored="true"
                            resp="editor" xml:lang="lat">Frag. 21 ab Athenaeo xii. 552 d citatum
                        est.</note></head>
                    <p rend="align(indent)"><bibl n="Ath. 22.522d" xml:lang="eng">Athenaeus 22.522 d</bibl>εὐτελὴς
                        τὸ σῶμα διὰ λεπτότητα. </p>
                </div>
                <div type="textpart" subtype="section"
                    xml:base="urn:cts:greekLit:tlg0030.tlg002.perseus-grc2" n="1">
                    <p rend="align(indent)"><note anchored="true" resp="perseus" type="Papyr"
                            xml:lang="eng" place="margin">Column 1</note> κατηγορίας ποιοῦνται, καὶ
                        φανερὸν ποιοῦσιν ὅτι οὐδὲ τότε φίλοι ὄντες Λακεδαιμονίων ὑπὲρ ἐκείνων
                        ἔλεγον, ἀλλὰ τὴν πόλιν μισοῦντες καὶ τοὺς ἰσχύοντας ἀ<add>εὶ</add><note
                            anchored="true" resp="editor" xml:lang="lat">Coll. 1 et 2 plerumque
                        restituit Kenyon.</note> καθʼ ὑμῶν θεραπεύοντες. </p>
                </div>
                <div type="textpart" subtype="section"
                    xml:base="urn:cts:greekLit:tlg0030.tlg002.perseus-grc2" n="2">
                    <p>ἐπεὶ δὲ νῦν ἡ ἐκείνων δύναμις εἰς <add>τοῦτ</add>ον<note anchored="true"
                            resp="editor" xml:lang="lat"><foreign xml:lang="grc">τοῦτον</foreign>
                        Jensen:<foreign xml:lang="grc">μικρὸν</foreign> Blass, Kenyon.</note>
                        μετέστη, τότε <add>δ</add>ὴ <add>κο</add>λακεύειν προείλον<add>το<note
                                anchored="true" resp="editor" xml:lang="lat"><foreign xml:lang="grc">
                        προείλοντο</foreign> Blass.</note>· κ</add>αὶ Δημοκράτη<add>ς<note
                                anchored="true" resp="editor" xml:lang="lat">Post<foreign
                                    xml:lang="grc">Δημοκράτης</foreign> add. <foreign xml:lang="grc">
                        νῦν</foreign> Kenyon: om. Jensen.</note> αὐτ</add>οῖς ὁ Ἀφιδναῖος <add>ἀεὶ
                        παρ</add>ακαθήμενος<note anchored="true" resp="editor" xml:lang="lat"><foreign
                                xml:lang="grc">παρακαθήμενος</foreign> Jensen: <foreign
                                xml:lang="grc">συγκαθήμενος</foreign> Kenyon.</note> καὶ<gap
                            reason="lost" rend=" . . . " /><seg type="noparse">ον</seg> ἱστὰς<note
                            anchored="true" resp="editor" xml:lang="lat"><foreign xml:lang="grc">καὶ
                        χορὸν ἱστὰς</foreign> Blass.</note> γελωτοπ<add>οιεῖ ἐ</add>πὶ τοῖς τῆς
                        πόλεω<add>ς ἀ</add>τυχήμασιν, καὶ λο<add>ιδορεῖ</add>θʼ<note anchored="true"
                            resp="editor" xml:lang="lat"><foreign xml:lang="grc">λοιδορεῖθʼ</foreign>
                        Blass.</note> ὑμῖν μεθʼ ἡμέρα<add>ν ἐν<note anchored="true" resp="editor"
                                xml:lang="lat">
                                <foreign xml:lang="grc">ἐν</foreign> Blass.</note> τ</add>ῇ ἀγορᾷ,
                        εἰς ἑσπέρα<add>ν δὲ δε</add>ιπν<add>ή</add>σων ὡς ὑμ<add>ᾶς ἔ</add>ρχεται.
                        καίτοι, ὦ Δημ<add>όκρα</add>τες, μόνῳ σοι οὐκ <add>ἔνι λέγ</add>ειν<note
                            anchored="true" resp="editor" xml:lang="lat"><foreign xml:lang="grc">ἔνι
                        λέγειν</foreign> Blass.</note> περὶ τοῦ δήμου <add>φλα</add>ῦρον<note
                            anchored="true" resp="editor" xml:lang="lat">
                            <foreign xml:lang="grc">φλαῦρον</foreign> Cronert: <foreign
                                xml:lang="grc">φαῦλον</foreign> Kenyon.</note> οὐδέν· </p>
                </div>
                <div type="textpart" subtype="section"
                    xml:base="urn:cts:greekLit:tlg0030.tlg002.perseus-grc2" n="3">
                    <p>διὰ τί; <add>ὅτι πρ</add>ῶτον μὲν οὐ παρʼ <note anchored="true"
                            resp="perseus" type="Papyr" xml:lang="eng" place="margin">Column 2</note>
                        ἑτέρου σʼ ἔδει μαθεῖν ὅτι ὁ δῆμος χάριτας ἀποδίδωσιν τοῖς εὐεργέταις, ἀλλὰ
                        παρὰ σαυτοῦ· αὐτὸς γὰρ ὑπὲρ ὧν ἕτεροι εὐεργέτησαν νῦν τὰς τιμὰς κομίζει.
                        ἔπειθʼ ὅτι ἐν νόμῳ γράψας ὁ δῆμος ἀπεῖπεν μήτε λέγειν ἐξεῖναι <add>μηδενὶ</add>
                        κακῶς Ἁρμόδιον καὶ Ἀρ<add>ις</add>τογείτονα, μήτʼ ᾆσα<add>ι ἐ</add>πὶ<note
                            anchored="true" resp="editor" xml:lang="lat"><foreign xml:lang="grc">ᾆσαι
                        ἐπὶ</foreign> Jebb.</note> τὰ κακίονα. ᾗ<note anchored="true" resp="editor"
                            xml:lang="lat">
                            <foreign xml:lang="grc">ᾗ</foreign> Blass:<foreign xml:lang="grc">ἢ</foreign>
                        L, Kenyon.</note> κ<add>αὶ</add> δεινόν ἐστιν <add>ε</add>ἰ τοὺς μὲν σοὺς
                        προγόνους ὁ δῆμος οὐδὲ μεθυσθέντι ᾤετο δεῖν ἐξεῖναι κακῶς εἰπεῖν, σὺ δὲ
                        νήφων τὸν δῆμον κακ<add>ῶς</add> λέγεις. </p>
                </div>
                <div type="textpart" subtype="section"
                    xml:base="urn:cts:greekLit:tlg0030.tlg002.perseus-grc2" n="4">
                    <p rend="align(indent)"><add>Βρ</add>αχέα δʼ ἔτι πρὸς ὑμᾶς εἰπών, ὦ ἄνδρες
                        δικασταί, <add>καὶ</add> ἀναλογισάμενος, κα<add>ταβ</add>ήσομαι. γραφὴ πα<add>
                        ρα</add>νόμων ἐστὶν ὑπὲρ <add>ἧς τ</add>ὴν ψῆφον μέλλετε <add>φέρ</add>ειν<note
                            anchored="true" resp="editor" xml:lang="lat"><foreign xml:lang="grc">
                        φέρειν</foreign> Blass.</note>. τὸ δὲ ψήφισμα <note anchored="true"
                            resp="perseus" type="Papyr" xml:lang="eng" place="margin">Column 3</note>
                        τὸ κρινόμενον ἔπαινος προέδρων. ὅτι δὲ προσήκει τοὺς προέδρους κατὰ τοὺς
                        νόμους προεδρεύειν, οὗτοι δὲ παρὰ τοὺς νόμους προηδρεύκασιν, αὐτῶν τῶν νόμων
                        ἠκούετε ἀναγιγνωσκομένων. </p>
                </div>
                <div type="textpart" subtype="section"
                    xml:base="urn:cts:greekLit:tlg0030.tlg002.perseus-grc2" n="5">
                    <p>τὸ λοιπὸν ἤδη ἐστὶν παρʼ ὑμῖν· δείξετε γὰρ πότερα τοὺς παράνομα γράφοντας τ<add>
                        ιμ</add>ωρήσεσθε, ἢ τὰς τοῖς εὐε<add>ργέ</add>ταις ἀποδεδειγμένας <add>τι</add>μὰς
                        ταύτας δώσετε <add>το</add>ῖς ἐναντία τοῖς νόμοι<add>ς πρ</add>οεδρεύουσιν,
                        καὶ ταῦτα ὀμωμοκότες κατὰ τοὺς νόμους ψηφιεῖσθαι. ἀλλὰ μὴν οὐδʼ ἐξαπατηθῆναι
                        ὑμῖν ἔνεστιν ὑπὸ τοῦ λόγου αὐτῶν, ἂν φῶσιν ἀναγκαῖα εἶνα<add>ι τ</add>ῷ δήμῳ
                        τὰ περὶ τῶν ἐπ<add>αίν</add>ων<note anchored="true" resp="editor"
                            xml:lang="lat"><foreign xml:lang="grc">ἐπαίνων</foreign> Blass.</note>
                        ψηφίζεσθαι· το<add>ὺς γ</add>ὰρ προέδρους <note anchored="true"
                            resp="perseus" type="Papyr" xml:lang="eng" place="margin">Column 4</note>
                        οὐκ ἔνεστιν εἰπεῖν ὡς ἀνάγκη τις ἦν στεφανῶσαι. </p>
                </div>
                <div type="textpart" subtype="section"
                    xml:base="urn:cts:greekLit:tlg0030.tlg002.perseus-grc2" n="6">
                    <p>πρὸ<add>ς δ</add>ὲ τούτοις αὐτὸς ὑμῖν<note anchored="true" resp="editor"
                            xml:lang="lat">Coll. 4 ad 8 plerumque restituit Kenyon, sed <foreign
                                xml:lang="grc">ὑμῖν</foreign> Koehler: <foreign xml:lang="grc">ἡμῖν</foreign>
                        L.</note> ο<add>ὗ</add>τος ῥᾳδίαν πεποίηκ<add>εν</add> τὴν γνῶσιν· ἔγραψεν γ<add>
                        ὰρ</add> ὧν ἕνεκα ἐστεφάνω<add>σε</add>ν τοὺς προέδρους, δι<add>κα</add>ιοσύνης
                        τε τῆς εἰς τὸν δ<add>ῆμ</add>ον τὸν Ἀθηναίων κα<add>ὶ δι</add>ότι κατὰ τοὺς
                        νόμο<add>υς π</add>ροηδρεύκασιν. ἐπὶ δ<add>ὴ<note anchored="true"
                                resp="editor" xml:lang="lat">
                                <foreign xml:lang="grc">δὴ</foreign> Blass.</note> τ</add>αῦτʼ ἄγετʼ
                        αὐτὸν ἀπολ<add>ογη</add>σόμενον, καὶ σύ, ὦ Φ<add>ιλι</add>ππίδη, δείξας
                        ἀληθῆ εἶναι τὰ περὶ τῶν προέδρων, ἃ ὑπέθου ἐν τῷ ψηφ<add>ίς</add>ματι,
                        ἀπόφευγε. </p>
                </div>
                <div type="textpart" subtype="section"
                    xml:base="urn:cts:greekLit:tlg0030.tlg002.perseus-grc2" n="7">
                    <p>εἰ δʼ ο<add>ἴει</add> κορδακίζων καὶ γελ<add>ωτ</add>οποιῶν, ὅπερ ποι<add>εῖν</add>
                        εἴωθας,<note anchored="true" resp="editor" xml:lang="lat">Post<foreign
                                xml:lang="grc">εἴωθας</foreign> interpunxit Kenyon: infra, post<foreign
                                xml:lang="grc">δικαστηρίων</foreign> Blass.</note> ἐπὶ τῶν δικαστη<add>
                        ρί</add>ων ἀποφεύξεσθαι, ε<add>ὐήθ</add>ης εἶ, ἢ παρὰ τούτ<add>ο</add>ις<note
                            anchored="true" resp="editor" xml:lang="lat">
                            <foreign xml:lang="grc">τούτοις</foreign> Jenson:<foreign xml:lang="grc">τούτων
                        φὴς</foreign> Kenyon.</note> συγγνώμην ἢ ἔ<add>λεόν</add><note
                            anchored="true" resp="editor" xml:lang="lat">
                            <foreign xml:lang="grc">ἔλεόν</foreign> Sandys.</note> τινα παρὰ τὸ
                        δίκαι<add>ον ὑπ</add>άρ<add>χ</add>ειν.<note anchored="true" resp="editor"
                            xml:lang="lat"><foreign xml:lang="grc">ὑπάρχειν</foreign> Blass.</note>
                        πολλοῦ γε δ<add>εῖ. οὐ γ</add>ὰρ<note anchored="true" resp="editor"
                            xml:lang="lat"><foreign xml:lang="grc">δεῖ. οὐ γὰρ</foreign> Herwerden
                        et Diels.</note> <note anchored="true" resp="perseus" type="Papyr"
                            xml:lang="eng" place="margin">Column 5</note> ἀπέθου σαυτῷ εὔνοιαν παρὰ
                        τῷ δήμῳ, ἀλλʼ ἑτέρωθι, οὐδὲ τοὺς σῶσαί σε δυναμένους ᾤου δεῖν κολακεύειν,
                        ἀλλὰ τοὺς τῷ δήμῳ φοβεροὺς ὄντας. </p>
                </div>
                <div type="textpart" subtype="section"
                    xml:base="urn:cts:greekLit:tlg0030.tlg002.perseus-grc2" n="8">
                    <p>καὶ ἓν μὲν σῶμα ἀθάνατον ὑπ<add>είλη</add>φας ἔσεσθαι, πόλεως δὲ τηλικαύτης
                        θάνατον κατέγνως, οὐδʼ ἐκεῖνο συνιδών, ὅτι τῶν μὲν τυράννων οὐδεὶς πώποτε
                        τελευτήσας ἀνεβίωσεν, πόλεις δὲ πολλαὶ ἄρδην ἀναιρεθεῖσαι πάλιν ἴσχυσαν.
                        οὐδὲ τὰ ἐπὶ τῶν τριάκοντα ἐλογίσασθε, οὐδʼ ὡς καὶ τῶν ἐπιστρατευσάντων καὶ
                        τῶν ἔνδοθεν συνεπιθεμένων αὐτῇ περιεγένετο, ἀλλὰ φανεροὶ ἐγένεσθε
                        καιροφυλακοῦντες τὴν πόλιν εἴ ποτε δοθήσεται ἐξουσία λέγειν τι ἢ πράττειν
                        κατὰ τοῦ δήμου. </p>
                </div>
                <div type="textpart" subtype="section"
                    xml:base="urn:cts:greekLit:tlg0030.tlg002.perseus-grc2" n="9">
                    <p>εἶτα περὶ <note anchored="true" resp="perseus" type="Papyr" xml:lang="eng"
                            place="margin">Column 6</note> καιρῶν αὐτίκα δὴ τολμήσετε λέγειν τοὺς
                        κατὰ τῆς πόλεως καιροὺς [οὐ]<note anchored="true" resp="editor"
                            xml:lang="lat"><foreign xml:lang="grc">οὐ</foreign> del. Koehler:<foreign
                                xml:lang="grc">οὕτω</foreign> Thalheim:<foreign xml:lang="grc">ὡς οὐ</foreign>
                        ci. Kenyon: <foreign xml:lang="grc">οἱ</foreign> Weil.</note>
                        παραφυλάξαντες; καὶ τὰ παιδία ἥκεις ἔχων εἰς τὸ δικαστήριον, καὶ ἀναβιβάσας
                        αὐτίκα δὴ ἀξιώσεις ὑπὸ τούτων ἐλεεῖσθαι; ἀλλʼ οὐ δίκαιον· ὅτε γὰρ ἡ πόλις
                        ὑπὸ τῶν ἄλλων ᾠκτείρετο διὰ τὰ συμβάν<add>τα</add>, τόθʼ ὑφʼ ὑμῶν
                        ἐξυβρίζετο. καίτοι οὗτοι μὲν τὴν Ἑλλάδα σῴζειν προελόμενοι ἀνάξια τῶν
                        φρονημάτων ἔπασχον, σὺ δὲ τὴν πόλιν εἰς τὰς ἐσχάτας αἰσχύνας ἀδίκως καθιστὰς
                        νυνὶ δικαίως τιμωρίας τεύξῃ. </p>
                </div>
                <div type="textpart" subtype="section"
                    xml:base="urn:cts:greekLit:tlg0030.tlg002.perseus-grc2" n="10">
                    <p>διὰ τί γὰρ <add>ἂν</add><note anchored="true" resp="editor" xml:lang="lat">
                            <foreign xml:lang="grc">ἂν</foreign> add. Herwerden.</note> τούτου
                        φείσαισθε; πότερα διότι δημοτικός ἐστιν; ἀλλὰ ἴστʼ αὐτὸν τοῖς μὲν τυράννοις
                        δουλεύειν προελόμενον, τῷ δὲ δήμῳ προστάττειν ἀξιοῦντα. ἀλλʼ ὅτι χρηστός;
                        ἀλλὰ δὶς <note anchored="true" resp="perseus" type="Papyr" xml:lang="eng"
                            place="margin">Column 7</note> αὐτοῦ ἀ<add>δικί</add>αν κατέγνωτε. ναί,
                        ἀ<add>λλ</add>ὰ χρήσιμος· ἀλλʼ εἰ χρής<add>ες</add>θε τῷ ὑφʼ ὑμῶν ὁμολ<add>
                        ογ</add>ουμένως πονηρῷ <add>κρ</add>ιθέντι, ἢ κρίνειν κακῶς δόξετε ἢ πονηρῶν <add>
                        ἀν</add>θρώπων ἐπιθυμ<add>εῖν. ο</add>ὐκοῦν οὐκ ἄξιον τὰ <add>τούτ</add>ου
                        ἀδικήματα αὐτ<add>οὺς<note anchored="true" resp="editor" xml:lang="lat"><foreign
                                    xml:lang="grc">αὐτοὺς</foreign> Blass.</note> ἀν</add>αδέχεσθαι,
                        ἀλλὰ <add>τ</add>ιμωρεῖ<add>σθ</add>αι τὸν ἀδικοῦν<add>τα</add>. </p>
                </div>
                <div type="textpart" subtype="section"
                    xml:base="urn:cts:greekLit:tlg0030.tlg002.perseus-grc2" n="11">
                    <p>καὶ ἂ<add>ν</add><note anchored="true" resp="editor" xml:lang="lat">
                            <foreign xml:lang="grc">ἂν</foreign> Jenson:<foreign xml:lang="grc">ἐὰν</foreign>
                        Kenyon.</note> ἄρα λέγῃ τις ἀναβὰς ὡς δὶς ἥλωκεν πρότερον παρανόμων, καὶ διὰ
                        τοῦτο φῇ δεῖν ὑμᾶς ἀποψηφίσασθαι, τοὐναντίον ποιεῖτε κατʼ ἀμφότερα. πρῶτον
                        μὲν ὅ<add>τι ε</add>ὐτύχημά ἐστιν τὸν ὁμολογουμένως τὰ παράνομα γράφοντα τὸ
                        τρίτον κρινόμενον λαβεῖν· οὐ γὰρ ὥσπερ ἀγαθοῦ τινος φείδεσθαι προσήκει
                        τούτου, ἀλλὰ τὴν ταχίστην ἀπηλλάχθαι, ὅς γε τοῦ τρόπου δὶς ἤδη ἐν ὑμῖν <note
                            anchored="true" resp="perseus" type="Papyr" xml:lang="eng"
                            place="margin">Column 8</note> βάσανον δέδωκεν. </p>
                </div>
                <div type="textpart" subtype="section"
                    xml:base="urn:cts:greekLit:tlg0030.tlg002.perseus-grc2" n="12">
                    <p>ἔπειτα δέ, ὥσπερ τοῖς τῶν ψευδομαρτυρίων δὶς ἡλωκόσιν δεδώκατε ὑμεῖς τὸ
                        τρίτον μὴ μαρτυρεῖν μηδʼ οἷς ἂν παραγένωνται, ἵνα μηδενὶ τῶν πολιτῶν ᾖ τὸ
                        ὑμέτερον πλῆθος αἴτιον τοῦ ἠτιμῶσθαι, ἀλλʼ αὐ<add>τὸ</add>ς α<add>ὑ</add>τῷ,
                        ἂν μὴ παύηται τὰ ψευδῆ μαρτυρῶν, οὕτω καὶ τοῖς ἡλωκόσι παρανόμων ἔξεστιν
                        μηκέτι γράφειν, εἰ δὲ μή, δῆλόν ἐστιν ὅτι ἰδίου τινὸς ἕνεκα τοῦτο ποιοῦσιν·
                        ὥστε οὐκ οἴκτου οἱ τοιοῦτοι ἄξιοί εἰσιν, ἀλλὰ τιμωρίας. </p>
                </div>
                <div type="textpart" subtype="section"
                    xml:base="urn:cts:greekLit:tlg0030.tlg002.perseus-grc2" n="13">
                    <p>ἵνα δὲ μὴ προθέμενος πρὸς ἀμφορέα ὕδατος εἰπεῖν μακρολογῶ, ὁ μὲν γραμματεὺς
                        ὑμῖν ἀναγνώσεται τὴν γραφὴν πάλιν· ὑμεῖς δὲ τῶν τε κατηγορημένων <note
                            anchored="true" resp="perseus" type="Papyr" xml:lang="eng"
                            place="margin">Column 9</note> μεμνημένοι καὶ τῶν νόμων ἀκούσαντες
                        ἀναγιγνωσκομένων, τά τε δίκαια καὶ τὰ συμφέροντα ὑμῖν αὐτοῖς ψηφίζεσθε.</p>
                </div>
            </div>

        </body>
    </text>
</TEI>