<?xml version="1.0" encoding="UTF-8"?>
<?xml-model href="http://www.stoa.org/epidoc/schema/latest/tei-epidoc.rng" schematypens="http://relaxng.org/ns/structure/1.0"?>
<TEI xmlns="http://www.tei-c.org/ns/1.0">
  <teiHeader>
    <fileDesc>
      <titleStmt>
        <title>Cyprians</title>

        <author>Isocrates</author>
        <editor>George Norlin</editor>
        <sponsor>Perseus Project, Tufts University</sponsor>
        <principal>Gregory Crane</principal>
        <respStmt>
          <resp>Prepared under the supervision of</resp>
          <name>Lisa Cerrato</name>
          <name>William Merrill</name>
          <name>Elli Mylonas</name>
          <name>David Smith</name>
        </respStmt>
        <funder n="org:AnnCPB">The Annenberg CPB/Project</funder>

      </titleStmt>
      <publicationStmt>
        <publisher>Trustees of Tufts University</publisher>
        <pubPlace>Medford, MA</pubPlace>
        <authority>Perseus Project</authority>
      </publicationStmt>

      <sourceDesc>
        <bibl>
          <author>Isocrates</author>
          <title>Isocrates with an English Translation in three volumes, by George Norlin, Ph.D.,
            LL.D.</title>
          <publisher>Cambridge, MA, Harvard University Press; London, William Heinemann
            Ltd.</publisher>
          <biblScope unit="volume">1</biblScope>
          <date type="print">1928</date>
          <date type="reprint">1980</date>
        </bibl>
      </sourceDesc>
    </fileDesc>

    <encodingDesc>
      <refsDecl n="CTS">
        <cRefPattern n="section"
          matchPattern="(\\w+)"
          replacementPattern="#xpath(/tei:TEI/tei:text/tei:body/tei:div/tei:div[@n=\'$1\'])">
          <p>This pointer pattern extracts section</p>
        </cRefPattern>
      </refsDecl>
      <refsDecl>
        <refState n="chunk context" unit="section" />
      </refsDecl>
    </encodingDesc>

    <profileDesc>
      <langUsage>
        <language ident="eng">English </language>
        <language ident="grc">Greek </language>
      </langUsage>

      <textClass xml:id="gen.epideictic">
        <keywords>
          <term>Epideictic</term>
        </keywords>
      </textClass>
      <textClass xml:id="gen.forensic.prosecution">
        <keywords>
          <term>Forensic Prosecution</term>
        </keywords>
      </textClass>
      <textClass xml:id="gen.forensic.defense">
        <keywords>
          <term>Forensic Defense</term>
        </keywords>
      </textClass>
      <textClass xml:id="gen.estate.claim">
        <keywords>
          <term>Claim against an Estate</term>
        </keywords>
      </textClass>
    </profileDesc>

    <revisionDesc>
      <!--
      <change><date>April 1992</date>
	<respStmt><name>W. Merrill</name><resp>ed.</resp></respStmt>
	<item>Threw out isoc.gk.sgml because first letter of each line was missing. Started from scratch
      again from isoc.gk.raw. Change markup in accordance with orator dtd</item>
      </change>
      <change><date>June 1992</date>
	<respStmt><name>W. Merrill</name><resp>ed.</resp></respStmt>
	<item>put speeches in numerical order. Consolidated files.</item>
      </change>
      <change><date>June 1995</date>
	<respStmt><name>Lisa Cerrato</name><resp>ed.</resp></respStmt>
	<item>made section after 11.21 11.22. It was 11.37.</item>
      </change>
      <change><date>1 March 2000</date>
	<respStmt><name>David Smith</name><resp>ed.</resp></respStmt>
	<item>
$Log: isoc.orat_gk.xml,v $
Revision 1.1  2009-11-24 20:08:29  rsingh04
moved more xml files around based on copyright status

Revision 1.4  2009/06/24 16:04:24  lcerrato
fixed bad bibls

Revision 1.3  2009/06/11 17:56:55  student
fixed bibl errors - zr

Revision 1.2  2006/02/10 21:10:24  packel
places/dates now actually tagged

Revision 1.1  2005/08/01 18:01:20  packel
split up letters and speeches

Revision 1.1  2005/07/25 14:37:37  packel
Converted to XML
	
Revision 1.12  2003/07/01 22:17:05  yorkc
Updated texts to TEI P4 and Perseus P4 extensions; minor cleanup (esp. character encodings and
      typos.)

Revision 1.11  2000/10/24 16:30:03  lcerrato
repetition of end of word in 7.38 eliminated

Revision 1.10  2000/03/22 17:08:04  dasmith
Corrected title of fifth letter.

Revision 1.9  2000/03/04 20:34:40  dasmith
Added separate funder entity to TEI header.

Revision 1.8  2000/03/01 22:22:15  dasmith
Only look up speeches in the orat. subdoc.

Revision 1.7  2000/03/01 22:15:43  dasmith
Can't have tags in change log.

Revision 1.6  2000/03/01 22:14:46  dasmith
Erroneously copied "text xml:lang=eng" from English file.

Revision 1.5  2000/03/01 22:08:47  dasmith
Converted to TEI P3.
Wrap letters in DIV1 so we can cite them as "L. 4.3" within doc.


      </item></change>
    <change><date>July 2014</date>
    <respStmt><name>Stella Dee</name><resp>ed.</resp></respStmt>
    <item>split speeches and converted to unicode</item>
      </change></change>-->
      <change when="2014-10-01" who="Stella Dee">edited markup</change>
    </revisionDesc>
  </teiHeader>
  <text xml:lang="grc">
    <body>
      <div type="edition" n="urn:cts:greekLit:tlg0010.tlg014.perseus-grc2" xml:lang="grc">
        <div subtype="section" type="textpart" n="1">
          <p> εἰσί τινες οἳ δυσκόλως ἔχουσι πρὸς τοὺς λόγους καὶ διαμέμφονται τοὺς φιλοσοφοῦντας,
            καί
            φασιν αὐτοὺς οὐκ ἀρετῆς ἀλλὰ πλεονεξίας ἕνεκα ποιεῖσθαι τὰς τοιαύτας διατριβάς. ἡδέως ἂν
            οὖν πυθοίμην τῶν οὕτω διακειμένων, διὰ τί τοὺς μὲν εὖ λέγειν ἐπιθυμοῦντας ψέγουσι, τοὺς
            δʼ
            ὀρθῶς πράττειν βουλομένους ἐπαινοῦσιν· εἰ γὰρ αἱ πλεονεξίαι λυποῦσιν αὐτούς, πλείους καὶ
            μείζους ἐκ τῶν ἔργων ἢ τῶν λόγων εὑρήσομεν γιγνομένας. </p>
        </div>
        <div subtype="section" type="textpart" n="2">
          <p>ἔπειτα κἀκεῖνʼ ἄτοπον εἰ λέληθεν αὐτούς, ὅτι τὰ περὶ τοὺς θεοὺς εὐσεβοῦμεν καὶ τὴν
            δικαιοσύνην ἀσκοῦμεν καὶ τὰς ἄλλας ἀρετὰς ἐπιτηδεύομεν οὐχ ἵνα τῶν ἄλλων ἔλαττον ἔχωμεν,
            ἀλλʼ ὅπως ἂν ὡς μετὰ πλείστων ἀγαθῶν τὸν βίον διάγωμεν. ὥστʼ οὐ κατηγορητέον τῶν
            πραγμάτων
            τούτων ἐστί, διʼ ὧν ἄν τις μετʼ ἀρετῆς πλεονεκτήσειεν, ἀλλὰ τῶν ἀνθρώπων τῶν περὶ τὰς
            πράξεις ἐξαμαρτανόντων ἢ τοῖς λόγοις ἐξαπατώντων καὶ μὴ δικαίως χρωμένων αὐτοῖς. </p>
        </div>
        <div subtype="section" type="textpart" n="3">
          <p>θαυμάζω δὲ τῶν ταύτην τὴν γνώμην ἐχόντων, ὅπως οὐ καὶ τὸν πλοῦτον καὶ τὴν ῥώμην καὶ τὴν
            ἀνδρίαν κακῶς λέγουσιν. εἴπερ γὰρ διὰ τοὺς ἐξαμαρτάνοντας καὶ τοὺς ψευδομένους πρὸς τοὺς
            λόγους χαλεπῶς ἔχουσι, προσήκει καὶ τοῖς ἄλλοις ἀγαθοῖς αὐτοὺς ἐπιτιμᾶν· φανήσονται γάρ
            τινες καὶ τῶν ταῦτα κεκτημένων ἐξαμαρτάνοντες καὶ πολλοὺς διὰ τούτων κακῶς ποιοῦντες. </p>
        </div>
        <div subtype="section" type="textpart" n="4">
          <p>ἀλλὰ γὰρ οὐ δίκαιον, οὔτʼ εἴ τινες τοὺς ἀπαντῶντας τύπτουσι, τῆς ῥώμης κατηγορεῖν, οὔτε
            διὰ τοὺς ἀποκτείνοντας οὓς οὐ δεῖ τὴν ἀνδρίαν λοιδορεῖν, οὔθʼ ὅλως τὴν τῶν ἀνθρώπων
            πονηρίαν ἐπὶ τὰ πράγματα μεταφέρειν, ἀλλʼ αὐτοὺς ἐκείνους ψέγειν, ὅσοι τοῖς ἀγαθοῖς
            κακῶς
            χρῶνται καὶ τοῖς ὠφελεῖν δυναμένοις, τούτοις βλάπτειν τοὺς συμπολιτευομένους
            ἐπιχειροῦσι.
          </p>
        </div>
        <div subtype="section" type="textpart" n="5">
          <p>νῦν δʼ ἀμελήσαντες τοῦτον τὸν τρόπον περὶ ἑκάστου διορίζεσθαι πρὸς ἅπαντας τοὺς λόγους
            δυσκόλως διάκεινται, καὶ τοσοῦτον διημαρτήκασιν ὥστʼ οὐκ αἴσθονται τοιούτῳ πράγματι
            δυσμενῶς ἔχοντες, ὃ πάντων τῶν ἐνόντων ἐν τῇ τῶν ἀνθρώπων φύσει πλείστων ἀγαθῶν αἴτιόν
            ἐστι. τοῖς μὲν γὰρ ἄλλοις οἷς ἔχομεν οὐδὲν τῶν ἄλλων ζῴων διαφέρομεν, ἀλλὰ πολλῶν καὶ τῷ
            τάχει καὶ τῇ ῥώμῃ καὶ ταῖς ἄλλαις εὐπορίαις καταδεέστεροι τυγχάνομεν ὄντες· </p>
        </div>
        <div subtype="section" type="textpart" n="6">
          <p> ἐγγενομένου δʼ ἡμῖν τοῦ πείθειν ἀλλήλους καὶ δηλοῦν πρὸς ἡμᾶς αὐτοὺς περὶ ὧν ἂν
            βουληθῶμεν, οὐ μόνον τοῦ θηριωδῶς ζῆν ἀπηλλάγημεν, ἀλλὰ καὶ συνελθόντες πόλεις ᾠκίσαμεν
            καὶ νόμους ἐθέμεθα καὶ τέχνας εὕρομεν, καὶ σχεδὸν ἅπαντα τὰ διʼ ἡμῶν μεμηχανημένα λόγος
            ἡμῖν ἐστιν ὁ συγκατασκευάσας. </p>
        </div>
        <div subtype="section" type="textpart" n="7">
          <p>οὗτος γὰρ περὶ τῶν δικαίων καὶ τῶν ἀδίκων καὶ τῶν αἰσχρῶν καὶ τῶν καλῶν ἐνομοθέτησεν·
            ὧν
            μὴ διαταχθέντων οὐκ ἂν οἷοί τʼ ἦμεν οἰκεῖν μετʼ ἀλλήλων. τούτῳ καὶ τοὺς κακοὺς
            ἐξελέγχομεν
            καὶ τοὺς ἀγαθοὺς ἐγκωμιάζομεν. διὰ τούτου τούς τʼ ἀνοήτους παιδεύομεν καὶ τοὺς φρονίμους
            δοκιμάζομεν· τὸ γὰρ λέγειν ὡς δεῖ τοῦ φρονεῖν εὖ μέγιστον σημεῖον ποιούμεθα, καὶ λόγος
            ἀληθὴς καὶ νόμιμος καὶ δίκαιος ψυχῆς ἀγαθῆς καὶ πιστῆς εἴδωλόν ἐστιν. </p>
        </div>
        <div subtype="section" type="textpart" n="8">
          <p>μετὰ τούτου καὶ περὶ τῶν ἀμφισβητησίμων ἀγωνιζόμεθα καὶ περὶ τῶν ἀγνοουμένων
            σκοπούμεθα·
            ταῖς γὰρ πίστεσιν αἷς τοὺς ἄλλους λέγοντες πείθομεν, ταῖς αὐταῖς ταύταις βουλευόμενοι
            χρώμεθα, καὶ ῥητορικοὺς μὲν καλοῦμεν τοὺς ἐν τῷ πλήθει δυναμένους λέγειν, εὐβούλους δὲ
            νομίζομεν οἵτινες ἂν αὐτοὶ πρὸς αὑτοὺς ἄριστα περὶ τῶν πραγμάτων διαλεχθῶσιν. </p>
        </div>
        <div subtype="section" type="textpart" n="9">
          <p>εἰ δὲ δεῖ συλλήβδην περὶ τῆς δυνάμεως ταύτης εἰπεῖν, οὐδὲν τῶν φρονίμως πραττομένων
            εὑρήσομεν ἀλόγως γιγνόμενον, ἀλλὰ καὶ τῶν ἔργων καὶ τῶν διανοημάτων ἁπάντων ἡγεμόνα
            λόγον
            ὄντα, καὶ μάλιστα χρωμένους αὐτῷ τοὺς πλεῖστον νοῦν ἔχοντας· ὥστε τοὺς τολμῶντας
            βλασφημεῖν περὶ τῶν παιδευόντων καὶ φιλοσοφούντων ὁμοίως ἄξιον μισεῖν ὥσπερ τοὺς εἰς τὰ
            τῶν θεῶν ἐξαμαρτάνοντας. </p>
        </div>
        <div subtype="section" type="textpart" n="10">
          <p>ἐγὼ δʼ ἀποδέχομαι μὲν ἅπαντας τοὺς λόγους τοὺς καὶ κατὰ μικρὸν ἡμᾶς ὠφελεῖν δυναμένους,
            οὐ μὴν ἀλλὰ καλλίστους ἡγοῦμαι καὶ βασιλικωτάτους καὶ μάλιστα πρέποντας ἐμοὶ τοὺς περὶ
            τῶν
            ἐπιτηδευμάτων καὶ τῶν πολιτειῶν παραινοῦντας, καὶ τούτων αὐτῶν ὅσοι διδάσκουσι τούς τε
            δυναστεύοντας ὡς δεῖ τῷ πλήθει χρῆσθαι, καὶ τοὺς ἰδιώτας ὡς χρὴ πρὸς τοὺς ἄρχοντας
            διακεῖσθαι· διὰ γὰρ τούτων ὁρῶ τὰς πόλεις εὐδαιμονεστάτας καὶ μεγίστας γιγνομένας. </p>
        </div>
        <div subtype="section" type="textpart" n="11">
          <p>τὸν μὲν οὖν ἕτερον, ὡς χρὴ τυραννεῖν, Ἰσοκράτους ἠκούσατε, τὸν δʼ ἐχόμενον, ἃ δεῖ
            ποιεῖν
            τοὺς ἀρχομένους, ἐγὼ πειράσομαι διελθεῖν, οὐχ ὡς ἐκεῖνον ὑπερβαλούμενος, ἀλλʼ ὡς
            προσῆκόν
            μοι περὶ τούτων μάλιστα διαλεχθῆναι πρὸς ὑμᾶς. εἰ μὲν γὰρ ἐμοῦ μὴ δηλώσαντος ἃ βούλομαι
            ποιεῖν ὑμᾶς διαμάρτοιτε τῆς ἐμῆς γνώμης, οὐκ ἂν εἰκότως ὑμῖν ὀργιζοίμην· εἰ δὲ
            προειπόντος
            ἐμοῦ μηδὲν γίγνοιτο τούτων, δικαίως ἂν ἤδη τοῖς μὴ πειθομένοις μεμφοίμην. </p>
        </div>
        <div subtype="section" type="textpart" n="12">
          <p>ἡγοῦμαι δʼ οὕτως ἂν μάλιστα παρακαλέσαι καὶ προτρέψαι πρὸς τὸ μνημονεύειν ὑμᾶς τὰ
            ῥηθέντα
            καὶ πειθαρχεῖν αὐτοῖς, οὐκ εἰ περὶ τὸ συμβουλεύειν μόνον γενοίμην καὶ ταῦτʼ ἀπαριθμήσας
            ἀπαλλαγείην, ἀλλʼ εἰ προεπιδείξαιμι πρῶτον μὲν τὴν πολιτείαν τὴν παροῦσαν ὡς ἄξιόν ἐστιν
            ἀγαπᾶν οὐ μόνον διὰ τὴν ἀνάγκην, οὐδʼ ὅτι πάντα τὸν χρόνον μετὰ ταύτης οἰκοῦμεν, ἀλλʼ
            ὅτι
            βελτίστη τῶν πολιτειῶν ἐστιν, </p>
        </div>
        <div subtype="section" type="textpart" n="13">
          <p>ἔπειθʼ ὡς ἐγὼ ταύτην ἔχω τὴν ἀρχὴν οὐ παρανόμως οὐδʼ ἀλλοτρίαν, ἀλλʼ ὁσίως καὶ δικαίως
            καὶ διὰ τοὺς ἐξ ἀρχῆς προγόνους καὶ διὰ τὸν πατέρα καὶ διʼ ἐμαυτόν. τούτων γὰρ
            προαποδειχθέντων τίς οὐκ αὐτὸς αὑτοῦ καταγνώσεται τὴν μεγίστην ζημίαν, ἂν μὴ πειθαρχῇ
            τοῖς
            ὑπʼ ἐμοῦ συμβουλευθεῖσι καὶ προσταχθεῖσιν; </p>
        </div>
        <div subtype="section" type="textpart" n="14">
          <p>περὶ μὲν οὖν τῶν πολιτειῶν (ἐντεῦθεν γὰρ ὑποτιθέμενος ἠρξάμην) οἶμαι πᾶσι δοκεῖν
            δεινότατον μὲν εἶναι τὸ τῶν αὐτῶν ἀξιοῦσθαι τοὺς χρηστοὺς καὶ τοὺς πονηρούς, δικαιότατον
            δὲ τὸ διωρίσθαι περὶ τούτων καὶ μὴ τοὺς ἀνομοίους τῶν ὁμοίων τυγχάνειν, ἀλλὰ καὶ
            πράττειν
            καὶ τιμᾶσθαι κατὰ τὴν ἀξίαν ἑκάστους. </p>
        </div>
        <div subtype="section" type="textpart" n="15">
          <p>αἱ μὲν τοίνυν ὀλιγαρχίαι καὶ δημοκρατίαι τὰς ἰσότητας τοῖς μετέχουσι τῶν πολιτειῶν
            ζητοῦσι, καὶ τοῦτʼ εὐδοκιμεῖ παρʼ αὐταῖς, ἢν μηδὲν ἕτερος ἑτέρου δύνηται πλέον ἔχειν· ὃ
            τοῖς πονηροῖς συμφέρον ἐστίν· αἱ δὲ μοναρχίαι πλεῖστον μὲν νέμουσι τῷ βελτίστῳ, δεύτερον
            δὲ τῷ μετʼ ἐκεῖνον, τρίτον δὲ καὶ τέταρτον τοῖς ἄλλοις κατὰ τὸν αὐτὸν λόγον. καὶ ταῦτʼ
            εἰ
            μὴ πανταχοῦ καθέστηκεν, ἀλλὰ τό γε βούλημα τῆς πολιτείας τοιοῦτόν ἐστιν. </p>
        </div>
        <div subtype="section" type="textpart" n="16">
          <p>καὶ μὲν δὴ διορᾶν καὶ τὰς φύσεις τῶν ἀνθρώπων καὶ τὰς πράξεις ἅπαντες ἂν τὰς τυραννίδας
            μᾶλλον ὁμολογήσαιεν. καίτοι τίς οὐκ ἂν δέξαιτο τῶν εὖ φρονούντων τοιαύτης πολιτείας
            μετέχειν ἐν ᾗ μὴ διαλήσει χρηστὸς ὤν, μᾶλλον ἢ φέρεσθαι μετὰ τοῦ πλήθους μὴ
            γιγνωσκόμενος
            ὁποῖός τίς ἐστιν; ἀλλὰ μὴν καὶ πραοτέραν τοσούτῳ δικαίως ἂν αὐτὴν εἶναι κρίνοιμεν, ὅσῳ
            περ
            ῥᾷόν ἐστιν ἑνὸς ἀνδρὸς γνώμῃ προσέχειν τὸν νοῦν μᾶλλον ἢ πολλαῖς καὶ παντοδαπαῖς
            διανοίαις
            ζητεῖν ἀρέσκειν. </p>
        </div>
        <div subtype="section" type="textpart" n="17">
          <p>ὅτι μὲν οὖν ἡδίων ἐστὶ καὶ πραοτέρα καὶ δικαιοτέρα, διὰ πλειόνων μὲν ἄν τις
            ἀποδείξειεν,
            οὐ μὴν ἀλλὰ καὶ διὰ τούτων συνιδεῖν ῥᾴδιόν ἐστι· περὶ δὲ τῶν λοιπῶν, ὅσον αἱ μοναρχίαι
            πρὸς τὸ βουλεύεσθαι καὶ πρᾶξαί τι τῶν δεόντων διαφέρουσιν, οὕτως ἂν κάλλιστα
            θεωρήσαιμεν,
            εἰ τὰς μεγίστας τῶν πράξεων παρʼ ἀλλήλας τιθέντες ἐξετάζειν ἐπιχειρήσαιμεν αὐτάς. οἱ μὲν
            τοίνυν κατʼ ἐνιαυτὸν εἰς τὰς ἀρχὰς εἰσιόντες πρότερον ἰδιῶται γίγνονται, πρὶν αἰσθέσθαι
            τι
            τῶν τῆς πόλεως καὶ λαβεῖν ἐμπειρίαν αὐτῶν· </p>
        </div>
        <div subtype="section" type="textpart" n="18">
          <p> οἱ δʼ ἀεὶ τοῖς αὐτοῖς ἐπιστατοῦντες, ἢν καὶ τὴν φύσιν καταδεεστέραν ἔχωσιν, ἀλλʼ οὖν
            ταῖς γʼ ἐμπειρίαις πολὺ τῶν ἄλλων προέχουσιν. ἔπειθʼ οἱ μὲν πολλῶν καταμελοῦσιν εἰς
            ἀλλήλους ἀποβλέποντες, οἱ δʼ οὐδενὸς ὀλιγωροῦσιν, εἰδότες ὅτι πάντα δεῖ διʼ αὑτῶν
            γίγνεσθαι. πρὸς δὲ τούτοις οἱ μὲν ἐν ταῖς ὀλιγαρχίαις καὶ ταῖς δημοκρατίαις διὰ τὰς πρὸς
            σφᾶς αὐτοὺς φιλοτιμίας λυμαίνονται τοῖς κοινοῖς· οἱ δʼ ἐν ταῖς μοναρχίαις ὄντες, οὐκ
            ἔχοντες ὅτῳ φθονήσουσι, πάντων, ὡς οἷόν τʼ ἐστί, βέλτιστα πράττουσιν. </p>
        </div>
        <div subtype="section" type="textpart" n="19">
          <p>ἔπειθʼ οἱ μὲν ὑστερίζουσι τῶν πραγμάτων· τὸν μὲν γὰρ πλεῖστον χρόνον ἐπὶ τοῖς ἰδίοις
            διατρίβουσιν, ἐπειδὰν δʼ εἰς τὰ συνέδρια συνέλθωσιν, πλεονάκις ἄν τις αὐτοὺς εὕροι
            διαφερομένους ἢ κοινῇ βουλευομένους· οἱ δʼ οὔτε συνεδρίων οὔτε χρόνων αὐτοῖς
            ἀποδεδειγμένων, ἀλλὰ καὶ τὰς ἡμέρας καὶ τὰς νύκτας ἐπὶ ταῖς πράξεσιν ὄντες οὐκ
            ἀπολείπονται τῶν καιρῶν, ἀλλʼ ἕκαστον ἐν τῷ δέοντι πράττουσιν. </p>
        </div>
        <div subtype="section" type="textpart" n="20">
          <p>ἔτι δʼ οἱ μὲν δυσμενῶς ἔχουσι, καὶ βούλοιντʼ ἂν καὶ τοὺς πρὸ αὑτῶν ἄρχοντας καὶ τοὺς
            ἐφʼ
            αὑτοῖς ὡς κάκιστα διοικῆσαι τὴν πόλιν, ἵνʼ ὡς μεγίστην δόξαν αὐτοὶ λάβωσιν· οἱ δὲ διὰ
            παντὸς τοῦ βίου κύριοι τῶν πραγμάτων ὄντες εἰς ἅπαντα τὸν χρόνον καὶ τὰς εὐνοίας
            ἔχουσιν.
          </p>
        </div>
        <div subtype="section" type="textpart" n="21">
          <p>τὸ δὲ μέγιστον· τοῖς γὰρ κοινοῖς οἱ μὲν ὡς ἀλλοτρίοις, οἱ δʼ ὡς ἰδίοις<note resp="ed"
              xml:lang="en" anchored="true"><foreign xml:lang="greek">οἱ μὲν ὡς ἀλλοτρίοις, οἱ δʼ ὡς
            ἰδίοις</foreign>see Norlin, Class. Phil. xvii. p. 356:<foreign xml:lang="greek">οἱ μὲν
                ὡς ἰδίοις, οἱ δʼ ὡς ἀλλοτρίοις</foreign>MSS.</note> προσέχουσι τὸν νοῦν, καὶ
            συμβούλοις χρῶνται περὶ αὐτῶν οἱ μὲν τῶν ἀστῶν τοῖς τολμηροτάτοις, οἱ δʼ ἐξ ἁπάντων
            ἐκλεξάμενοι τοῖς φρονιμωτάτοις, καὶ τιμῶσιν οἱ μὲν τοὺς ἐν τοῖς ὄχλοις εἰπεῖν
            δυναμένους, οἱ δὲ τοὺς χρῆσθαι τοῖς πράγμασιν ἐπισταμένους. </p>
        </div>
        <div subtype="section" type="textpart" n="22">
          <p>οὐ μόνον δʼ ἐν τοῖς ἐγκυκλίοις καὶ τοῖς κατὰ τὴν ἡμέραν ἑκάστην γιγνομένοις αἱ
            μοναρχίαι διαφέρουσιν, ἀλλὰ καὶ τὰς ἐν τῷ πολέμῳ πλεονεξίας ἁπάσας περιειλήφασιν. καὶ
            γὰρ παρασκευάσασθαι δυνάμεις καὶ χρήσασθαι ταύταις, ὥστε καὶ λαθεῖν καὶ φθῆναι,<note
              resp="ed"
              xml:lang="en" anchored="true"><foreign xml:lang="greek">φθῆναι</foreign>Coray:<foreign
                xml:lang="greek">ὀφθῆναι</foreign>MSS.</note> καὶ τοὺς μὲν πεῖσαι, τοὺς δὲ
            βιάσασθαι, παρὰ δὲ τῶν ἐκπρίασθαι, τοὺς δὲ ταῖς ἄλλαις θεραπείαις προσαγαγέσθαι, μᾶλλον
            αἱ τυραννίδες τῶν ἄλλων πολιτειῶν οἷαί τʼ εἰσίν. καὶ ταῦτʼ ἐκ τῶν ἔργων ἄν τις οὐχ ἧττον
            ἢ τῶν λόγων πιστεύσειεν. </p>
        </div>
        <div subtype="section" type="textpart" n="23">
          <p>τοῦτο μὲν γὰρ τὴν τῶν Περσῶν δύναμιν ἅπαντες ἴσμεν τηλικαύτην τὸ μέγεθος γεγενημένην οὐ
            διὰ τὴν τῶν ἀνδρῶν φρόνησιν, ἀλλʼ ὅτι μᾶλλον τῶν ἄλλων τὴν βασιλείαν τιμῶσι· τοῦτο δὲ
            Διονύσιον τὸν τύραννον, ὅτι παραλαβὼν τὴν μὲν ἄλλην Σικελίαν ἀνάστατον γεγενημένην, τὴν
            δʼ
            αὑτοῦ πατρίδα πολιορκουμένην, οὐ μόνον αὐτὴν τῶν παρόντων κινδύνων ἀπήλλαξεν, ἀλλὰ καὶ
            μεγίστην τῶν Ἑλληνίδων πόλεων ἐποίησεν· ἔτι δὲ Καρχηδονίους καὶ Λακεδαιμονίους, </p>
        </div>
        <div subtype="section" type="textpart" n="24">
          <p>τοὺς ἄριστα τῶν ἄλλων<note resp="ed" xml:lang="en" anchored="true"><foreign
                xml:lang="greek">ἄλλων</foreign>Blass:<foreign xml:lang="greek"
              >Ἑλλήνων</foreign>MSS.</note>
            πολιτευομένους, οἴκοι μὲν ὀλιγαρχουμένους, παρὰ δὲ τὸν πόλεμον βασιλευομένους. ἔχοι δʼ
            ἄν τις ἐπιδεῖξαι καὶ τὴν πόλιν,<note resp="ed"
              xml:lang="en" anchored="true"><foreign xml:lang="greek">πόλιν Γ· πόλιν τῶν
                Ἀθηναίων</foreign>vulg.</note> τὴν μάλιστα τὰς τυραννίδας μισοῦσαν, ὅταν μὲν πολλοὺς
            ἐκπέμψῃ στρατηγούς, ἀτυχοῦσαν, ὅταν δὲ διʼ ἑνὸς ποιήσηται τοὺς κινδύνους, κατορθοῦσαν. </p>
        </div>
        <div subtype="section" type="textpart" n="25">
          <p>καίτοι πῶς ἄν τις σαφέστερον ἐπιδείξειεν ἢ διὰ τοιούτων παραδειγμάτων πλείστου τὰς
            μοναρχίας ἀξίας οὔσας; φαίνονται γὰρ οἵ τε διὰ τέλους τυραννευόμενοι μεγίστας δυνάμεις
            ἔχοντες, οἵ τε καλῶς ὀλιγαρχούμενοι, περὶ ἃ μάλιστα σπουδάζουσιν, οἱ μὲν ἕνα μόνον
            στρατηγὸν οἱ δὲ βασιλέα τῶν στρατοπέδων κύριον καθιστάντες, οἵ τε μισοῦντες τὰς
            τυραννίδας, ὁπόταν πολλοὺς ἄρχοντας ἐκπέμψωσιν, </p>
        </div>
        <div subtype="section" type="textpart" n="26">
          <p>οὐδὲν τῶν δεόντων πράττοντες. εἰ δὲ δεῖ τι καὶ τῶν ἀρχαίων εἰπεῖν, λέγεται καὶ τοὺς
            θεοὺς
            ὑπὸ Διὸς βασιλεύεσθαι. περὶ ὧν εἰ μὲν ἀληθὴς ὁ λόγος ἐστί, δῆλον ὅτι κἀκεῖνοι ταύτην τὴν
            κατάστασιν προκρίνουσιν, εἰ δὲ τὸ μὲν σαφὲς μηδεὶς οἶδεν, αὐτοὶ δʼ εἰκάζοντες οὕτω περὶ
            αὐτῶν ὑπειλήφαμεν, σημεῖον ὅτι πάντες τὴν μοναρχίαν προτιμῶμεν· οὐ γὰρ ἄν ποτʼ αὐτῇ
            χρῆσθαι τοὺς θεοὺς ἔφαμεν, εἰ μὴ πολὺ τῶν ἄλλων αὐτὴν προέχειν ἐνομίζομεν. </p>
        </div>
        <div subtype="section" type="textpart" n="27">
          <p>περὶ μὲν οὖν τῶν πολιτειῶν, ὅσον ἀλλήλων διαφέρουσιν, ἅπαντα μὲν οὔθʼ εὑρεῖν οὔτʼ
            εἰπεῖν
            δυνατόν ἐστιν· οὐ μὴν ἀλλὰ πρός γε τὸ παρὸν ἀποχρώντως καὶ νῦν εἴρηται περὶ αὐτῶν. ὡς δὲ
            προσηκόντως τὴν ἀρχὴν ἡμεῖς ἔχομεν, πολὺ τούτου συντομώτερος καὶ μᾶλλον ὁμολογούμενος ὁ
            λόγος ἐστίν. </p>
        </div>
        <div subtype="section" type="textpart" n="28">
          <p>τίς γὰρ οὐκ οἶδεν ὅτι Τεῦκρος μὲν ὁ τοῦ γένους ἡμῶν ἀρχηγός, παραλαβὼν τοὺς τῶν ἄλλων
            πολιτῶν προγόνους, πλεύσας δεῦρο καὶ τὴν πόλιν αὐτοῖς ἔκτισε καὶ τὴν χώραν κατένειμεν, ὁ
            δὲ πατὴρ Εὐαγόρας ἀπολεσάντων ἑτέρων τὴν ἀρχὴν πάλιν ἀνέλαβεν, ὑποστὰς τοὺς μεγίστους
            κινδύνους, καὶ τοσοῦτον μετέστησεν ὥστε μηκέτι Φοίνικας Σαλαμινίων τυραννεῖν, ἀλλʼ ὧνπερ
            ἦν τὴν ἀρχήν, τούτους καὶ νῦν ἔχειν τὴν βασιλείαν; </p>
        </div>
        <div subtype="section" type="textpart" n="29">
          <p>λοιπὸν οὖν ἐστιν ὧν προεθέμην περὶ ἐμαυτοῦ διελθεῖν ἵνʼ ἐπίστησθʼ ὅτι τοιοῦτός ἐστιν
            ὑμῶν
            ὁ βασιλεύων, ὃς οὐ μόνον διὰ τοὺς προγόνους ἀλλὰ καὶ διʼ ἐμαυτὸν δικαίως ἂν καὶ μείζονος
            τιμῆς ἢ τηλικαύτης ἠξιώθην. οἶμαι γὰρ ἐγὼ πάντας ἂν ὁμολογῆσαι πλείστου τῶν ἀρετῶν ἀξίας
            εἶναι τήν τε σωφροσύνην καὶ τὴν δικαιοσύνην. </p>
        </div>
        <div subtype="section" type="textpart" n="30">
          <p>οὐ γὰρ μόνον ἡμᾶς τὸ καθʼ αὑτὰς ὠφελοῦσιν, ἀλλʼ εἰ ʼθέλοιμεν σκοπεῖν καὶ τὰς φύσεις καὶ
            τὰς δυνάμεις καὶ τὰς χρήσεις τῶν πραγμάτων, εὑρήσομεν τὰς μὲν μὴ μετεχούσας τούτων τῶν
            ἰδεῶν μεγάλων κακῶν αἰτίας οὔσας, τὰς δὲ μετὰ δικαιοσύνης καὶ σωφροσύνης γιγνομένας
            πολλὰ
            τὸν βίον τὸν τῶν ἀνθρώπων ὠφελούσας. εἰ δή τινες τῶν προγεγενημένων ἐπὶ ταύταις ταῖς
            ἀρεταῖς εὐδοκίμησαν, ἡγοῦμαι κἀμοὶ προσήκειν τῆς αὐτῆς δόξης ἐκείνοις τυγχάνειν. </p>
        </div>
        <div subtype="section" type="textpart" n="31">
          <p>τὴν μὲν οὖν δικαιοσύνην ἐκεῖθεν ἂν μάλιστα κατίδοιτε. παραλαβὼν γάρ, ὅτʼ εἰς τὴν ἀρχὴν
            καθιστάμην, τὰ μὲν βασίλεια χρημάτων κενὰ καὶ πάντα κατηναλωμένα, τὰ δὲ πράγματα ταραχῆς
            μεστὰ καὶ πολλῆς ἐπιμελείας δεόμενα καὶ φυλακῆς καὶ δαπάνης, εἰδὼς ἑτέρους ἐν τοῖς
            τοιούτοις καιροῖς ἐκ παντὸς τρόπου τὰ σφέτερʼ αὐτῶν διορθουμένους καὶ πολλὰ παρὰ τὴν
            φύσιν
            τὴν αὑτῶν πράττειν ἀναγκαζομένους, ὅμως οὐδʼ ὑφʼ ἑνὸς τούτων διεφθάρην, </p>
        </div>
        <div subtype="section" type="textpart" n="32">
          <p>ἀλλʼ ὁσίως καὶ καλῶς ἐπεμελήθην τῶν πραγμάτων, ὥστε μηδὲν ἐλλείπειν ἐξ ὧν οἷόν τʼ ἦν
            αὐξηθῆναι καὶ πρὸς εὐδαιμονίαν ἐπιδοῦναι τὴν πόλιν. πρός τε γὰρ τοὺς πολίτας μετὰ
            τοιαύτης
            πραότητος προσηνέχθην, ὥστε μήτε φυγὰς μήτε θανάτους μήτε χρημάτων ἀποβολὰς μήτʼ ἄλλην
            μηδεμίαν τοιαύτην συμφορὰν ἐπὶ τῆς ἐμῆς γεγενῆσθαι βασιλείας. </p>
        </div>
        <div subtype="section" type="textpart" n="33">
          <p>ἀβάτου δὲ τῆς Ἑλλάδος ἡμῖν οὔσης διὰ τὸν πόλεμον τὸν γεγενημένον, καὶ πανταχοῦ
            συλωμένων
            ἡμῶν, τὰ πλεῖστα τούτων διέλυσα, τοῖς μὲν ἅπαντʼ ἀποτίνων, τοῖς δὲ μέρη, τῶν δʼ
            ἀναβαλέσθαι δεόμενος, πρὸς δὲ τοὺς ὅπως ἠδυνάμην περὶ τῶν ἐγκλημάτων διαλλαττόμενος. ἔτι
            δὲ καὶ τῶν νῆσον οἰκούντων δυσκόλως πρὸς ἡμᾶς διακειμένων, καὶ βασιλέως τῷ μὲν λόγῳ
            διηλλαγμένου τῇ δʼ ἀληθεία τραχέως ἔχοντος, </p>
        </div>
        <div subtype="section" type="textpart" n="34">
          <p>ἀμφότερα ταῦτα κατεπράϋνα, τῷ μὲν προθύμως ὑπηρετῶν, πρὸς δὲ τοὺς δίκαιον ἐμαυτὸν
            παρέχων. τοσούτου γὰρ δέω τῶν ἀλλοτρίων ἐπιθυμεῖν, ὥσθʼ ἕτεροι μέν, ἢν καὶ μικρῷ μείζω
            τῶν
            ὁμόρων δύναμιν ἔχωσιν, ἀποτέμνονται τῆς γῆς καὶ πλεονεκτεῖν ζητοῦσιν, ἐγὼ δʼ οὐδὲ τὴν
            διδομένην χώραν ἠξίωσα λαβεῖν, ἀλλʼ αἱροῦμαι μετὰ δικαιοσύνης τὴν ἐμαυτοῦ μόνον ἔχειν
            μᾶλλον ἢ μετὰ κακίας πολλαπλασίαν τῆς ὑπαρχούσης κτήσασθαι. </p>
        </div>
        <div subtype="section" type="textpart" n="35">
          <p>καὶ τί δεῖ καθʼ ἓν ἕκαστον λέγοντα διατρίβειν, ἄλλως τε καὶ συντόμως ἔχοντα δηλῶσαι
            περὶ
            ἐμαυτοῦ; φανήσομαι γὰρ οὐδένα μὲν πώποτʼ ἀδικήσας, πλείους δὲ καὶ τῶν πολιτῶν καὶ τῶν
            ἄλλων Ἑλλήνων εὖ πεποιηκὼς καὶ μείζους δωρεὰς ἑκατέροις δεδωκὼς ἢ σύμπαντες οἱ πρὸ ἐμοῦ
            βασιλεύσαντες. καίτοι χρὴ τοὺς μέγα φρονοῦντας ἐπὶ δικαιοσύνῃ καὶ προσποιουμένους
            χρημάτων
            εἶναι κρείττους τοιαύτας ὑπερβολὰς ἔχειν εἰπεῖν περὶ αὑτῶν. </p>
        </div>
        <div subtype="section" type="textpart" n="36">
          <p>καὶ μὲν δὴ καὶ περὶ σωφροσύνης ἔτι μείζω τούτων ἔχω διελθεῖν. εἰδὼς γὰρ ἅπαντας
            ἀνθρώπους
            περὶ πλείστου ποιουμένους τοὺς παῖδας τοὺς αὑτῶν καὶ τὰς γυναῖκας, καὶ μάλιστʼ
            ὀργιζομένους τοῖς εἰς ταῦτʼ ἐξαμαρτάνουσι, καὶ τὴν ὕβριν τὴν περὶ ταῦτα μεγίστων κακῶν
            αἰτίαν γιγνομένην, καὶ πολλοὺς ἤδη καὶ τῶν ἰδιωτῶν καὶ τῶν δυναστευσάντων διὰ ταύτην
            ἀπολομένους, οὕτως ἔφυγον τὰς αἰτίας ταύτας, ὥστʼ ἐξ οὗ τὴν βασιλείαν ἔλαβον, οὐδενὶ
            φανήσομαι σώματι πεπλησιακὼς πλὴν τῆς ἐμαυτοῦ γυναικός, </p>
        </div>
        <div subtype="section" type="textpart" n="37">
          <p>οὐκ ἀγνοῶν ὅτι κἀκεῖνοι παρὰ τοῖς πολλοῖς εὐδοκιμοῦσιν, ὅσοι περὶ μὲν τὰ τῶν πολιτῶν
            δίκαιοι τυγχάνουσιν ὄντες, ἄλλοθεν δέ ποθεν αὑτοῖς ἐπορίσαντο τὰς ἡδονάς, ἀλλὰ
            βουλόμενος
            ἅμα μὲν ἐμαυτὸν ὡς πορρωτάτω ποιῆσαι τῶν τοιούτων ὑποψιῶν, ἅμα δὲ παράδειγμα καταστῆσαι
            τὸν τρόπον τὸν ἐμαυτοῦ τοῖς ἄλλοις πολίταις, γιγνώσκων ὅτι φιλεῖ τὸ πλῆθος ἐν τούτοις
            τοῖς
            ἐπιτηδεύμασι τὸν βίον διάγειν, ἐν οἷς ἂν τοὺς ἄρχοντας τοὺς αὑτῶν ὁρῶσι διατρίβοντας. </p>
        </div>
        <div subtype="section" type="textpart" n="38">
          <p>ἔπειτα καὶ προσήκειν ἡγησάμην τοσούτῳ τοὺς βασιλεῖς βελτίους εἶναι τῶν ἰδιωτῶν, ὅσῳ περ
            καὶ τὰς τιμὰς μείζους αὐτῶν ἔχουσι, καὶ δεινὰ ποιεῖν ὅσοι τοὺς μὲν ἄλλους κοσμίως ζῆν
            ἀναγκάζουσιν, αὐτοὶ δʼ αὑτοὺς μὴ σωφρονεστέρους τῶν ἀρχομένων παρέχουσιν. </p>
        </div>
        <div subtype="section" type="textpart" n="39">
          <p>πρὸς δὲ τούτοις τῶν μὲν ἄλλων πράξεων ἑώρων ἐγκρατεῖς τοὺς πολλοὺς γιγνομένους, τῶν δʼ
            ἐπιθυμιῶν τῶν περὶ τοὺς παῖδας καὶ τὰς γυναῖκας καὶ τοὺς βελτίστους ἡττωμένους·
            ἐβουλήθην
            οὖν ἐν τούτοις ἐμαυτὸν ἐπιδεῖξαι καρτερεῖν δυνάμενον, ἐν οἷς ἔμελλον οὐ μόνον τῶν ἄλλων
            διοίσειν, ἀλλὰ καὶ τῶν ἐπʼ ἀρετῇ μέγα φρονούντων. </p>
        </div>
        <div subtype="section" type="textpart" n="40">
          <p>ἔτι δὲ καὶ τῶν τοιούτων πολλὴν κακίαν κατεγίγνωσκον, ὅσοι γυναῖκας λαβόντες καὶ
            κοινωνίαν
            ποιησάμενοι παντὸς τοῦ βίου μὴ στέργουσιν οἷς ἔπραξαν, ἀλλὰ ταῖς αὑτῶν ἡδοναῖς λυποῦσι
            ταύτας ὑφʼ ὧν αὐτοὶ μηδὲν ἀξιοῦσι λυπεῖσθαι, καὶ περὶ μὲν ἄλλας τινὰς κοινωνίας
            ἐπιεικεῖς
            σφᾶς αὐτοὺς παρέχουσιν, ἐν δὲ ταῖς πρὸς τὰς γυναῖκας ἐξαμαρτάνουσιν· ἃς ἔδει τοσούτῳ
            μᾶλλον διαφυλάττειν, ὅσῳ περ οἰκειότεραι καὶ μείζους οὖσαι τῶν ἄλλων τυγχάνουσιν. </p>
        </div>
        <div subtype="section" type="textpart" n="41">
          <p>εἶτα λανθάνουσιν ἔνδον ἐν τοῖς βασιλείοις στάσεις καὶ διαφορὰς αὑτοῖς ἐγκαταλείποντες.
            καίτοι χρὴ τοὺς ὀρθῶς βασιλεύοντας μὴ μόνον τὰς πόλεις ἐν ὁμονοία πειρᾶσθαι διάγειν, ὧν
            ἂν
            ἄρχωσιν, ἀλλὰ καὶ τοὺς οἴκους τοὺς ἰδίους καὶ τοὺς τόπους ἐν οἷς ἂν κατοικῶσιν· ἅπαντα
            γὰρ
            ταῦτα σωφροσύνης ἔργα καὶ δικαιοσύνης ἐστίν. </p>
        </div>
        <div subtype="section" type="textpart" n="42">
          <p>οὐ τὴν αὐτὴν δὲ γνώμην ἔσχον οὐδὲ περὶ τῆς παιδοποιίας τοῖς πλείστοις τῶν βασιλέων,
            οὐδʼ
            ᾠήθην δεῖν τοῖς μὲν ἐκ ταπεινοτέρας ποιήσασθαι τῶν παίδων τοὺς δʼ ἐκ σεμνοτέρας, οὐδὲ
            τοὺς
            μὲν νόθους αὐτῶν τοὺς δὲ γνησίους καταλιπεῖν, ἀλλὰ πάντας ἔχειν τὴν αὐτὴν φύσιν καὶ πρὸς
            πατρὸς καὶ πρὸς μητρὸς ἀνενεγκεῖν, τῶν μὲν θνητῶν εἰς Εὐαγόραν τὸν πατέρα, τῶν δʼ
            ἡμιθέων
            εἰς Αἰακίδας, τῶν δὲ θεῶν εἰς Δία, καὶ μηδένα τῶν ἐξ ἐμοῦ γενομένων ἀποστερηθῆναι ταύτης
            τῆς εὐγενείας. </p>
        </div>
        <div subtype="section" type="textpart" n="43">
          <p>πολλῶν δέ με προτρεπόντων ἐμμένειν τοῖς ἐπιτηδεύμασι τούτοις, οὐχ ἥκιστα κἀκεῖνο
            παρεκάλεσεν, ὅτι τῆς μὲν ἀνδρίας καὶ τῆς δεινότητος καὶ τῶν ἄλλων τῶν εὐδοκιμούντων
            ἑώρων
            καὶ τῶν κακῶν ἀνδρῶν πολλοὺς μετέχοντας, τὴν δὲ δικαιοσύνην καὶ σωφροσύνην ἴδια κτήματα
            τῶν καλῶν κἀγαθῶν ὄντα. κάλλιστον οὖν ὑπέλαβον, εἴ τις δύναιτο ταύταις ταῖς ἀρεταῖς
            προέχειν τῶν ἄλλων, ὧν οὐδὲν μέρος τοῖς πονηροῖς μέτεστιν, ἀλλὰ γνησιώταται καὶ
            βεβαιόταται καὶ μεγίστων ἐπαίνων ἄξιαι τυγχάνουσιν οὖσαι. </p>
        </div>
        <div subtype="section" type="textpart" n="44">
          <p>τούτων ἕνεκα καὶ ταῦτα διανοηθεὶς περιττοτέρως τῶν ἄλλων ἤσκησα τὴν σωφροσύνην καὶ
            προειλόμην τῶν ἡδονῶν οὐ τὰς ἐπὶ τοῖς ἔργοις τοῖς μηδεμίαν τιμὴν ἔχουσιν, ἀλλὰ τὰς ἐπὶ
            ταῖς δόξαις ταῖς διʼ ἀνδραγαθίαν γιγνομέναις. χρὴ δὲ δοκιμάζειν τὰς ἀρετὰς οὐκ ἐν ταῖς
            αὐταῖς ἰδέαις ἁπάσας, ἀλλὰ τὴν μὲν δικαιοσύνην ἐν ταῖς ἀπορίαις, τὴν δὲ σωφροσύνην ἐν
            ταῖς
            δυναστείαις, τὴν δʼ ἐγκράτειαν ἐν ταῖς τῶν νεωτέρων ἡλικίαις. </p>
        </div>
        <div subtype="section" type="textpart" n="45">
          <p>ἐγὼ τοίνυν ἐν πᾶσι τοῖς καιροῖς φανήσομαι πεῖραν τῆς ἐμαυτοῦ φύσεως δεδωκώς. ἐνδεὴς μέν
            γε χρημάτων καταλειφθεὶς οὕτω δίκαιον ἐμαυτὸν παρέσχον ὥστε μηδένα λυπῆσαι τῶν πολιτῶν·
            λαβὼν δʼ ἐξουσίαν ὥστε ποιεῖν ὅ τι ἂν βούλωμαι, σωφρονέστερος τῶν ἰδιωτῶν ἐγενόμην·
            τούτων
            δʼ ἀμφοτέρων ἐκράτησα ταύτην ἔχων τὴν ἡλικίαν, ἐν ᾗ τοὺς πλείστους ἂν εὕροιμεν πλεῖστα
            περὶ τὰς πράξεις ἐξαμαρτάνοντας. </p>
        </div>
        <div subtype="section" type="textpart" n="46">
          <p>καὶ ταῦτʼ ἐν ἑτέροις μὲν ἴσως ἂν ὤκνουν εἰπεῖν, οὐχ ὡς οὐ φιλοτιμούμενος ἐπὶ τοῖς
            πεπραγμένοις, ἀλλʼ ὡς οὐκ ἂν πιστευθεὶς ἐκ τῶν λεγομένων· ὑμεῖς δʼ αὐτοί μοι μάρτυρές
            ἐστε
            πάντων τῶν εἰρημένων· ἄξιον μὲν οὖν καὶ τοὺς φύσει κοσμίους ὄντας ἐπαινεῖν καὶ
            θαυμάζειν,
            ἔτι δὲ μᾶλλον καὶ τοὺς μετὰ λογισμοῦ τοιούτους ὄντας· </p>
        </div>
        <div subtype="section" type="textpart" n="47">
          <p> οἱ μὲν γὰρ τύχῃ καὶ μὴ γνώμῃ σωφρονοῦντες τυχὸν ἂν καὶ μεταπεισθεῖεν· οἱ δὲ πρὸς τῳ
            πεφυκέναι καὶ διεγνωκότες ὅτι μέγιστόν ἐστι τῶν ἀγαθῶν ἀρετή, δῆλον ὅτι πάντα τὸν βίον
            ἐν
            ταύτῃ τῇ τάξει διαμενοῦσιν.</p>
          <p>διὰ τοῦτο δὲ πλείους ἐποιησάμην τοὺς λόγους καὶ περὶ ἐμαυτοῦ καὶ περὶ τῶν ἄλλων τῶν
            προειρημένων, ἵνα μηδεμίαν ὑπολίπω πρόφασιν ὡς οὐ δεῖ ποιεῖν ὑμᾶς ἑκόντας καὶ προθύμως,
            ἅττʼ ἂν ἐγὼ συμβουλεύσω καὶ προστάξω. </p>
        </div>
        <div subtype="section" type="textpart" n="48">
          <p>φημὶ δὲ χρῆναι πράττειν ἕκαστον ὑμῶν, ἐφʼ οἷς ἐφέστηκεν, ἐπιμελῶς καὶ δικαίως· καθʼ
            ὁπότερον γὰρ ἂν ἐλλείπητε τούτων, ἀνάγκη κακῶς σχεῖν ταύτῃ τὰς πράξεις. μηδενὸς
            ὀλιγωρεῖτε
            μηδὲ καταφρονεῖτε τῶν προστεταγμένων, ὑπολαμβάνοντες ὡς οὐ παρὰ τοῦτʼ ἐστίν, ἀλλʼ ὡς
            παρʼ
            ἕκαστον τῶν μερῶν ἢ καλῶς ἢ κακῶς τὸ σύμπαν ἕξον, </p>
        </div>
        <div subtype="section" type="textpart" n="49">
          <p>οὕτω σπουδάζετε περὶ αὐτῶν. κήδεσθε μηδὲν ἧττον τῶν ἐμῶν ἢ τῶν ὑμετέρων αὐτῶν, καὶ μὴ
            νομίζετε μικρὸν ἀγαθὸν εἶναι τὰς τιμὰς ἃς ἔχουσιν οἱ καλῶς τῶν ἡμετέρων ἐπιστατοῦντες.
            ἀπέχεσθε τῶν ἀλλοτρίων, ἵνʼ ἀσφαλέστερον τοὺς οἴκους τοὺς ὑμετέρους αὐτῶν κεκτῆσθε.
            τοιούτους εἶναι χρὴ περὶ τοὺς ἄλλους, οἷόν περ ἐμὲ περὶ ὑμᾶς ἀξιοῦτε γίγνεσθαι. </p>
        </div>
        <div subtype="section" type="textpart" n="50">
          <p>μὴ σπεύδετε πλουτεῖν μᾶλλον ἢ χρηστοὶ δοκεῖν εἶναι, γιγνώσκοντες ὅτι καὶ τῶν Ἑλλήνων
            καὶ
            τῶν βαρβάρων οἱ μεγίστας ἐπʼ ἀρετῇ δόξας ἔχοντες πλείστων ἀγαθῶν δεσπόται καθίστανται.
            τοὺς χρηματισμοὺς τοὺς παρὰ τὸ δίκαιον γιγνομένους ἡγεῖσθε μὴ πλοῦτον ἀλλὰ κίνδυνον
            ποιήσειν. μὴ τὸ μὲν λαβεῖν κέρδος εἶναι νομίζετε, τὸ δʼ ἀναλῶσαι ζημίαν· οὐδέτερον γὰρ
            τούτων ἀεὶ τὴν αὐτὴν ἔχει δύναμιν, ἀλλʼ ὁπότερον ἂν ἐν καιρῷ καὶ μετʼ ἀρετῆς γίγνηται,
            τοῦτʼ ὠφελεῖ τοὺς ποιοῦντας. </p>
        </div>
        <div subtype="section" type="textpart" n="51">
          <p>μηδὲ πρὸς ἓν χαλεπῶς ἔχετε τῶν ὑπʼ ἐμοῦ προσταττομένων· ὅσοι γὰρ ἂν ὑμῶν περὶ πλεῖστα
            τῶν
            ἐμῶν χρησίμους αὑτοὺς παράσχωσιν, οὗτοι πλεῖστα τοὺς οἴκους τοὺς αὑτῶν ὠφελήσουσιν. ὅ τι
            ἂν ὑμῶν ἕκαστος αὐτὸς αὑτῷ τύχῃ συνειδώς, ἡγείσθω μηδʼ ἐμὲ λήσειν, ἀλλʼ ἐὰν καὶ τὸ σῶμα
            μὴ
            παρῇ, τὴν διάνοιαν τὴν ἐμὴν οἰέσθω τοῖς γιγνομένοις παρεστάναι· ταύτην γὰρ τὴν γνώμην
            ἔχοντες, σωφρονέστερον βουλεύσεσθε περὶ ἁπάντων. </p>
        </div>
        <div subtype="section" type="textpart" n="52">
          <p>μηδὲν ἀποκρύπτεσθε μήθʼ ὧν κέκτησθε μήθʼ ὧν ποιεῖτε μήθʼ ὧν μέλλετε πράττειν, εἰδότες
            ὅτι
            περὶ τὰ κεκρυμμένα τῶν πραγμάτων ἀναγκαῖόν ἐστι πολλοὺς φόβους γίγνεσθαι. μὴ τεχνικῶς
            ζητεῖτε πολιτεύεσθαι μηδʼ ἀφανῶς, ἀλλʼ οὕτως ἁπλῶς καὶ φανερῶς ὥστε μηδʼ ἄν τις βούληται
            ῥᾴδιον ὑμᾶς εἶναι διαβαλεῖν. δοκιμάζετε τὰς πράξεις, καὶ νομίζετε πονηρὰς μὲν ἃς
            πράττοντες λανθάνειν ἐμὲ βούλεσθε, χρηστὰς δὲ περὶ ὧν ἐγὼ μέλλω πυθόμενος βελτίους ὑμᾶς
            νομιεῖν. </p>
        </div>
        <div subtype="section" type="textpart" n="53">
          <p>μὴ κατασιωπᾶτε, ἄν τινας ὁρᾶτε περὶ τὴν ἀρχὴν τὴν ἐμὴν πονηροὺς ὄντας, ἀλλʼ ἐξελέγχετε,
            καὶ νομίζετε τῆς αὐτῆς ζημίας ἀξίους εἶναι τοὺς συγκρύπτοντας τοῖς ἁμαρτάνουσιν.
            εὐτυχεῖν
            νομίζετε μὴ τοὺς λανθάνοντας, ἐάν τι κακὸν ποιήσωσιν, ἀλλὰ τοὺς μηδὲν ἐξαμαρτάνοντας·
            τοὺς
            μὲν γὰρ εἰκὸς τοιαῦτα παθεῖν, οἷά περ αὐτοὶ ποιοῦσι, τοὺς δὲ χάριν ἀπολαβεῖν, ἧς ἄξιοι
            τυγχάνουσιν ὄντες. </p>
        </div>
        <div subtype="section" type="textpart" n="54">
          <p>ἑταιρείας μὴ ποιεῖσθε μηδὲ συνόδους ἄνευ τῆς ἐμῆς γνώμης· αἱ γὰρ τοιαῦται συστάσεις ἐν
            μὲν ταῖς ἄλλαις πολιτείαις πλεονεκτοῦσιν, ἐν δὲ ταῖς μοναρχίαις κινδυνεύουσιν. μὴ μόνον
            ἀπέχεσθε τῶν ἁμαρτημάτων, ἀλλὰ καὶ τῶν ἐπιτηδευμάτων τῶν τοιούτων ἐν οἷς ἀναγκαῖόν ἐστιν
            ὑποψίαν ἐγγίγνεσθαι. τὴν ἐμὴν φιλίαν ἀσφαλεστάτην καὶ βεβαιοτάτην εἶναι νομίζετε.
            διαφυλάττετε τὴν παροῦσαν κατάστασιν, </p>
        </div>
        <div subtype="section" type="textpart" n="55">
          <p>καὶ μηδεμιᾶς ἐπιθυμεῖτε μεταβολῆς, εἰδότες ὅτι διὰ τὰς ταραχὰς ἀναγκαῖόν ἐστι καὶ τὰς
            πόλεις ἀπόλλυσθαι καὶ τοὺς οἴκους τοὺς ἰδίους ἀναστάτους γίγνεσθαι. μὴ μόνον τὰς φύσεις
            αἰτίας νομίζετε τοῦ χαλεποὺς ἢ πράους εἶναι τοὺς τυράννους, ἀλλὰ καὶ τὸν τρόπον τὸν τῶν
            πολιτῶν· πολλοὶ γὰρ ἤδη διὰ τὴν τῶν ἀρχομένων κακίαν τραχύτερον ἢ κατὰ τὴν αὑτῶν γνώμην
            ἄρχειν ἠναγκάσθησαν. </p>
        </div>
        <div subtype="section" type="textpart" n="56">
          <p>θαρρεῖτε μὴ μᾶλλον διὰ τὴν πραότητα τὴν ἐμὴν ἢ διὰ τὴν ὑμετέραν αὐτῶν ἀρετήν. τὴν ἐμὴν
            ἀσφάλειαν ἄδειαν ὑμῖν αὐτοῖς εἶναι νομίζετε· καλῶς γὰρ τῶν περὶ ἐμὲ καθεστώτων τὸν αὐτὸν
            τρόπον καὶ τὰ περὶ ὑμᾶς ἕξει. ταπεινοὺς μὲν εἶναι χρὴ πρὸς τὴν ἀρχὴν τὴν ἐμήν,
            ἐμμένοντας
            τοῖς ἔθεσι καὶ διαφυλάττοντας τοὺς νόμους τοὺς βασιλικούς, λαμπροὺς δʼ ἐν ταῖς ὑπὲρ τῆς
            πόλεως λειτουργίαις καὶ τοῖς ἄλλοις τοῖς ὑπʼ ἐμοῦ προσταττομένοις. </p>
        </div>
        <div subtype="section" type="textpart" n="57">
          <p>προτρέπετε τοὺς νεωτέρους ἐπʼ ἀρετὴν μὴ μόνον παραινοῦντες, ἀλλὰ καὶ περὶ τὰς πράξεις
            ὑποδεικνύοντες αὐτοῖς οἵους εἶναι χρὴ τοὺς ἄνδρας τοὺς ἀγαθούς. διδάσκετε τοὺς παῖδας
            τοὺς ὑμετέρους αὐτῶν πειθαρχεῖν,<note resp="ed" xml:lang="en" anchored="true"><foreign
                xml:lang="greek">πειθαρχεῖν Γ· βασιλεύεσθαι</foreign>vulg.</note> καὶ περὶ τὴν
            παίδευσιν τὴν εἰρημένην<note resp="ed" xml:lang="en" anchored="true"><foreign
                xml:lang="greek">τὴν εἰρημένην Γ· τὴν τοιαύτην</foreign>vulg.</note> ἐθίζετʼ αὐτοὺς
            ὡς μάλιστα διατρίβειν· ἢν γὰρ καλῶς ἄρχεσθαι μάθωσι, πολλῶν ἄρχειν δυνήσονται, καὶ
            πιστοὶ μὲν ὄντες καὶ δίκαιοι μεθέξουσι τῶν ἡμετέρων ἀγαθῶν, κακοὶ δὲ γενόμενοι
            κινδυνεύσουσι περὶ τῶν ὑπαρχόντων. </p>
        </div>
        <div subtype="section" type="textpart" n="58">
          <p>μέγιστον ἡγεῖσθε καὶ βεβαιότατον τοῖς παισὶ πλοῦτον παραδώσειν, ἢν αὐτοῖς δύνησθε τὴν
            ἡμετέραν εὔνοιαν καταλείπειν. ἀθλιωτάτους ἡγεῖσθε καὶ δυστυχεστάτους, ὅσοι περὶ τοὺς
            πιστεύοντας ἄπιστοι γεγόνασιν· ἀνάγκη γὰρ τοὺς τοιούτους ἀθύμως ἔχοντας καὶ φοβουμένους
            ἅπαντα καὶ μηδὲν μᾶλλον πιστεύοντας τοῖς φίλοις ἢ τοῖς ἐχθροῖς τὸν ἐπίλοιπον χρόνον
            διάγειν. </p>
        </div>
        <div subtype="section" type="textpart" n="59">
          <p>ζηλοῦτε μὴ τοὺς πλεῖστα κεκτημένους, ἀλλὰ τοὺς μηδὲν κακὸν σφίσιν αὐτοῖς συνειδότας·
            μετὰ
            γὰρ τοιαύτης ψυχῆς ἥδιστʼ ἄν τις δύναιτο τὸν βίον διαγαγεῖν. μὴ τὴν κακίαν οἴεσθε
            δύνασθαι
            μὲν πλείω τῆς ἀρετῆς ὠφελεῖν, τὸ δʼ ὄνομα δυσχερέστερον ἔχειν, ἀλλʼ οἵων περ ὀνομάτων
            ἕκαστον τῶν πραγμάτων τετύχηκε, τοιαύτας ἡγεῖσθε καὶ τὰς δυνάμεις αὐτῶν εἶναι. </p>
        </div>
        <div subtype="section" type="textpart" n="60">
          <p>μὴ φθονεῖτε τοῖς παρʼ ἐμοὶ πρωτεύουσιν ἀλλʼ ἁμιλλᾶσθε, καὶ πειρᾶσθε χρηστοὺς ὑμᾶς
            αὐτοὺς
            παρέχοντες ἐξισοῦσθαι τοῖς προέχουσιν. φιλεῖν οἴεσθε δεῖν καὶ τιμᾶν οὕσπερ ἂν καὶ ὁ
            βασιλεύς, ἵνα καὶ παρʼ ἐμοῦ τυγχάνητε τῶν αὐτῶν τούτων. οἷά περ παρόντος μου λέγετε,
            τοιαῦτα καὶ περὶ ἀπόντος φρονεῖτε. </p>
        </div>
        <div subtype="section" type="textpart" n="61">
          <p>τὴν εὔνοιαν τὴν πρὸς ἡμᾶς ἐν τοῖς ἔργοις ἐνδείκνυσθε μᾶλλον ἢ ἐν τοῖς λόγοις. ἃ
            πάσχοντες
            ὑφʼ ἑτέρων ὀργίζεσθε, ταῦτα τοὺς ἄλλους μὴ ποιεῖτε. περὶ ὧν ἂν ἐν τοῖς λόγοις
            κατηγορῆτε,
            μηδὲν τούτων ἐν τοῖς ἔργοις ἐπιτηδεύετε. τοιαῦτα προσδοκᾶτε πράξειν, οἷʼ ἂν περὶ ἡμῶν
            διανοῆσθε. μὴ μόνον ἐπαινεῖτε τοὺς ἀγαθοὺς ἀλλὰ καὶ μιμεῖσθε. </p>
        </div>
        <div subtype="section" type="textpart" n="62">
          <p>τοὺς λόγους τοὺς ἐμοὺς νόμους εἶναι νομίζοντες πειρᾶσθε τούτοις ἐμμένειν, εἰδότες ὅτι
            τοῖς μάλιστα ποιοῦσιν ὑμῶν ἁγὼ βούλομαι, τάχιστα τούτοις ἐξέσται ζῆν ὡς αὐτοὶ βούλονται.
            κεφάλαιον δὲ τῶν εἰρημένων· οἵους περ τοὺς ὑφʼ ὑμῶν ἀρχομένους οἴεσθε δεῖν περὶ ὑμᾶς
            εἶναι, τοιούτους χρὴ καὶ περὶ τὴν ἀρχὴν τὴν ἐμὴν ὑμᾶς γίγνεσθαι. </p>
        </div>
        <div subtype="section" type="textpart" n="63">
          <p>καὶ ταῦτʼ ἂν ποιῆτε, τί δεῖ περὶ τῶν συμβησομένων μακρολογεῖν; ἢν γὰρ ἐγώ τε παρέχω
            τοιοῦτον ἐμαυτὸν οἷόν περ ἐν τῷ παρελθόντι χρόνῳ, καὶ τὰ παρʼ ὑμῶν ὑπηρετῆται, ταχέως
            ὄψεσθε καὶ τὸν βίον τὸν ὑμέτερον αὐτῶν ἐπιδεδωκότα καὶ τὴν ἀρχὴν τὴν ἐμὴν ηὐξημένην καὶ
            τὴν πόλιν εὐδαίμονα γεγενημένην. </p>
        </div>
        <div subtype="section" type="textpart" n="64">
          <p>ἄξιον μὲν οὖν τηλικούτων ἀγαθῶν ἕνεκα μηδὲν ἐλλείπειν, ἀλλὰ καὶ πόνους καὶ κινδύνους
            οὑστινασοῦν ὑπενεγκεῖν· ὑμῖν δʼ ἔξεστι μηδὲν ταλαιπωρηθεῖσιν, ἀλλὰ πιστοῖς μόνον καὶ
            δικαίοις οὖσιν, ἅπαντα ταῦτα διαπράξασθαι.</p>
        </div>
      </div>
    </body>
  </text>
</TEI>