<?xml version="1.0" encoding="UTF-8"?>
<?xml-model href="http://www.stoa.org/epidoc/schema/latest/tei-epidoc.rng" schematypens="http://relaxng.org/ns/structure/1.0"?>
<TEI xmlns="http://www.tei-c.org/ns/1.0">
  <teiHeader xml:lang="eng">
    <fileDesc>
      <titleStmt>
        <title xml:lang="grc">Encomio Elena</title>
        <author>Gorgias of Leontini</author>
        <editor>Friedrich Blass</editor>
        <principal>Gregory Crane</principal>
        <respStmt>
          <persName xml:id="DDD">Digital Divide Data</persName>
          <resp>Corrected and encoded the text</resp>
        </respStmt>
        <respStmt>
          <persName>Gregory Crane</persName>
          <resp>Editor-in-Chief, Perseus Digital Library</resp>
        </respStmt>
        <respStmt>
          <persName>Matt Munson</persName>
          <resp>Project Manager (University of Leipzig)</resp>
        </respStmt>
        <respStmt>
          <persName>Annette Gessner</persName>
          <resp>Project Assistant (University of Leipzig)</resp>
        </respStmt>
        <respStmt>
          <persName>Thibault Clérice</persName>
          <resp>Lead Developer (University of Leipzig)</resp>
        </respStmt>
        <respStmt>
          <persName>Bruce Robertson</persName>
          <resp>Technical Advisor</resp>
        </respStmt>
      </titleStmt>
      <publicationStmt>
        <publisher>Trustees of Tufts University</publisher>
        <pubPlace>Medford, MA</pubPlace>
        <authority>Perseus Project</authority>
        <availability>
          <licence target="https://creativecommons.org/licenses/by-sa/4.0/">Available under a
            Creative Commons Attribution-ShareAlike 4.0 International License</licence>
        </availability>
      </publicationStmt>
      <sourceDesc>
        <biblStruct>
          <monogr>
            <title type="m" xml:lang="lat">Antiphontis orationes et fragmenta</title>
            <title type="s" xml:lang="lat">adiunctis Gorgiae, Antisthenis, Alcidamantis
              declamationibus</title>
            <author ref="urn:cts:greekLit:tlg0593">Gorgias of Leontini</author>
            <editor>Friedrich Blass</editor>
            <imprint>
              <publisher>Teubner</publisher>
              <pubPlace>Leipzig</pubPlace>
              <date>1908</date>
            </imprint>
          </monogr>
          <ref target="https://archive.org/details/antiphontisorat01antigoog/page/n200/mode/2up">Internet
            Archive</ref>
        </biblStruct>

      </sourceDesc>
    </fileDesc>
    <encodingDesc>
      <refsDecl n="CTS">
        <cRefPattern n="section" matchPattern="(.+)"
          replacementPattern="#xpath(/tei:TEI/tei:text/tei:body/tei:div/tei:div[@n='$1'])" />
      </refsDecl>

    </encodingDesc>
    <profileDesc>
      <langUsage>
        <language ident="grc">Greek</language>
        <language ident="lat">Latin</language>
      </langUsage>
    </profileDesc>

    <revisionDesc>
      <change who="Thibault Clerice" when="2016-05-17">Changed refsDecl, added seg element for
        capitains scheme, added del to reflect [spurious text]</change>
    </revisionDesc>
  </teiHeader>


  <text>
    <body>
      <div type="edition" n="urn:cts:greekLit:tlg0593.1st1K001.1st1K-grc1" xml:lang="grc">
        <pb ed="alt" n="p. 91 R." />
        <head>ΓΟΡΓΙΟΥ ΕΛΕΝΗΣ ΕΓΚΩΜΙΟΝ.</head>
        <div type="textpart" subtype="section" n="1">
          <p>
            <seg n="1"> Κόσμος πόλει μὲν εὐανδρία, σώματι δὲ κάλλος, <pb ed="alt" n="679" /> ψυχῇ δὲ
              σοφία, πράγματι δὲ ἀρετή, λόγῳ δὲ ἀλήθεια· <pb xml:id="v.3.p.151" /> τὰ δ᾿ ἐναντία
              τούτων ἀκοσμία. ἄνδρα δὲ καὶ γυναῖκα καὶ λόγον καὶ ἔργον καὶ πόλιν καὶ πρᾶγμα χρὴ τὸ
              μὲν <pb ed="alt" n="680" /> ἄξιον ἐπαίνου ἐπαίνῳ τιμᾶν, τῷ δὲ ἀναξίῳ μῶμον ἐπιτιθέναι·
              ἴση γὰρ ἁμαρτία καὶ ἀμαθία μέμφεσθαί τε τὰ ἐπαινετὰ καὶ ἐπαινεῖν τὰ μωμητά.</seg>
          </p>

        </div>
        <div type="textpart" subtype="section" n="2">
          <p>
            <seg n="2">τοῦ δ᾿ αὐτοῦ ἀνδρὸς λέξαι τε τὸ δέον ὀρθῶς καὶ ἐλέγξαι . . . . . . <add>
              ἐλέγξαι</add> τοὺς μεμφομένους Ἑλένην, γυναῖκα περὶ ἧς ὁμόφωνος καὶ ὁμόψηφος γέγονεν ἥ
              τε τῶν ποιητῶν . . . . <add>ἥ τε τῶν</add> ἀκουσάντων πίστις, ἥ τε τοῦ ὀνόματος φήμη
              τῶν συμφορῶν μνήμη γέγονεν. ἐγὼ δὲ βούλομαι λογισμόν τινα τῷ λόγῳ δοὺς τὴν μὲν κακῶς
              ἀκούουσαν παῦσαι τῆς αἰτίας, τοὺς δὲ μεμφομένους ψευδομένους ἐπιδείξας καὶ δείξας
              τἀληθὲς παῦσαι τῆς ἀμαθίας.</seg>
          </p>

        </div>
        <div type="textpart" subtype="section" n="3">
          <p>
            <seg n="3">Ὅτι μὲν οὖν φύσει καὶ γένει τὰ πρῶτα τῶν πρώτων ἀνδρῶν καὶ γυναικῶν ἡ γυνὴ
              περὶ ἧς ὅδε ὁ λόγος, <pb xml:id="v.3.p.152" /> οὐκ ἄδηλον οὐδ᾿ ὀλίγοις. δῆλον γὰρ ὡς
              μητρὸς μὲν Λήδας, πατρὸς δὲ τοῦ μὲν γενομένου θεοῦ, λεγομένου δὲ θνητοῦ, Τυνδάρεω καὶ
              Διός, ὧν ὁ μὲν διὰ τὸ εἶναι ἔδοξεν, ὁ δὲ διὰ τὸ φάναι ἐλέχθη, καὶ ἦν ὁ μὲν ἀνδρῶν
              κράτιστος, ὁ δὲ πάντων τύραννος.</seg>
          </p>
        </div>
        <div type="textpart" subtype="section" n="4">
          <p>
            <seg n="4">ἐκ τοιούτων δὲ γενομένη ἔσχε τὸ ἰσόθεον κάλλος, ὃ λαβοῦσα [καὶ] οὐ λαθοῦσα
              ἔσχε, πλείστας δὲ πλείστοις ἐπιθυμίας ἔρωτος ἐνειργάσατο, ἑνὶ δὲ σώματι πολλὰ σώματα
              συνήγαγεν ἀνδρῶν ἐπὶ μεγάλοις μεγάλα φρονούντων, ὧν οἱ μὲν πλούτου μεγέθη, οἱ δὲ
              εὐγενείας παλαιᾶς εὐδοξίαν, οἱ δὲ ἀλκῆς οἰκείας εὐεξίαν, οἱ δὲ σοφίας ἐπικτήτου
              δύναμιν ἔσχον, καὶ ἧκον ἅπαντες ὑπ᾿ ἔρωτός τε φιλονίκου φιλοτιμίας τε ἀνικήτου.
            </seg>
          </p>
        </div>
        <div type="textpart" subtype="section" n="5">
          <p>
            <seg n="5">ὅστις μὲν οὖν καὶ δι᾿ ὅ τι καὶ ὅπως ἀπέπλησε τὸν ἔρωτα τὴν Ἑλένην λαβών, οὐ
              λέξω· τὸ γὰρ τοῖς εἰδόσιν ἃ ἴσασι λέγειν πίστιν μὲν ἔχει, τέρψιν δὲ οὐ φέρει. τὸν
              χρόνον δὲ τῷ λόγῳ τὸν τότε <add>τῷ</add> νῦν ὑπερβὰς ἐπὶ τὴν ἀρχὴν τοῦ μέλλοντος λόγου
              προβήσομαι, καὶ προθήσομαι τὰς αἰτίας δι᾿ ἃς εἰκὸς ἦν γενέσθαι τὸν τῆς Ἑλένης εἰς τὴν
              Τροίαν στόλον.</seg>
          </p>
          <p />
        </div>
        <div type="textpart" subtype="section" n="6">
          <p>
            <seg n="6">Ἢ γὰρ τύχης βουλήμασι καὶ θεῶν βουλεύμασι καὶ <pb xml:id="v.3.p.153" />
              ἀνάγκης ψηφίσμασιν <pb ed="alt" n="681" /> ἔπραξεν ἃ ἔπραξεν, ἢ βίᾳ ἁρπασθεῖσα, ἢ
              λόγοις πεισθεῖσα, ἢ ἔρωτι ἁλοῦσα. Εἰ μὲν οὖν διὰ τὸ πρῶτον, ἄξιος αἰτιᾶσθαι ὁ
              αἰτιώμενος· θεοῦ γὰρ προθυμίαν ἀνθρωπίνῃ προμηθείᾳ ἀδύνατον κωλύειν. πέφυκε γὰρ οὐ τὸ
              κρεῖσσον ὑπὸ τοῦ ἥσσονος κωλύεσθαι, ἀλλὰ τὸ ἧσσον ὑπὸ τοῦ κρείσσονος ἄρχεσθαι καὶ
              ἄγεσθαι, καὶ τὸ μὲν κρεῖσσον ἡγεῖσθαι, τὸ δὲ ἧσσον ἕπεσθαι. θεὸς δ᾿ ἀνθρώπου κρεῖσσον
              καὶ βίᾳ καὶ σοφίᾳ καὶ τοῖς ἄλλοις. εἰ οὖν τῇ τύχῃ καὶ τῷ θεῷ τὴν αἰτίαν ἀναθετέον, τὴν
              Ἑλένην τῆς δυσκλείας ἀπολυτέον.</seg>
          </p>
          <p />
        </div>
        <div type="textpart" subtype="section" n="7">
          <p>
            <seg n="7">Εἰ δὲ βίᾳ ἡρπάσθη καὶ ἀνόμως ἐβιάσθη καὶ ἀδίκως ὑβρίσθη, δῆλον ὅτι ὁ <add>μὲν</add>
              ἁρπάσας ὡς ὑβρίσας ἠδίκησεν, ἡ δὲ ἁρπασθεῖσα ὡς ὑβρισθεῖσα ἐδυστύχησεν. ἄξιος οὖν ὁ
              μὲν ἐπιχειρήσας βάρβαρος βάρβαρον ἐπιχείρημα καὶ λόγῳ καὶ νόμῳ καὶ ἔργῳ λόγῳ μὲν
              αἰτίας, νόμῳ δ᾿ ἀτιμίας, ἔργῳ δὲ ζημίας τυχεῖν· ἡ δὲ βιασθεῖσα καὶ τῆς πατρίδος
              στερηθεῖσα καὶ τῶν φίλων ὀρφανισθεῖσα πῶς οὐκ ἂν εἰκότως ἐλεηθείη μᾶλλον ἢ
              κακολογηθείη; ὁ μὲν γὰρ ἔδρασε δεινά, <pb xml:id="v.3.p.154" /> ἡ δὲ ἔπαθεν· δίκαιον
              οὖν τὴν μὲν οἰκτῖραι, τὸν δὲ μισῆσαι.</seg>
          </p>
          <p />
        </div>
        <div type="textpart" subtype="section" n="8">
          <p>
            <seg n="8"> Εἰ δὲ λόγος ὁ πείσας καὶ τὴν ψυχὴν ἀπατήσας, οὐδὲ πρὸς τοῦτο χαλεπὸν
              ἀπολογήσασθαι καὶ τὴν αἰτίαν ἀπολύσασθαι, ὧδε. λόγος δυνάστης μέγας ἐστίν, ὃς
              σμικροτάτῳ σώματι καὶ ἀφανεστάτῳ θειότατα ἔργα ἀποτελεῖ· δύναται γὰρ καὶ φόβον παῦσαι
              καὶ λύπην ἀφελεῖν καὶ χαρὰν ἐνεργάσασθαι καὶ ἔλεον ἐπαυξῆσαι. ταῦτα δὲ ὡς οὕτως ἔχει
              δείξω· </seg>
          </p>
        </div>
        <div type="textpart" subtype="section" n="9">
          <p>
            <seg n="9">δεῖ δὲ καὶ δεῖξαι καὶ δόξαι τοῖς ἀκούουσιν. τὴν ποίησιν ἅπασαν καὶ νομίζω καὶ
              ὀνομάζω λόγον ἔχοντα μέτρον· ἧς τοὺς ἀκούοντας εἰσῆλθε καὶ φρίκη περίφοβος καὶ ἔλεος
              πολύδακρυς καὶ πόθος φιλοπενθής, ἐπ᾿ ἀλλοτρίων τε πραγμάτων καὶ σωμάτων εὐπραγίαις καὶ
              δυσπραγίαις ἴδιόν τι πάθημα διὰ τῶν λόγων ἔπαθεν ἡ ψυχή. φέρε δὴ πρὸς ἄλλον ἀπ᾿ ἄλλου
              μεταστῶ <pb ed="alt" n="682" />
              <add>λόγου</add> λόγον.</seg>
          </p>
        </div>
        <div type="textpart" subtype="section" n="10">
          <p>
            <seg n="10">αἱ γὰρ ἔνθεοι διὰ λόγων ἐπῳδαὶ ἐπαγωγοὶ ἡδονῆς, ἀπαγωγοὶ λύπης γίγνονται·
              συγγιγνομένη γὰρ τῇ δόξῃ τῆς ψυχῆς ἡ δύναμις τῆς ἐπῳδῆς ἔθελξε καὶ ἔπεισε καὶ
              μετέστησεν αὐτὴν γοητείᾳ. γοητείας δὲ καὶ μαγείας δισσαὶ τέχναι <pb xml:id="v.3.p.155" />
              ηὕρηνται, αἵ εἰσι ψυχῆς ἁμαρτήματα καὶ δόξης ἀπατήματα.</seg>
          </p>
        </div>
        <div type="textpart" subtype="section" n="11">
          <p>
            <seg n="11">ὅσοι δὲ ὅσους περὶ ὅσων καὶ ἔπεισαν καὶ πείσουσι δὲ ψευδῆ λόγον πλάσαντες!
              εἰ μὲν γὰρ πάντες περὶ πάντων εἶχον τῶν <add>τε</add> παροιχομένων μνήμην τῶν τε
              παρόντων <add>ἔννοιαν</add> τῶν τε μελλόντων πρόνοιαν, οὐκ ἂν ὁμοίως ὅμοιος ὢν ὁ λόγος
              ἠπάτα· νῦν δὲ οὔτε μνησθῆναι τὸ παροιχόμενον οὔτε σκέψασθαι τὸ παρὸν οὔτε μαντεύσασθαι
              τὸ μέλλον εὐπόρως ἔχει, ὥστε περὶ τῶν πλείστων οἱ πλεῖστοι τὴν δόξαν σύμβουλον τῇ ψυχῇ
              παρέχονται. ἡ δὲ δόξα σφαλερὰ καὶ ἀβέβαιος οὖσα σφαλεραῖς καὶ ἀβεβαίοις τύχαις
              περιβάλλει τοὺς αὐτῇ χρωμένους.</seg>
          </p>
        </div>
        <div type="textpart" subtype="section" n="12">
          <p>
            <seg n="12">τίς οὖν αἰτία κωλύει καὶ τὴν Ἑλένην ὕμνος ἦλθεν ὁμοίως ἂν οὐ νέαν οὖσαν
              ὥσπερ εἰ βιατήριον βίᾳ ἡρπάσθη. τὸ γὰρ τῆς πειθοῦς ἐξῆν ὁ δὲ νοῦς καίτοι εἰ ἀνάγκη ὁ
              εἰδὼς ἕξει μὲν οὖν, <pb xml:id="v.3.p.156" /> τὴν δὲ δύναμιν τὴν αὐτὴν ἔχει. λόγος γὰρ
              ψυχὴν ὁ πείσας, ἣν ἔπεισεν; ἠνάγκασε καὶ πιθέσθαι τοῖς λεγομένοις καὶ συναινέσαι τοῖς
              ποιουμένοις. ὁ μὲν οὖν πείσας ὡς ἀναγκάσας ἀδικεῖ, ἡ δὲ πεισθεῖσα ὡς ἀναγκασθεῖσα τῷ
              λόγῳ μάτην ἀκούει κακῶς. </seg>
          </p>
        </div>
        <div type="textpart" subtype="section" n="13">
          <p>
            <seg n="13">ὅτι δ᾿ ἡ πειθὼ προσοῦσα τῷ λόγῳ καὶ τὴν ψυχὴν ἐτυπώσατο ὅπως ἐβούλετο, χρὴ
              μαθεῖν πρῶτον μὲν τοὺς τῶν μετεωρολόγων λόγους, οἵτινες δόξαν ἀντὶ δόξης τὴν μὲν
              ἀφελόμενοι τὴν δ᾿ ἐνεργασάμενοι τὰ ἄπιστα καὶ ἄδηλα φαίνεσθαι τοῖς τῆς δόξης ὄμμασιν
              ἐποίησαν· δεύτερον δὲ τοὺς ἀναγκαίους διὰ λόγων ἀγῶνας, ἐν οἷς εἷς λόγος πολὺν ὄχλον
              ἔτερψε καὶ ἔπεισε τέχνῃ γραφείς, οὐκ ἀληθείᾳ λεχθείς· τρίτον φιλοσόφων λόγων ἁμίλλας,
              ἐν αἷς <pb ed="alt" n="683" /> δείκνυται καὶ γνώμης τάχος <add>καὶ . . . . . </add> ὡς
              εὐμετάβολον ποιοῦσι τὴν τῆς δόξης πίστιν. </seg>
          </p>
        </div>
        <div type="textpart" subtype="section" n="14">
          <p>
            <seg n="14">τὸν αὐτὸν δὲ λόγον ἔχει ἥ τε τοῦ λόγου δύναμις πρὸς τὴν τῆς ψυχῆς τάξιν ἥ τε
              τῶν φαρμάκων τάξις πρὸς τὴν τῶν σωμάτων φύσιν. ὥσπερ γὰρ τῶν φαρμάκων ἄλλους ἄλλα
              χυμοὺς ἐκ τοῦ σώματος ἐξάγει, καὶ τὰ μὲν νόσου <pb xml:id="v.3.p.157" /> τὰ δὲ βίου
              παύει, οὕτω καὶ τῶν λόγων οἱ μὲν ἐλύπησαν, οἱ δὲ ἔτερψαν, οἱ δὲ ἐφόβησαν, οἱ δὲ εἰς
              θάρσος κατέστησαν τοὺς ἀκούοντας, οἱ δὲ πειθοῖ τινι κακῇ τὴν ψυχὴν ἐφαρμάκευσαν καὶ
              ἐξεγοήτευσαν.</seg>
          </p>
        </div>
        <div type="textpart" subtype="section" n="15">
          <p>
            <seg n="15">Καὶ ὅτι μέν, εἰ λόγῳ ἐπείσθη, οὐκ ἠδίκησεν ἀλλ᾿ ἠτύχησεν, εἴρηται· τὴν δὲ
              τετάρτην αἰτίαν τῷ τετάρτῳ λόγῳ διέξειμι. εἰ γὰρ ἔρως ἦν ὁ ταῦτα πάντα πράξας, οὐ
              χαλεπῶς διαφεύξεται τὴν τῆς λεγομένης γεγονέναι ἁμαρτίας αἰτίαν. ἃ γὰρ ὁρῶμεν, ἔχει
              φύσιν οὐχ ἣν ἡμεῖς θέλομεν ἀλλ᾿ ἣν ἕκαστον ἔτυχε· διὰ δὲ τῆς ὄψεως ἡ ψυχὴ κἀν τοῖς
              τρόποις τυποῦται.</seg>
          </p>
        </div>
        <div type="textpart" subtype="section" n="16">
          <p>
            <seg n="16">αὐτίκα γὰρ ὅταν πολέμια σώματα <del>καὶ</del> πολέμιον ἐπὶ πολεμίοις ὁπλισθῇ
              κόσμον χαλκοῦ καὶ σιδήρου, τοῦ μὲν ἀλεξητήριον τοῦ δὲ προβλήματα, εὐθέως ἡ ὄψις
              ἐταράχθη καὶ ἐτάραξε τὴν ψυχήν, ὥστε πολλάκις τοῦ κινδύνου μέλλοντος <del>ὄντος</del>
              φεύγουσιν ἐκπλαγέντες ἰσχυρῶς· ἡ γὰρ ἀλήθεια τοῦ νόμου διὰ τὸν φόβον ἐξῳκίσθη τὸν ἀπὸ
              τῆς ὄψεως, ἥτις ἐλθοῦσα ἐποίησεν ἀμελῆσαι καὶ τοῦ καλοῦ τοῦ διὰ τὸν νόμον κρινομένου
              καὶ τοῦ ἀγαθοῦ τοῦ διὰ τὴν <pb xml:id="v.3.p.158" /> νίκην γιγνομένου.</seg>
          </p>
        </div>
        <div type="textpart" subtype="section" n="17">
          <p>
            <seg n="17">ἤδη δέ τινες ἰδόντες φοβερὰ καὶ τοῦ παρόντος ἐν τῷ παρόντι χρόνῳ φρονήματος
              ἐξέστησαν· οὕτως ἀπέσβεσε καὶ ἐξήλασεν ὁ φόβος τὸ νόημα. πολλοὶ δὲ καὶ ματαίοις πόνοις
              καὶ δειναῖς νόσοις καὶ δυσιάτοις μανίαις περιέπεσον· οὕτως εἰκόνας τῶν ὁρωμένων
              πραγμάτων ἡ ὄψις ἐνέγραψεν ἐν τῷ φρονήματι. καὶ τὰ μὲν δειματοῦντα <pb ed="alt"
                n="684" /> πολλὰ μὲν παραλείπεται, ὅμοια δ᾿ ἐστὶ τὰ παραλειπόμενα οἷάπερ τὰ
              λεγόμενα.</seg>
          </p>
        </div>
        <div type="textpart" subtype="section" n="18">
          <p>
            <seg n="18">ἀλλὰ μὴν οἱ γραφεῖς ὅταν ἐκ πολλῶν χρωμάτων καὶ σωμάτων ἓν σῶμα καὶ σχῆμα
              τελείως ἀπεργάσωνται, τέρπουσι τὴν ὄψιν. ἡ δὲ τῶν ἀνδριάντων ποίησις καὶ ἡ τῶν
              ἀγαλμάτων ἐργασία ὅσην ἡδονὴν παρέσχετο τοῖς ὄμμασιν! οὕτω τὰ μὲν λυπεῖν τὰ δὲ ποθεῖν <add>
              ποιεῖν</add> πέφυκε τὴν ὄψιν. πολλὰ δὲ πολλοῖς πολλῶν ἔρωτα καὶ πόθον ἐνεργάζεται
              πραγμάτων καὶ σωμάτων.</seg>
          </p>
        </div>
        <div type="textpart" subtype="section" n="19">
          <p>
            <seg n="19">εἰ οὖν τῷ τοῦ Ἀλεξάνδρου σώματι τὸ τῆς Ἑλένης ὄμμα ἡσθὲν προθυμίαν καὶ
              ἅμιλλαν ἔρωτος τῇ ψυχῇ παρέδωκε, τί θαυμαστόν; ὃς εἰ μὲν θεὸς <add>ὢν ἔχει</add> θεῶν
              θείαν δύναμιν, <pb xml:id="v.3.p.159" /> πῶς ἂν ὁ ἥσσων εἴη τοῦτον ἀπώσασθαι καὶ
              ἀμύνασθαι δυνατός; εἰ δ᾿ ἐστὶν ἀνθρώπινον νόσημα καὶ ψυχῆς ἀγνόημα, οὐχ ὡς ἁμάρτημα
              μεμπτέον ἀλλ᾿ ὡς ἀτύχημα νομιστέον· ἦλθε γὰρ οἷς ἦλθε τύχης ἀγρεύμασιν, οὐ γνώμης
              βουλεύμασι, καὶ ἔρωτος ἀνάγκαις, οὐ τέχνης παρασκευαῖς.</seg>
          </p>
          <p />
        </div>
        <div type="textpart" subtype="section" n="20">
          <p>
            <seg n="20">Πῶς οὖν χρὴ δίκαιον ἡγήσασθαι τὸν τῆς· Ἑλένης μῶμον, ἥτις εἴτ᾿ ἐρασθεῖσα
              εἴτε λόγῳ πεισθεῖσα εἴτε βίᾳ ἁρπασθεῖσα εἴτε ὑπὸ θείας ἀνάγκης ἀναγκασθεῖσα ἔπραξεν ἃ
              ἔπραξε, πάντως διαφεύγει τὴν αἰτίαν;</seg>
          </p>
          <p />
        </div>
        <div type="textpart" subtype="section" n="21">
          <p>
            <seg n="21">Ἀφεῖλον τῷ λόγῳ δύσκλειαν γυναικός, ἐνέμεινα τῷ νόμῳ ὃν ἐθέμην ἐν ἀρχῇ τοῦ
              λόγου, ἐπειράθην καταλῦσαι μώμου ἀδικίαν καὶ δόξης ἀμαθίαν, ἐβουλήθην γράψαι τὸν λόγον
              Ἑλένης μὲν ἐγκώμιον, ἐμὸν δὲ παίγνιον.</seg>
          </p>
        </div>
      </div>
    </body>
  </text>
</TEI>